INCIDENT_NUMBER,OFFENSE_CODE,OFFENSE_CODE_GROUP,OFFENSE_DESCRIPTION,DISTRICT,REPORTING_AREA,SHOOTING,OCCURRED_ON_DATE,YEAR,MONTH,DAY_OF_WEEK,HOUR,UCR_PART,STREET,Lat,Long,SHOOTING_FLAG,Lat_Clean,Long_Clean,Lat_Missing_Flag,Long_Missing_Flag,TIME_OF_DAY,IS_WEEKEND,CRIME_SEVERITY,SEASON,QUARTER,DAY_NUMBER,OFFENSE_CATEGORY,HIGH_RISK_HOUR,DISTRICT_Index,TIME_OF_DAY_Index,SEASON_Index,OFFENSE_CATEGORY_Index,UCR_PART_Index
I182007254,413,Aggravated Assault,ASSAULT - AGGRAVATED - BATTERY,B3,448,Y,2018-01-28T01:23:00.000-05:00,2018,1,Sunday,1,Part One,MILLET ST,42.29368748,-71.07692422,1,42.29368748,-71.07692422,0,0,Night,1,3,Winter,1,7,Violent,1,2.0,0.0,3.0,3.0,2.0
I162086460,413,Aggravated Assault,ASSAULT - AGGRAVATED - BATTERY,B3,444,Y,2016-10-22T00:52:00.000-04:00,2016,10,Saturday,0,Part One,ABBOT ST,42.29686162,-71.08584183,1,42.29686162,-71.08584183,0,0,Night,1,3,Fall,4,6,Violent,1,2.0,0.0,2.0,3.0,2.0
I182003609,413,Aggravated Assault,ASSAULT - AGGRAVATED - BATTERY,D4,903,Y,2018-01-14T10:57:00.000-05:00,2018,1,Sunday,10,Part One,SHAWMUT AVE,42.33543394,-71.08076738,1,42.33543394,-71.08076738,0,0,Morning,1,3,Winter,1,7,Violent,0,3.0,3.0,3.0,3.0,2.0
I172081805,3114,Investigate Property,INVESTIGATE PROPERTY,D4,"",,2017-09-30T10:00:00.000-04:00,2017,9,Saturday,10,Part Three,COLUMBUS AVE,,,0,42.18246397604247,-70.85870749757449,1,1,Morning,1,1,Fall,3,6,Other,0,3.0,3.0,2.0,0.0,0.0
I162027890,3410,Towed,TOWED MOTOR VEHICLE,B2,"",,2016-04-11T02:58:00.000-04:00,2016,4,Monday,2,Part Three,UNKNOWN,,,0,42.18246397604247,-70.85870749757449,1,1,Night,0,1,Spring,2,1,Other,1,0.0,0.0,1.0,0.0,0.0
I172031593,3802,Motor Vehicle Accident Response,M/V ACCIDENT - PROPERTY  DAMAGE,B3,435,,2017-04-23T13:03:00.000-04:00,2017,4,Sunday,13,Part Three,TORREY ST,42.28696842,-71.07510066,0,42.28696842,-71.07510066,0,0,Afternoon,1,1,Spring,2,7,Traffic,0,2.0,2.0,1.0,2.0,0.0
I182013947,2007,Restraining Order Violations,VIOL. OF RESTRAINING ORDER W NO ARREST,B2,328,,2018-02-22T07:53:00.000-05:00,2018,2,Thursday,7,Part Two,GREENHEYS ST,42.31150724,-71.07466948,0,42.31150724,-71.07466948,0,0,Morning,0,2,Winter,1,4,Other,0,0.0,3.0,3.0,0.0,1.0
I162063500,616,Larceny,LARCENY THEFT OF BICYCLE,B2,316,,2016-08-07T18:28:00.000-04:00,2016,8,Sunday,18,Part One,WALNUT AVE,42.31681126,-71.09283155,0,42.31681126,-71.09283155,0,0,Evening,1,3,Summer,3,7,Property,0,0.0,1.0,0.0,1.0,2.0
I182055475,3801,Motor Vehicle Accident Response,M/V ACCIDENT - OTHER,E18,523,,2018-07-14T15:48:00.000-04:00,2018,7,Saturday,15,Part Three,HYDE PARK AVE,42.24260011,-71.13035022,0,42.24260011,-71.13035022,0,0,Afternoon,1,1,Summer,3,6,Traffic,0,7.0,2.0,0.0,2.0,0.0
I172086814,3115,Investigate Person,INVESTIGATE PERSON,B3,455,,2017-10-17T21:00:00.000-04:00,2017,10,Tuesday,21,Part Three,NORWELL ST,42.30132851,-71.07870873,0,42.30132851,-71.07870873,0,0,Night,0,1,Fall,4,2,Other,0,2.0,0.0,2.0,0.0,0.0
I172098910,2907,Violations,VAL - OPERATING AFTER REV/SUSP.,B3,439,,2017-11-28T16:37:00.000-05:00,2017,11,Tuesday,16,Part Two,BLUE HILL AVE,,,0,42.18246397604247,-70.85870749757449,1,1,Afternoon,0,2,Fall,4,2,Other,0,2.0,2.0,2.0,0.0,1.0
I172096408,617,Larceny,LARCENY THEFT FROM BUILDING,B2,327,,2017-11-18T19:53:00.000-05:00,2017,11,Saturday,19,Part One,WAYLAND ST,42.31368925,-71.0742708,0,42.31368925,-71.0742708,0,0,Evening,1,3,Fall,4,6,Property,0,0.0,1.0,2.0,1.0,2.0
I172074149,3803,Motor Vehicle Accident Response,M/V ACCIDENT - PERSONAL INJURY,C11,"",,2017-09-07T12:05:00.000-04:00,2017,9,Thursday,12,Part Three,RIVER ST,,,0,42.18246397604247,-70.85870749757449,1,1,Afternoon,0,1,Fall,3,4,Traffic,0,1.0,2.0,2.0,2.0,0.0
I162015764,3301,Verbal Disputes,VERBAL DISPUTE,C11,462,,2016-02-28T09:18:00.000-05:00,2016,2,Sunday,9,Part Three,FERNBORO ST,42.31129587,-71.07728269,0,42.31129587,-71.07728269,0,0,Morning,1,1,Winter,1,7,Other,0,1.0,3.0,3.0,0.0,0.0
I172028482,3001,Medical Assistance,DEATH INVESTIGATION,D14,814,,2017-04-12T14:17:00.000-04:00,2017,4,Wednesday,14,Part Three,HOPEDALE ST,42.35970705,-71.12673506,0,42.35970705,-71.12673506,0,0,Afternoon,0,1,Spring,2,3,Other,0,8.0,2.0,1.0,0.0,0.0
I182030889,3802,Motor Vehicle Accident Response,M/V ACCIDENT - PROPERTY  DAMAGE,E18,492,,2018-04-25T09:49:00.000-04:00,2018,4,Wednesday,9,Part Three,SAFFORD ST,42.26649016,-71.11462926,0,42.26649016,-71.11462926,0,0,Morning,0,1,Spring,2,3,Traffic,0,7.0,3.0,1.0,2.0,0.0
I162053306,1402,Vandalism,VANDALISM,C11,337,,2016-07-04T16:00:00.000-04:00,2016,7,Monday,16,Part Two,BEECHWOOD ST,42.30524412,-71.074838,0,42.30524412,-71.074838,0,0,Afternoon,0,2,Summer,3,1,Property,0,1.0,2.0,0.0,1.0,1.0
I172029299,3301,Verbal Disputes,VERBAL DISPUTE,C11,344,,2017-04-15T06:42:00.000-04:00,2017,4,Saturday,6,Part Three,CORONA ST,42.30146198,-71.0689596,0,42.30146198,-71.0689596,0,0,Morning,1,1,Spring,2,6,Other,0,1.0,3.0,1.0,0.0,0.0
I182027098,3114,Investigate Property,INVESTIGATE PROPERTY,A1,117,,2018-04-11T13:00:00.000-04:00,2018,4,Wednesday,13,Part Three,ESSEX ST,42.35246671,-71.06167002,0,42.35246671,-71.06167002,0,0,Afternoon,0,1,Spring,2,3,Other,0,4.0,2.0,1.0,0.0,0.0
I172071640,2629,Harassment,HARASSMENT,C6,936,,2017-08-29T22:13:00.000-04:00,2017,8,Tuesday,22,Part Two,CROWLEY-ROGERS WAY,42.33985505,-71.05439202,0,42.33985505,-71.05439202,0,0,Night,0,2,Summer,3,2,Other,1,5.0,0.0,0.0,0.0,1.0
I162089196,2905,Violations,VAL - OPERATING WITHOUT LICENSE,A1,118,,2016-10-31T17:17:00.000-04:00,2016,10,Monday,17,Part Two,CHARLES ST S,42.35094628,-71.06685604,0,42.35094628,-71.06685604,0,0,Evening,0,2,Fall,4,1,Other,0,4.0,1.0,2.0,0.0,1.0
I172027893,3831,Motor Vehicle Accident Response,M/V - LEAVING SCENE - PROPERTY DAMAGE,B2,263,,2017-04-10T15:40:00.000-04:00,2017,4,Monday,15,Part Three,BLUE HILL AVE,42.3247019,-71.07542683,0,42.3247019,-71.07542683,0,0,Afternoon,0,1,Spring,2,1,Traffic,0,0.0,2.0,1.0,2.0,0.0
I162012698,614,Larceny From Motor Vehicle,LARCENY THEFT FROM MV - NON-ACCESSORY,C11,356,,2016-02-17T13:54:00.000-05:00,2016,2,Wednesday,13,Part One,CHARLES ST,42.29990887,-71.06424768,0,42.29990887,-71.06424768,0,0,Afternoon,0,3,Winter,1,3,Property,0,1.0,2.0,3.0,1.0,2.0
I182023943,1849,Drug Violation,"DRUGS - POSS CLASS B - COCAINE, ETC.",C6,175,,2018-03-31T19:30:00.000-04:00,2018,3,Saturday,19,Part Two,ATKINSON ST,42.33189752,-71.06908191,0,42.33189752,-71.06908191,0,0,Evening,1,2,Spring,1,6,Drug,0,5.0,1.0,1.0,4.0,1.0
I182015841,3114,Investigate Property,INVESTIGATE PROPERTY,B2,288,,2018-03-01T08:10:00.000-05:00,2018,3,Thursday,8,Part Three,MALCOLM X BLVD,42.33056715,-71.08806813,0,42.33056715,-71.08806813,0,0,Morning,0,1,Spring,1,4,Other,0,0.0,3.0,1.0,0.0,0.0
I162074587,3301,Verbal Disputes,VERBAL DISPUTE,B3,408,,2016-09-12T23:13:00.000-04:00,2016,9,Monday,23,Part Three,RIVER ST,42.27139899,-71.07353483,0,42.27139899,-71.07353483,0,0,Night,0,1,Fall,3,1,Other,1,2.0,0.0,2.0,0.0,0.0
I172005480,1402,Vandalism,VANDALISM,D4,150,,2017-01-21T03:00:00.000-05:00,2017,1,Saturday,3,Part Two,DARTMOUTH ST,42.34532565,-71.07497385,0,42.34532565,-71.07497385,0,0,Night,1,2,Winter,1,6,Property,1,3.0,0.0,3.0,1.0,1.0
I182015759,1810,Drug Violation,DRUGS - SALE / MANUFACTURING,B2,282,,2018-02-28T21:02:00.000-05:00,2018,2,Wednesday,21,Part Two,WASHINGTON ST,42.32866284,-71.08563401,0,42.32866284,-71.08563401,0,0,Night,0,2,Winter,1,3,Drug,0,0.0,0.0,3.0,4.0,1.0
I172006290,3115,Investigate Person,INVESTIGATE PERSON,B3,"",,2017-01-24T08:36:00.000-05:00,2017,1,Tuesday,8,Part Three,UNKNOWN,,,0,42.18246397604247,-70.85870749757449,1,1,Morning,0,1,Winter,1,2,Other,0,2.0,3.0,3.0,0.0,0.0
I182001298,727,Auto Theft,AUTO THEFT - LEASED/RENTED VEHICLE,D14,778,,2018-01-06T08:38:00.000-05:00,2018,1,Saturday,8,Part One,HARVARD AVE,42.35486542,-71.13259322,0,42.35486542,-71.13259322,0,0,Morning,1,3,Winter,1,6,Property,0,8.0,3.0,3.0,1.0,2.0
I182061851,3115,Investigate Person,INVESTIGATE PERSON,D4,159,,2018-08-04T19:03:00.000-04:00,2018,8,Saturday,19,Part Three,SHAWMUT AVE,42.34168606,-71.07140028,0,42.34168606,-71.07140028,0,0,Evening,1,1,Summer,3,6,Other,0,3.0,1.0,0.0,0.0,0.0
I162067080,3803,Motor Vehicle Accident Response,M/V ACCIDENT - PERSONAL INJURY,D4,"",,2016-08-19T05:31:00.000-04:00,2016,8,Friday,5,Part Three,UNKNOWN,,,0,42.18246397604247,-70.85870749757449,1,1,Night,0,1,Summer,3,5,Traffic,0,3.0,0.0,0.0,2.0,0.0
I152094708,3111,License Violation,LICENSE PREMISE VIOLATION,A1,128,,2015-11-14T19:42:00.000-05:00,2015,11,Saturday,19,Part Three,COLUMBUS AVE,42.34944475,-71.07072461,0,42.34944475,-71.07072461,0,0,Evening,1,1,Fall,4,6,Other,0,4.0,1.0,2.0,0.0,0.0
I172087819,2907,Violations,VAL - OPERATING AFTER REV/SUSP.,C11,362,,2017-10-20T22:19:00.000-04:00,2017,10,Friday,22,Part Two,ASPINWALL RD,42.29197155,-71.07174552,0,42.29197155,-71.07174552,0,0,Night,0,2,Fall,4,5,Other,1,1.0,0.0,2.0,0.0,1.0
I152058879,2647,Other,THREATS TO DO BODILY HARM,B2,282,,2015-07-16T17:45:00.000-04:00,2015,7,Thursday,17,Part Two,WASHINGTON ST,42.32866284,-71.08563401,0,42.32866284,-71.08563401,0,0,Evening,0,2,Summer,3,4,Other,0,0.0,1.0,0.0,0.0,1.0
I152091755,3410,Towed,TOWED MOTOR VEHICLE,C11,255,,2015-11-05T02:50:00.000-05:00,2015,11,Thursday,2,Part Three,DORCHESTER AVE,42.31249706,-71.05731757,0,42.31249706,-71.05731757,0,0,Night,0,1,Fall,4,4,Other,1,1.0,0.0,2.0,0.0,0.0
I162023234,3807,Motor Vehicle Accident Response,M/V ACCIDENT - OTHER CITY VEHICLE,D14,"",,2016-03-25T18:46:00.000-04:00,2016,3,Friday,18,Part Three,UNKNOWN,,,0,42.18246397604247,-70.85870749757449,1,1,Evening,0,1,Spring,1,5,Traffic,0,8.0,1.0,1.0,2.0,0.0
I162091856,2005,Offenses Against Child / Family,CHILD ENDANGERMENT,B2,323,,2016-11-05T19:00:00.000-04:00,2016,11,Saturday,19,Part Two,QUINCY ST,42.31528744,-71.08015967,0,42.31528744,-71.08015967,0,0,Evening,1,2,Fall,4,6,Other,0,0.0,1.0,2.0,0.0,1.0
I172099509,3830,Motor Vehicle Accident Response,M/V - LEAVING SCENE - PERSONAL INJURY,D4,627,,2017-11-30T15:35:00.000-05:00,2017,11,Thursday,15,Part Three,BOYLSTON ST,42.34396866,-71.100013,0,42.34396866,-71.100013,0,0,Afternoon,0,1,Fall,4,4,Traffic,0,3.0,2.0,2.0,2.0,0.0
I182053248,413,Aggravated Assault,ASSAULT - AGGRAVATED - BATTERY,B2,282,,2018-07-06T21:09:00.000-04:00,2018,7,Friday,21,Part One,WARREN ST,42.32832226,-71.08321495,0,42.32832226,-71.08321495,0,0,Night,0,3,Summer,3,5,Violent,0,0.0,0.0,0.0,3.0,2.0
I172080768,3201,Property Lost,PROPERTY - LOST,C11,362,,2017-09-20T21:00:00.000-04:00,2017,9,Wednesday,21,Part Three,LYNDHURST ST,42.29290563,-71.06955795,0,42.29290563,-71.06955795,0,0,Night,0,1,Fall,3,3,Other,0,1.0,0.0,2.0,0.0,0.0
I162016665,3831,Motor Vehicle Accident Response,M/V - LEAVING SCENE - PROPERTY DAMAGE,C11,348,,2016-01-24T22:00:00.000-05:00,2016,1,Sunday,22,Part Three,DORCHESTER AVE,42.30671755,-71.05862903,0,42.30671755,-71.05862903,0,0,Night,1,1,Winter,1,7,Traffic,1,1.0,0.0,3.0,2.0,0.0
I162019495,613,Larceny,LARCENY SHOPLIFTING,C6,200,,2016-03-12T22:10:00.000-05:00,2016,3,Saturday,22,Part One,W BROADWAY,42.34234193,-71.05633276,0,42.34234193,-71.05633276,0,0,Night,1,3,Spring,1,6,Property,1,5.0,0.0,1.0,1.0,2.0
I182000008,301,Robbery,ROBBERY - STREET,A1,"",,2017-12-31T00:00:00.000-05:00,2017,12,Sunday,0,Part One,SCHOOL ST,,,0,42.18246397604247,-70.85870749757449,1,1,Night,1,3,Winter,4,7,Violent,1,4.0,0.0,3.0,3.0,2.0
I152080938,3301,Verbal Disputes,VERBAL DISPUTE,B2,296,,2015-09-28T22:41:00.000-04:00,2015,9,Monday,22,Part Three,WARREN ST,42.32221645,-71.08206723,0,42.32221645,-71.08206723,0,0,Night,0,1,Fall,3,1,Other,1,0.0,0.0,2.0,0.0,0.0
I152068002,614,Larceny From Motor Vehicle,LARCENY THEFT FROM MV - NON-ACCESSORY,E5,822,,2015-07-18T20:00:00.000-04:00,2015,7,Saturday,20,Part One,WASHINGTON ST,42.26634159,-71.15147265,0,42.26634159,-71.15147265,0,0,Evening,1,3,Summer,3,6,Property,0,9.0,1.0,0.0,1.0,2.0
I162090953,3114,Investigate Property,INVESTIGATE PROPERTY,C6,936,,2016-11-06T07:36:00.000-05:00,2016,11,Sunday,7,Part Three,W SEVENTH ST,42.33750921,-71.05582443,0,42.33750921,-71.05582443,0,0,Morning,1,1,Fall,4,7,Other,0,5.0,3.0,2.0,0.0,0.0
I172072401,3410,Towed,TOWED MOTOR VEHICLE,B3,408,,2017-09-01T09:13:00.000-04:00,2017,9,Friday,9,Part Three,RIVER ST,42.27179929,-71.07287043,0,42.27179929,-71.07287043,0,0,Morning,0,1,Fall,3,5,Other,0,2.0,3.0,2.0,0.0,0.0
I172094448,3001,Medical Assistance,DEATH INVESTIGATION,A7,21,,2017-11-11T18:48:00.000-05:00,2017,11,Saturday,18,Part Three,CHELSEA ST,42.37350195,-71.03458623,0,42.37350195,-71.03458623,0,0,Evening,1,1,Fall,4,6,Other,0,10.0,1.0,2.0,0.0,0.0
I162064525,3831,Motor Vehicle Accident Response,M/V - LEAVING SCENE - PROPERTY DAMAGE,D14,771,,2016-08-10T13:30:00.000-04:00,2016,8,Wednesday,13,Part Three,CHESTNUT HILL AVE,42.34829397,-71.15383416,0,42.34829397,-71.15383416,0,0,Afternoon,0,1,Summer,3,3,Traffic,0,8.0,2.0,0.0,2.0,0.0
I152095855,2610,Other,TRESPASSING,A1,127,,2015-11-18T19:45:00.000-05:00,2015,11,Wednesday,19,Part Two,WASHINGTON ST,42.34788341,-71.06437688,0,42.34788341,-71.06437688,0,0,Evening,0,2,Fall,4,3,Other,0,4.0,1.0,2.0,0.0,1.0
I182022203,3207,Property Found,PROPERTY - FOUND,A1,167,,2018-03-25T12:01:00.000-04:00,2018,3,Sunday,12,Part Three,HARRISON AVE,42.33954199,-71.06940877,0,42.33954199,-71.06940877,0,0,Afternoon,1,1,Spring,1,7,Other,0,4.0,2.0,1.0,0.0,0.0
I162028502,3006,Medical Assistance,SICK/INJURED/MEDICAL - PERSON,D14,282,,2016-04-12T22:33:00.000-04:00,2016,4,Tuesday,22,Part Three,WASHINGTON ST,42.32866284,-71.08563401,0,42.32866284,-71.08563401,0,0,Night,0,1,Spring,2,2,Other,1,8.0,0.0,1.0,0.0,0.0
I152082187,2900,Other,VAL - VIOLATION OF AUTO LAW - OTHER,B2,314,,2017-03-31T00:00:00.000-04:00,2017,3,Friday,0,Part Two,HOWLAND ST,42.3144484,-71.08993418,0,42.3144484,-71.08993418,0,0,Night,0,2,Spring,1,5,Other,1,0.0,0.0,1.0,0.0,1.0
I162066366,3109,Police Service Incidents,SERVICE TO OTHER PD INSIDE OF MA.,B3,465,,2016-08-16T20:37:00.000-04:00,2016,8,Tuesday,20,Part Three,MORTON ST,42.28621298,-71.09330084,0,42.28621298,-71.09330084,0,0,Evening,0,1,Summer,3,2,Other,0,2.0,1.0,0.0,0.0,0.0
I172015747,3006,Medical Assistance,SICK/INJURED/MEDICAL - PERSON,A1,113,,2017-02-26T18:38:00.000-05:00,2017,2,Sunday,18,Part Three,SUMMER ST,42.35426247,-71.05883334,0,42.35426247,-71.05883334,0,0,Evening,1,1,Winter,1,7,Other,0,4.0,1.0,3.0,0.0,0.0
I152024515-00,3125,Warrant Arrests,WARRANT ARREST,E18,543,,2015-11-05T00:00:00.000-05:00,2015,11,Thursday,0,Part Three,GORDON AVE,42.25767996,-71.12740973,0,42.25767996,-71.12740973,0,0,Night,0,1,Fall,4,4,Other,1,7.0,0.0,2.0,0.0,0.0
I182015834,3115,Investigate Person,INVESTIGATE PERSON,D4,134,,2018-03-01T07:52:00.000-05:00,2018,3,Thursday,7,Part Three,BOYLSTON ST,42.3503787,-71.07626098,0,42.3503787,-71.07626098,0,0,Morning,0,1,Spring,1,4,Other,0,3.0,3.0,1.0,0.0,0.0
I162057632,2907,Violations,VAL - OPERATING AFTER REV/SUSP.,B3,474,,2016-07-19T18:58:00.000-04:00,2016,7,Tuesday,18,Part Two,ITASCA ST,42.27246009,-71.10352421,0,42.27246009,-71.10352421,0,0,Evening,0,2,Summer,3,2,Other,0,2.0,1.0,0.0,0.0,1.0
I162074741,3831,Motor Vehicle Accident Response,M/V - LEAVING SCENE - PROPERTY DAMAGE,D14,802,,2016-09-13T16:24:00.000-04:00,2016,9,Tuesday,16,Part Three,HARVARD AVE,42.35375411,-71.13225621,0,42.35375411,-71.13225621,0,0,Afternoon,0,1,Fall,3,2,Traffic,0,8.0,2.0,2.0,2.0,0.0
I172071579,2900,Other,VAL - VIOLATION OF AUTO LAW - OTHER,UNKNOWN,"",,2017-08-29T16:26:00.000-04:00,2017,8,Tuesday,16,Part Two,MCLELLAN,-1.0,-1.0,0,-1.0,-1.0,0,0,Afternoon,0,2,Summer,3,2,Other,0,12.0,2.0,0.0,0.0,1.0
I182067232,3201,Property Lost,PROPERTY - LOST,E13,578,,2018-08-03T14:00:00.000-04:00,2018,8,Friday,14,Part Three,LAMARTINE ST,42.31844442,-71.10399969,0,42.31844442,-71.10399969,0,0,Afternoon,0,1,Summer,3,5,Other,0,6.0,2.0,0.0,0.0,0.0
I172023236,1846,Drug Violation,DRUGS - POSS CLASS E,C6,175,,2017-03-25T08:00:00.000-04:00,2017,3,Saturday,8,Part Two,TOPEKA ST,42.33280882,-71.06729226,0,42.33280882,-71.06729226,0,0,Morning,1,2,Spring,1,6,Drug,0,5.0,3.0,1.0,4.0,1.0
I182029977,3831,Motor Vehicle Accident Response,M/V - LEAVING SCENE - PROPERTY DAMAGE,B3,470,,2018-04-21T23:44:00.000-04:00,2018,4,Saturday,23,Part Three,WALK HILL ST,42.28184113,-71.09871709,0,42.28184113,-71.09871709,0,0,Night,1,1,Spring,2,6,Traffic,1,2.0,0.0,1.0,2.0,0.0
I172067197,613,Larceny,LARCENY SHOPLIFTING,C11,402,,2017-08-15T16:06:00.000-04:00,2017,8,Tuesday,16,Part One,DORCHESTER AVE,42.28526024,-71.06444063,0,42.28526024,-71.06444063,0,0,Afternoon,0,3,Summer,3,2,Property,0,1.0,2.0,0.0,1.0,2.0
I162061599,2900,Other,VAL - VIOLATION OF AUTO LAW - OTHER,B3,455,,2016-08-01T15:40:00.000-04:00,2016,8,Monday,15,Part Two,CARMEN ST,42.30068856,-71.07854838,0,42.30068856,-71.07854838,0,0,Afternoon,0,2,Summer,3,1,Other,0,2.0,2.0,0.0,0.0,1.0
I152084510,3114,Investigate Property,INVESTIGATE PROPERTY,A1,70,,2015-10-11T10:35:00.000-04:00,2015,10,Sunday,10,Part Three,LOUISBURG SQ,42.3584724,-71.06861909,0,42.3584724,-71.06861909,0,0,Morning,1,1,Fall,4,7,Other,0,4.0,3.0,2.0,0.0,0.0
I182062783,3115,Investigate Person,INVESTIGATE PERSON,D4,156,,2018-08-07T18:17:00.000-04:00,2018,8,Tuesday,18,Part Three,MASSACHUSETTS AVE,42.33903373,-71.07997273,0,42.33903373,-71.07997273,0,0,Evening,0,1,Summer,3,2,Other,0,3.0,1.0,0.0,0.0,0.0
I162058454,3831,Motor Vehicle Accident Response,M/V - LEAVING SCENE - PROPERTY DAMAGE,D4,270,,2016-07-22T14:09:00.000-04:00,2016,7,Friday,14,Part Three,HARRISON AVE,42.33444882,-71.0757421,0,42.33444882,-71.0757421,0,0,Afternoon,0,1,Summer,3,5,Traffic,0,3.0,2.0,0.0,2.0,0.0
I152068560,2610,Other,TRESPASSING,B3,456,,2015-08-19T00:17:00.000-04:00,2015,8,Wednesday,0,Part Two,GLENWAY ST,42.30018979,-71.08244261,0,42.30018979,-71.08244261,0,0,Night,0,2,Summer,3,3,Other,1,2.0,0.0,0.0,0.0,1.0
I172105996,3301,Verbal Disputes,VERBAL DISPUTE,B3,450,,2017-12-24T08:47:00.000-05:00,2017,12,Sunday,8,Part Three,TALBOT AVE,42.29041538,-71.07269542,0,42.29041538,-71.07269542,0,0,Morning,1,1,Winter,4,7,Other,0,2.0,3.0,3.0,0.0,0.0
I152088913,1843,Drug Violation,DRUGS - POSS CLASS B - INTENT TO MFR DIST DISP,B3,465,,2015-10-26T18:59:00.000-04:00,2015,10,Monday,18,Part Two,BLUE HILL AVE,42.28482577,-71.09137369,0,42.28482577,-71.09137369,0,0,Evening,0,2,Fall,4,1,Drug,0,2.0,1.0,2.0,4.0,1.0
I162090025,3802,Motor Vehicle Accident Response,M/V ACCIDENT - PROPERTY  DAMAGE,A15,58,,2016-11-03T10:05:00.000-04:00,2016,11,Thursday,10,Part Three,AUSTIN ST,42.37479451,-71.06600871,0,42.37479451,-71.06600871,0,0,Morning,0,1,Fall,4,4,Traffic,0,11.0,3.0,2.0,2.0,0.0
I182002703,3831,Motor Vehicle Accident Response,M/V - LEAVING SCENE - PROPERTY DAMAGE,B2,265,,2018-01-05T13:00:00.000-05:00,2018,1,Friday,13,Part Three,WAVERLY ST,42.32132788,-71.08105509,0,42.32132788,-71.08105509,0,0,Afternoon,0,1,Winter,1,5,Traffic,0,0.0,2.0,3.0,2.0,0.0
I182035698,3301,Verbal Disputes,VERBAL DISPUTE,E5,712,,2018-05-11T07:22:00.000-04:00,2018,5,Friday,7,Part Three,GROVE ST,42.26523483,-71.15843028,0,42.26523483,-71.15843028,0,0,Morning,0,1,Spring,2,5,Other,0,9.0,3.0,1.0,0.0,0.0
I182030814,3114,Investigate Property,INVESTIGATE PROPERTY,B2,262,,2018-04-24T23:06:00.000-04:00,2018,4,Tuesday,23,Part Three,BLUE HILL AVE,42.32094361,-71.07761042,0,42.32094361,-71.07761042,0,0,Night,0,1,Spring,2,2,Other,1,0.0,0.0,1.0,0.0,0.0
I172057273,520,Residential Burglary,BURGLARY - RESIDENTIAL - FORCE,E13,571,,2017-07-15T13:36:00.000-04:00,2017,7,Saturday,13,Part One,PARK LN,42.31078736,-71.09885578,0,42.31078736,-71.09885578,0,0,Afternoon,1,3,Summer,3,6,Property,0,6.0,2.0,0.0,1.0,2.0
I162071304,3115,Investigate Person,INVESTIGATE PERSON,B3,565,,2016-09-01T18:16:00.000-04:00,2016,9,Thursday,18,Part Three,SENATOR BOLLING CIR,42.28913147,-71.09293028,0,42.28913147,-71.09293028,0,0,Evening,0,1,Fall,3,4,Other,0,2.0,1.0,2.0,0.0,0.0
I162063231,1402,Vandalism,VANDALISM,C11,345,,2016-08-06T20:03:00.000-04:00,2016,8,Saturday,20,Part Two,RIDGEWOOD ST,42.30209443,-71.06575183,0,42.30209443,-71.06575183,0,0,Evening,1,2,Summer,3,6,Property,0,1.0,1.0,0.0,1.0,1.0
I162040059,3115,Investigate Person,INVESTIGATE PERSON,C11,387,,2016-05-22T19:56:00.000-04:00,2016,5,Sunday,19,Part Three,ADAMS ST,42.2793449,-71.05928084,0,42.2793449,-71.05928084,0,0,Evening,1,1,Spring,2,7,Other,0,1.0,1.0,1.0,0.0,0.0
I162062581,3006,Medical Assistance,SICK/INJURED/MEDICAL - PERSON,B2,611,,2016-08-04T17:45:00.000-04:00,2016,8,Thursday,17,Part Three,HUNTINGTON AVE,42.33332888,-71.10659534,0,42.33332888,-71.10659534,0,0,Evening,0,1,Summer,3,4,Other,0,0.0,1.0,0.0,0.0,0.0
I152102234,3125,Warrant Arrests,WARRANT ARREST,C11,348,,2015-12-11T09:38:00.000-05:00,2015,12,Friday,9,Part Three,DORCHESTER AVE,42.30420472,-71.05919227,0,42.30420472,-71.05919227,0,0,Morning,0,1,Winter,4,5,Other,0,1.0,3.0,3.0,0.0,0.0
I182053943,3125,Warrant Arrests,WARRANT ARREST,A1,77,,2018-07-09T16:11:00.000-04:00,2018,7,Monday,16,Part Three,NEW SUDBURY ST,42.36183857,-71.05976489,0,42.36183857,-71.05976489,0,0,Afternoon,0,1,Summer,3,1,Other,0,4.0,2.0,0.0,0.0,0.0
I162035158,301,Robbery,ROBBERY - STREET,B2,320,,2016-05-06T10:57:00.000-04:00,2016,5,Friday,10,Part One,BLUE HILL AVE,42.3088984,-71.0830519,0,42.3088984,-71.0830519,0,0,Morning,0,3,Spring,2,5,Violent,0,0.0,3.0,1.0,3.0,2.0
I172070683,3301,Verbal Disputes,VERBAL DISPUTE,B3,428,,2017-08-26T17:04:00.000-04:00,2017,8,Saturday,17,Part Three,LANDOR RD,42.28319809,-71.09098657,0,42.28319809,-71.09098657,0,0,Evening,1,1,Summer,3,6,Other,0,2.0,1.0,0.0,0.0,0.0
I172002456,540,Commercial Burglary,BURGLARY - COMMERICAL - FORCE,B2,281,,2017-01-10T03:00:00.000-05:00,2017,1,Tuesday,3,Part One,WARREN ST,42.32692266,-71.08313475,0,42.32692266,-71.08313475,0,0,Night,0,3,Winter,1,2,Property,1,0.0,0.0,3.0,1.0,2.0
I182064061,3115,Investigate Person,INVESTIGATE PERSON,D4,591,,2018-08-12T00:42:00.000-04:00,2018,8,Sunday,0,Part Three,HEMENWAY ST,42.34587157,-71.08938851,0,42.34587157,-71.08938851,0,0,Night,1,1,Summer,3,7,Other,1,3.0,0.0,0.0,0.0,0.0
I162059218,3125,Warrant Arrests,WARRANT ARREST,A1,116,,2016-07-25T08:10:00.000-04:00,2016,7,Monday,8,Part Three,HARRISON AVE,42.35195238,-71.06124486,0,42.35195238,-71.06124486,0,0,Morning,0,1,Summer,3,1,Other,0,4.0,3.0,0.0,0.0,0.0
I162045152,1846,Drug Violation,DRUGS - POSS CLASS E,D4,"",,2016-06-08T10:40:00.000-04:00,2016,6,Wednesday,10,Part Two,UNKNOWN,,,0,42.18246397604247,-70.85870749757449,1,1,Morning,0,2,Summer,2,3,Drug,0,3.0,3.0,0.0,4.0,1.0
I162081711,802,Simple Assault,ASSAULT SIMPLE - BATTERY,B3,"",,2016-10-06T04:20:00.000-04:00,2016,10,Thursday,4,Part Two,UNKNOWN,,,0,42.18246397604247,-70.85870749757449,1,1,Night,0,2,Fall,4,4,Violent,0,2.0,0.0,2.0,3.0,1.0
I162023144,3802,Motor Vehicle Accident Response,M/V ACCIDENT - PROPERTY  DAMAGE,D4,"",,2016-03-25T12:20:00.000-04:00,2016,3,Friday,12,Part Three,UNKNOWN,,,0,42.18246397604247,-70.85870749757449,1,1,Afternoon,0,1,Spring,1,5,Traffic,0,3.0,2.0,1.0,2.0,0.0
I172081235,1402,Vandalism,VANDALISM,B3,426,,2017-09-28T20:15:00.000-04:00,2017,9,Thursday,20,Part Two,BLUE HILL AVE,42.26909851,-71.09361458,0,42.26909851,-71.09361458,0,0,Evening,0,2,Fall,3,4,Property,0,2.0,1.0,2.0,1.0,1.0
I172030954,619,Larceny,LARCENY ALL OTHERS,D4,624,,2017-04-20T21:00:00.000-04:00,2017,4,Thursday,21,Part One,HUNTINGTON AVE,42.34044966,-71.08845935,0,42.34044966,-71.08845935,0,0,Night,0,3,Spring,2,4,Property,0,3.0,0.0,1.0,1.0,2.0
I172041884,3114,Investigate Property,INVESTIGATE PROPERTY,A1,112,,2017-05-27T10:21:00.000-04:00,2017,5,Saturday,10,Part Three,AVENUE DE LAFAYETTE,42.35331987,-71.06102314,0,42.35331987,-71.06102314,0,0,Morning,1,1,Spring,2,6,Other,0,4.0,3.0,1.0,0.0,0.0
I172045162,2907,Violations,VAL - OPERATING AFTER REV/SUSP.,C11,352,,2017-06-07T12:09:00.000-04:00,2017,6,Wednesday,12,Part Two,GENEVA AVE,42.30046668,-71.06647544,0,42.30046668,-71.06647544,0,0,Afternoon,0,2,Summer,2,3,Other,0,1.0,2.0,0.0,0.0,1.0
I162059365,3301,Verbal Disputes,VERBAL DISPUTE,B2,265,,2016-07-25T13:49:00.000-04:00,2016,7,Monday,13,Part Three,PERRIN ST,42.32274491,-71.07799077,0,42.32274491,-71.07799077,0,0,Afternoon,0,1,Summer,3,1,Other,0,0.0,2.0,0.0,0.0,0.0
I172062132,3301,Verbal Disputes,VERBAL DISPUTE,D4,271,,2017-07-31T08:17:00.000-04:00,2017,7,Monday,8,Part Three,MASSACHUSETTS AVE,42.335482,-71.07586449,0,42.335482,-71.07586449,0,0,Morning,0,1,Summer,3,1,Other,0,3.0,3.0,0.0,0.0,0.0
I182067001,3115,Investigate Person,INVESTIGATE PERSON,C11,335,,2018-08-21T18:03:00.000-04:00,2018,8,Tuesday,18,Part Three,CLARKSON ST,42.30829668,-71.06747771,0,42.30829668,-71.06747771,0,0,Evening,0,1,Summer,3,2,Other,0,1.0,1.0,0.0,0.0,0.0
I172027499,3111,License Violation,LICENSE PREMISE VIOLATION,E5,720,,2017-04-09T01:58:00.000-04:00,2017,4,Sunday,1,Part Three,CENTRE ST,42.28067898,-71.15817457,0,42.28067898,-71.15817457,0,0,Night,1,1,Spring,2,7,Other,1,9.0,0.0,1.0,0.0,0.0
I162001472,3207,Property Found,PROPERTY - FOUND,D4,161,,2016-01-06T09:50:00.000-05:00,2016,1,Wednesday,9,Part Three,TREMONT ST,42.345903,-71.06946322,0,42.345903,-71.06946322,0,0,Morning,0,1,Winter,1,3,Other,0,3.0,3.0,3.0,0.0,0.0
I162004291,614,Larceny From Motor Vehicle,LARCENY THEFT FROM MV - NON-ACCESSORY,E13,579,,2016-01-15T13:30:00.000-05:00,2016,1,Friday,13,Part One,ASHLEY ST,42.32082224,-71.103724,0,42.32082224,-71.103724,0,0,Afternoon,0,3,Winter,1,5,Property,0,6.0,2.0,3.0,1.0,2.0
I172012010,3115,Investigate Person,INVESTIGATE PERSON,D4,272,,2017-02-14T10:32:00.000-05:00,2017,2,Tuesday,10,Part Three,WASHINGTON ST,42.33383935,-71.08029038,0,42.33383935,-71.08029038,0,0,Morning,0,1,Winter,1,2,Other,0,3.0,3.0,3.0,0.0,0.0
I172017238,2610,Other,TRESPASSING,A1,88,,2017-03-03T19:06:00.000-05:00,2017,3,Friday,19,Part Two,NORTH SQ,42.36386575,-71.05351919,0,42.36386575,-71.05351919,0,0,Evening,0,2,Spring,1,5,Other,0,4.0,1.0,1.0,0.0,1.0
I162020309,614,Larceny From Motor Vehicle,LARCENY THEFT FROM MV - NON-ACCESSORY,E13,639,,2016-03-14T20:00:00.000-04:00,2016,3,Monday,20,Part One,ROCKVIEW ST,42.31553561,-71.10945644,0,42.31553561,-71.10945644,0,0,Evening,0,3,Spring,1,1,Property,0,6.0,1.0,1.0,1.0,2.0
I172059471,3207,Property Found,PROPERTY - FOUND,C6,177,,2017-07-22T12:45:00.000-04:00,2017,7,Saturday,12,Part Three,NEW SUDBURY ST,42.36183857,-71.05976489,0,42.36183857,-71.05976489,0,0,Afternoon,1,1,Summer,3,6,Other,0,5.0,2.0,0.0,0.0,0.0
I162041848,3803,Motor Vehicle Accident Response,M/V ACCIDENT - PERSONAL INJURY,C11,335,,2016-05-28T14:27:00.000-04:00,2016,5,Saturday,14,Part Three,COLEMAN ST,42.30859269,-71.06570888,0,42.30859269,-71.06570888,0,0,Afternoon,1,1,Spring,2,6,Traffic,0,1.0,2.0,1.0,2.0,0.0
I172056778,3115,Investigate Person,INVESTIGATE PERSON,D4,618,,2017-07-13T19:11:00.000-04:00,2017,7,Thursday,19,Part Three,HEMENWAY ST,42.3414661,-71.09082781,0,42.3414661,-71.09082781,0,0,Evening,0,1,Summer,3,4,Other,0,3.0,1.0,0.0,0.0,0.0
I162002049,1402,Vandalism,VANDALISM,C11,240,,2016-01-07T23:30:00.000-05:00,2016,1,Thursday,23,Part Two,DAWES ST,42.31851417,-71.06055095,0,42.31851417,-71.06055095,0,0,Night,0,2,Winter,1,4,Property,1,1.0,0.0,3.0,1.0,1.0
I172050322,2629,Harassment,HARASSMENT,D14,772,,2017-06-22T15:30:00.000-04:00,2017,6,Thursday,15,Part Two,ACADEMY HILL RD,42.34617617,-71.15448684,0,42.34617617,-71.15448684,0,0,Afternoon,0,2,Summer,2,4,Other,0,8.0,2.0,0.0,0.0,1.0
I172016448,2403,Disorderly Conduct,DISTURBING THE PEACE,C11,384,,2017-03-01T09:06:00.000-05:00,2017,3,Wednesday,9,Part Two,BELTON ST,42.28161505,-71.04946953,0,42.28161505,-71.04946953,0,0,Morning,0,2,Spring,1,3,Other,0,1.0,3.0,1.0,0.0,1.0
I152104531,3802,Motor Vehicle Accident Response,M/V ACCIDENT - PROPERTY  DAMAGE,B2,"",,2015-12-19T00:01:00.000-05:00,2015,12,Saturday,0,Part Three,UNKNOWN,,,0,42.18246397604247,-70.85870749757449,1,1,Night,1,1,Winter,4,6,Traffic,1,0.0,0.0,3.0,2.0,0.0
I172035609,3830,Motor Vehicle Accident Response,M/V - LEAVING SCENE - PERSONAL INJURY,E5,736,,2017-05-06T12:32:00.000-04:00,2017,5,Saturday,12,Part Three,CENTRE ST,42.285946,-71.1553982,0,42.285946,-71.1553982,0,0,Afternoon,1,1,Spring,2,6,Traffic,0,9.0,2.0,1.0,2.0,0.0
I152107163,522,Residential Burglary,BURGLARY - RESIDENTIAL - NO FORCE,D14,772,,2015-12-29T03:08:00.000-05:00,2015,12,Tuesday,3,Part One,CHESTNUT HILL AVE,42.34697615,-71.1535894,0,42.34697615,-71.1535894,0,0,Night,0,3,Winter,4,2,Property,1,8.0,0.0,3.0,1.0,2.0
I182024191,3114,Investigate Property,INVESTIGATE PROPERTY,E13,912,,2018-04-01T13:55:00.000-04:00,2018,4,Sunday,13,Part Three,CENTRE ST,42.32283759,-71.10096723,0,42.32283759,-71.10096723,0,0,Afternoon,1,1,Spring,2,7,Other,0,6.0,2.0,1.0,0.0,0.0
I182042691,3410,Towed,TOWED MOTOR VEHICLE,C6,231,,2018-06-02T20:46:52.000-04:00,2018,6,Saturday,20,Part Three,MONKS ST,42.33276043,-71.03257621,0,42.33276043,-71.03257621,0,0,Evening,1,1,Summer,2,6,Other,0,5.0,1.0,0.0,0.0,0.0
I172003307,3501,Missing Person Reported,MISSING PERSON,E5,729,,2017-01-13T07:21:00.000-05:00,2017,1,Friday,7,Part Three,VFW PKWY,42.28536992,-71.17244016,0,42.28536992,-71.17244016,0,0,Morning,0,1,Winter,1,5,Other,0,9.0,3.0,3.0,0.0,0.0
I152068040,3831,Motor Vehicle Accident Response,M/V - LEAVING SCENE - PROPERTY DAMAGE,A1,120,,2015-08-09T19:00:00.000-04:00,2015,8,Sunday,19,Part Three,PARK PLZ,42.35162789,-71.0686641,0,42.35162789,-71.0686641,0,0,Evening,1,1,Summer,3,7,Traffic,0,4.0,1.0,0.0,2.0,0.0
I152085574,802,Simple Assault,ASSAULT SIMPLE - BATTERY,D4,903,,2015-10-14T21:22:00.000-04:00,2015,10,Wednesday,21,Part Two,SHAWMUT AVE,42.33543394,-71.08076738,0,42.33543394,-71.08076738,0,0,Night,0,2,Fall,4,3,Violent,0,3.0,0.0,2.0,3.0,1.0
I152071688,3410,Towed,TOWED MOTOR VEHICLE,D4,273,,2015-08-29T08:37:00.000-04:00,2015,8,Saturday,8,Part Three,MASSACHUSETTS AVE,42.3368915,-71.077551,0,42.3368915,-71.077551,0,0,Morning,1,1,Summer,3,6,Other,0,3.0,3.0,0.0,0.0,0.0
I162049185,2629,Harassment,HARASSMENT,D4,623,,2016-06-20T22:23:00.000-04:00,2016,6,Monday,22,Part Two,NEWBURY ST,42.34805092,-71.09389963,0,42.34805092,-71.09389963,0,0,Night,0,2,Summer,2,1,Other,1,3.0,0.0,0.0,0.0,1.0
I172034503,3831,Motor Vehicle Accident Response,M/V - LEAVING SCENE - PROPERTY DAMAGE,E5,675,,2017-05-02T20:53:00.000-04:00,2017,5,Tuesday,20,Part Three,WALWORTH ST,42.287567,-71.13669522,0,42.287567,-71.13669522,0,0,Evening,0,1,Spring,2,2,Traffic,0,9.0,1.0,1.0,2.0,0.0
I172016891,521,Residential Burglary,BURGLARY - RESIDENTIAL - ATTEMPT,E13,912,,2017-03-02T16:11:00.000-05:00,2017,3,Thursday,16,Part One,CENTRE ST,42.32287413,-71.10155354,0,42.32287413,-71.10155354,0,0,Afternoon,0,3,Spring,1,4,Property,0,6.0,2.0,1.0,1.0,2.0
I152069003,617,Larceny,LARCENY THEFT FROM BUILDING,B2,282,,2015-08-04T16:30:00.000-04:00,2015,8,Tuesday,16,Part One,WARREN ST,42.32659809,-71.08336794,0,42.32659809,-71.08336794,0,0,Afternoon,0,3,Summer,3,2,Property,0,0.0,2.0,0.0,1.0,2.0
I172009943,351,Robbery,ROBBERY - BANK,A1,88,,2017-02-06T09:38:00.000-05:00,2017,2,Monday,9,Part One,HANOVER ST,42.36517725,-71.05311827,0,42.36517725,-71.05311827,0,0,Morning,0,3,Winter,1,1,Violent,0,4.0,3.0,3.0,3.0,2.0
I162091247,2101,Operating Under the Influence,OPERATING UNDER THE INFLUENCE ALCOHOL,B2,901,,2016-11-07T12:15:00.000-05:00,2016,11,Monday,12,Part Two,HORADAN WAY,42.3334635,-71.09594671,0,42.3334635,-71.09594671,0,0,Afternoon,0,2,Fall,4,1,Other,0,0.0,2.0,2.0,0.0,1.0
I182019732,3130,Search Warrants,SEARCH WARRANT,D14,778,,2018-03-16T05:32:00.000-04:00,2018,3,Friday,5,Part Three,SPARHAWK ST,42.35147715,-71.15143461,0,42.35147715,-71.15143461,0,0,Night,0,1,Spring,1,5,Other,0,8.0,0.0,1.0,0.0,0.0
I182023026,3410,Towed,TOWED MOTOR VEHICLE,A7,11,,2018-03-28T10:07:00.000-04:00,2018,3,Wednesday,10,Part Three,WILLIAM F MCCLELLAN HWY,42.38777475,-71.01769231,0,42.38777475,-71.01769231,0,0,Morning,0,1,Spring,1,3,Other,0,10.0,3.0,1.0,0.0,0.0
I152063082,3201,Property Lost,PROPERTY - LOST,B2,297,,2015-07-30T03:00:00.000-04:00,2015,7,Thursday,3,Part Three,ROCKLAND AVE,42.32141482,-71.08406055,0,42.32141482,-71.08406055,0,0,Night,0,1,Summer,3,4,Other,1,0.0,0.0,0.0,0.0,0.0
I152094847,3006,Medical Assistance,SICK/INJURED/MEDICAL - PERSON,C11,395,,2015-11-15T10:02:00.000-05:00,2015,11,Sunday,10,Part Three,DORCHESTER AVE,42.2843982,-71.06468373,0,42.2843982,-71.06468373,0,0,Morning,1,1,Fall,4,7,Other,0,1.0,3.0,2.0,0.0,0.0
I152094224,3502,Missing Person Located,MISSING PERSON - LOCATED,B3,456,,2015-11-07T21:00:00.000-05:00,2015,11,Saturday,21,Part Three,GREENWOOD ST,42.30262129,-71.07918399,0,42.30262129,-71.07918399,0,0,Night,1,1,Fall,4,6,Other,0,2.0,0.0,2.0,0.0,0.0
I182038846,2007,Restraining Order Violations,VIOL. OF RESTRAINING ORDER W NO ARREST,D14,807,,2018-05-20T21:25:00.000-04:00,2018,5,Sunday,21,Part Two,TELFORD ST,42.36227866,-71.13742722,0,42.36227866,-71.13742722,0,0,Night,1,2,Spring,2,7,Other,0,8.0,0.0,1.0,0.0,1.0
I152095263,423,Aggravated Assault,ASSAULT - AGGRAVATED,E5,680,,2015-11-16T17:45:00.000-05:00,2015,11,Monday,17,Part One,CORINTH ST,42.28593201,-71.12933705,0,42.28593201,-71.12933705,0,0,Evening,0,3,Fall,4,1,Violent,0,9.0,1.0,2.0,3.0,2.0
I152049968,3301,Verbal Disputes,VERBAL DISPUTE,D14,939,,2015-06-16T17:25:00.000-04:00,2015,6,Tuesday,17,Part Three,FANEUIL ST,42.35555336,-71.15274721,0,42.35555336,-71.15274721,0,0,Evening,0,1,Summer,2,2,Other,0,8.0,1.0,0.0,0.0,0.0
I182064368,614,Larceny From Motor Vehicle,LARCENY THEFT FROM MV - NON-ACCESSORY,E5,712,,2018-08-12T19:00:00.000-04:00,2018,8,Sunday,19,Part One,FREEMAN AVE,42.26322593,-71.15678746,0,42.26322593,-71.15678746,0,0,Evening,1,3,Summer,3,7,Property,0,9.0,1.0,0.0,1.0,2.0
I172058592,3001,Medical Assistance,DEATH INVESTIGATION,D4,161,,2017-07-19T16:44:00.000-04:00,2017,7,Wednesday,16,Part Three,TREMONT ST,42.34701666,-71.06886238,0,42.34701666,-71.06886238,0,0,Afternoon,0,1,Summer,3,3,Other,0,3.0,2.0,0.0,0.0,0.0
I172092966,1849,Drug Violation,"DRUGS - POSS CLASS B - COCAINE, ETC.",A1,119,,2017-11-06T17:30:00.000-05:00,2017,11,Monday,17,Part Two,BOYLSTON ST,42.35241815,-71.06525499,0,42.35241815,-71.06525499,0,0,Evening,0,2,Fall,4,1,Drug,0,4.0,1.0,2.0,4.0,1.0
I172063996,3301,Verbal Disputes,VERBAL DISPUTE,B2,259,,2017-08-05T14:02:00.000-04:00,2017,8,Saturday,14,Part Three,MAGNOLIA ST,42.31478432,-71.07160997,0,42.31478432,-71.07160997,0,0,Afternoon,1,1,Summer,3,6,Other,0,0.0,2.0,0.0,0.0,0.0
I182040478,3115,Investigate Person,INVESTIGATE PERSON,B2,325,,2018-05-26T19:41:00.000-04:00,2018,5,Saturday,19,Part Three,HOWARD AVE,42.31531528,-71.07544326,0,42.31531528,-71.07544326,0,0,Evening,1,1,Spring,2,6,Other,0,0.0,1.0,1.0,0.0,0.0
I172000115,3006,Medical Assistance,SICK/INJURED/MEDICAL - PERSON,B2,294,,2017-01-01T09:22:00.000-05:00,2017,1,Sunday,9,Part Three,SAINT JAMES ST,42.32703627,-71.08687838,0,42.32703627,-71.08687838,0,0,Morning,1,1,Winter,1,7,Other,0,0.0,3.0,3.0,0.0,0.0
I152106826,2647,Other,THREATS TO DO BODILY HARM,C6,222,,2015-12-27T19:03:00.000-05:00,2015,12,Sunday,19,Part Two,E THIRD ST,42.33644187,-71.03898738,0,42.33644187,-71.03898738,0,0,Evening,1,2,Winter,4,7,Other,0,5.0,1.0,3.0,0.0,1.0
I172074305,3501,Missing Person Reported,MISSING PERSON,B2,308,,2017-09-07T19:44:00.000-04:00,2017,9,Thursday,19,Part Three,WALNUT AVE,42.31966035,-71.08946896,0,42.31966035,-71.08946896,0,0,Evening,0,1,Fall,3,4,Other,0,0.0,1.0,2.0,0.0,0.0
I172094722,3831,Motor Vehicle Accident Response,M/V - LEAVING SCENE - PROPERTY DAMAGE,B2,317,,2017-11-13T01:12:00.000-05:00,2017,11,Monday,1,Part Three,HOMESTEAD ST,42.31127726,-71.08909334,0,42.31127726,-71.08909334,0,0,Night,0,1,Fall,4,1,Traffic,1,0.0,0.0,2.0,2.0,0.0
I182044671,3208,Property Lost,PROPERTY - MISSING,A1,127,,2018-06-09T11:12:00.000-04:00,2018,6,Saturday,11,Part Three,WASHINGTON ST,42.34876087,-71.06408261,0,42.34876087,-71.06408261,0,0,Morning,1,1,Summer,2,6,Other,0,4.0,3.0,0.0,0.0,0.0
I152104813,413,Aggravated Assault,ASSAULT - AGGRAVATED - BATTERY,A1,94,,2015-12-20T01:55:00.000-05:00,2015,12,Sunday,1,Part One,CLINTON ST,42.360795,-71.053757,0,42.360795,-71.053757,0,0,Night,1,3,Winter,4,7,Violent,1,4.0,0.0,3.0,3.0,2.0
I152060457,1843,Drug Violation,DRUGS - POSS CLASS B - INTENT TO MFR DIST DISP,C11,247,,2015-07-22T06:01:00.000-04:00,2015,7,Wednesday,6,Part Two,TREADWAY RD,42.31323306,-71.05813011,0,42.31323306,-71.05813011,0,0,Morning,0,2,Summer,3,3,Drug,0,1.0,3.0,0.0,4.0,1.0
I152064754,3831,Motor Vehicle Accident Response,M/V - LEAVING SCENE - PROPERTY DAMAGE,B2,259,,2015-08-05T13:40:00.000-04:00,2015,8,Wednesday,13,Part Three,MAGNOLIA ST,42.31478432,-71.07160997,0,42.31478432,-71.07160997,0,0,Afternoon,0,1,Summer,3,3,Traffic,0,0.0,2.0,0.0,2.0,0.0
I172096584,616,Larceny,LARCENY THEFT OF BICYCLE,D14,796,,2017-11-19T13:54:00.000-05:00,2017,11,Sunday,13,Part One,COMMONWEALTH AVE,42.35124218,-71.12616899,0,42.35124218,-71.12616899,0,0,Afternoon,1,3,Fall,4,7,Property,0,8.0,2.0,2.0,1.0,2.0
I172076587,3018,Medical Assistance,SICK/INJURED/MEDICAL - POLICE,B3,465,,2017-09-15T02:05:00.000-04:00,2017,9,Friday,2,Part Three,BLUE HILL AVE,42.28482577,-71.09137369,0,42.28482577,-71.09137369,0,0,Night,0,1,Fall,3,5,Other,1,2.0,0.0,2.0,0.0,0.0
I172022104,724,Auto Theft,AUTO THEFT,B2,319,,2017-03-20T20:00:00.000-04:00,2017,3,Monday,20,Part One,SEAVER ST,42.30603974,-71.0862124,0,42.30603974,-71.0862124,0,0,Evening,0,3,Spring,1,1,Property,0,0.0,1.0,1.0,1.0,2.0
I162035068,3115,Investigate Person,INVESTIGATE PERSON,D4,591,,2016-05-06T02:09:00.000-04:00,2016,5,Friday,2,Part Three,HEMENWAY ST,42.34428082,-71.08982188,0,42.34428082,-71.08982188,0,0,Night,0,1,Spring,2,5,Other,1,3.0,0.0,1.0,0.0,0.0
I172041427,3831,Motor Vehicle Accident Response,M/V - LEAVING SCENE - PROPERTY DAMAGE,C6,201,,2017-05-25T17:57:00.000-04:00,2017,5,Thursday,17,Part Three,B ST,42.34079771,-71.05392145,0,42.34079771,-71.05392145,0,0,Evening,0,1,Spring,2,4,Traffic,0,5.0,1.0,1.0,2.0,0.0
I172097041,3006,Medical Assistance,SICK/INJURED/MEDICAL - PERSON,C11,959,,2017-11-21T02:02:00.000-05:00,2017,11,Tuesday,2,Part Three,DORCHESTER AVE,42.28624029,-71.06416775,0,42.28624029,-71.06416775,0,0,Night,0,1,Fall,4,2,Other,1,1.0,0.0,2.0,0.0,0.0
I182044626,1841,Drug Violation,DRUGS - POSS CLASS A - INTENT TO MFR DIST DISP,C11,362,,2018-06-09T09:57:00.000-04:00,2018,6,Saturday,9,Part Two,LYNDHURST ST,42.29290563,-71.06955795,0,42.29290563,-71.06955795,0,0,Morning,1,2,Summer,2,6,Drug,0,1.0,3.0,0.0,4.0,1.0
I172037866,3112,Landlord/Tenant Disputes,LANDLORD - TENANT SERVICE,B3,476,,2017-05-14T12:01:00.000-04:00,2017,5,Sunday,12,Part Three,REXFORD ST,42.26984836,-71.09532394,0,42.26984836,-71.09532394,0,0,Afternoon,1,1,Spring,2,7,Other,0,2.0,2.0,1.0,0.0,0.0
I162081331,2907,Violations,VAL - OPERATING AFTER REV/SUSP.,C6,"",,2016-10-04T17:50:00.000-04:00,2016,10,Tuesday,17,Part Two,UNKNOWN,,,0,42.18246397604247,-70.85870749757449,1,1,Evening,0,2,Fall,4,2,Other,0,5.0,1.0,2.0,0.0,1.0
I162035602,617,Larceny,LARCENY THEFT FROM BUILDING,D4,130,,2016-05-07T18:09:00.000-04:00,2016,5,Saturday,18,Part One,BOYLSTON ST,42.34980175,-71.07840978,0,42.34980175,-71.07840978,0,0,Evening,1,3,Spring,2,6,Property,0,3.0,1.0,1.0,1.0,2.0
I162014513,3006,Medical Assistance,SICK/INJURED/MEDICAL - PERSON,B3,466,,2016-02-23T22:08:00.000-05:00,2016,2,Tuesday,22,Part Three,DEERING RD,42.28414025,-71.09305138,0,42.28414025,-71.09305138,0,0,Night,0,1,Winter,1,2,Other,1,2.0,0.0,3.0,0.0,0.0
I182038664,3109,Police Service Incidents,SERVICE TO OTHER PD INSIDE OF MA.,A1,77,,2018-05-21T11:55:00.000-04:00,2018,5,Monday,11,Part Three,CONGRESS ST,42.36139413,-71.0576869,0,42.36139413,-71.0576869,0,0,Morning,0,1,Spring,2,1,Other,0,4.0,3.0,1.0,0.0,0.0
I182022058,3831,Motor Vehicle Accident Response,M/V - LEAVING SCENE - PROPERTY DAMAGE,C6,186,,2018-03-24T18:25:00.000-04:00,2018,3,Saturday,18,Part Three,ALLSTATE RD,,,0,42.18246397604247,-70.85870749757449,1,1,Evening,1,1,Spring,1,6,Traffic,0,5.0,1.0,1.0,2.0,0.0
I172067582,617,Larceny,LARCENY THEFT FROM BUILDING,D4,133,,2017-08-16T19:38:00.000-04:00,2017,8,Wednesday,19,Part One,NEWBURY ST,42.35118005,-71.07666607,0,42.35118005,-71.07666607,0,0,Evening,0,3,Summer,3,3,Property,0,3.0,1.0,0.0,1.0,2.0
I162005612,3201,Property Lost,PROPERTY - LOST,C6,175,,2016-01-20T15:30:00.000-05:00,2016,1,Wednesday,15,Part Three,SOUTHAMPTON ST,42.3309164,-71.06415106,0,42.3309164,-71.06415106,0,0,Afternoon,0,1,Winter,1,3,Other,0,5.0,2.0,3.0,0.0,0.0
I182012165,619,Larceny,LARCENY ALL OTHERS,A7,20,,2018-02-15T14:57:00.000-05:00,2018,2,Thursday,14,Part One,CHELSEA ST,42.37638326,-71.03124103,0,42.37638326,-71.03124103,0,0,Afternoon,0,3,Winter,1,4,Property,0,10.0,2.0,3.0,1.0,2.0
I162104253,3301,Verbal Disputes,VERBAL DISPUTE,C11,379,,2016-12-22T21:07:00.000-05:00,2016,12,Thursday,21,Part Three,ADAMS ST,42.28397463,-71.05553564,0,42.28397463,-71.05553564,0,0,Night,0,1,Winter,4,4,Other,0,1.0,0.0,3.0,0.0,0.0
I172088627,3125,Warrant Arrests,WARRANT ARREST,A15,56,,2017-10-23T18:00:00.000-04:00,2017,10,Monday,18,Part Three,GREEN ST,42.37829905,-71.0621081,0,42.37829905,-71.0621081,0,0,Evening,0,1,Fall,4,1,Other,0,11.0,1.0,2.0,0.0,0.0
I182007073,3410,Towed,TOWED MOTOR VEHICLE,A1,87,,2018-01-27T11:43:00.000-05:00,2018,1,Saturday,11,Part Three,NORTH ST,42.36559712,-71.05162615,0,42.36559712,-71.05162615,0,0,Morning,1,1,Winter,1,6,Other,0,4.0,3.0,3.0,0.0,0.0
I162080966,2647,Other,THREATS TO DO BODILY HARM,B2,290,,2016-10-03T16:11:00.000-04:00,2016,10,Monday,16,Part Two,ROXBURY ST,42.33017987,-71.09061217,0,42.33017987,-71.09061217,0,0,Afternoon,0,2,Fall,4,1,Other,0,0.0,2.0,2.0,0.0,1.0
I152097789,351,Robbery,ROBBERY - BANK,A7,22,,2015-11-25T14:50:00.000-05:00,2015,11,Wednesday,14,Part One,BENNINGTON ST,42.37546983,-71.03730221,0,42.37546983,-71.03730221,0,0,Afternoon,0,3,Fall,4,3,Violent,0,10.0,2.0,2.0,3.0,2.0
I162066296,3831,Motor Vehicle Accident Response,M/V - LEAVING SCENE - PROPERTY DAMAGE,A1,81,,2016-08-10T10:00:00.000-04:00,2016,8,Wednesday,10,Part Three,SNOW HILL ST,42.36742263,-71.05645717,0,42.36742263,-71.05645717,0,0,Morning,0,1,Summer,3,3,Traffic,0,4.0,3.0,0.0,2.0,0.0
I162033553,3301,Verbal Disputes,VERBAL DISPUTE,E18,522,,2016-04-30T16:33:00.000-04:00,2016,4,Saturday,16,Part Three,WILTON ST,42.24891703,-71.12588341,0,42.24891703,-71.12588341,0,0,Afternoon,1,1,Spring,2,6,Other,0,7.0,2.0,1.0,0.0,0.0
I162030633,2007,Restraining Order Violations,VIOL. OF RESTRAINING ORDER W NO ARREST,C11,355,,2016-04-20T15:03:00.000-04:00,2016,4,Wednesday,15,Part Two,PARKMAN ST,42.29709649,-71.05734054,0,42.29709649,-71.05734054,0,0,Afternoon,0,2,Spring,2,3,Other,0,1.0,2.0,1.0,0.0,1.0
I152073060,1402,Vandalism,VANDALISM,A7,10,,2015-09-02T19:52:00.000-04:00,2015,9,Wednesday,19,Part Two,BOARDMAN ST,42.38817033,-71.00939544,0,42.38817033,-71.00939544,0,0,Evening,0,2,Fall,3,3,Property,0,10.0,1.0,2.0,1.0,1.0
I162013501,3109,Police Service Incidents,SERVICE TO OTHER PD INSIDE OF MA.,E5,551,,2016-02-19T16:54:00.000-05:00,2016,2,Friday,16,Part Three,GLENDOWER RD,42.27562519,-71.13142204,0,42.27562519,-71.13142204,0,0,Afternoon,0,1,Winter,1,5,Other,0,9.0,2.0,3.0,0.0,0.0
I172083903,1402,Vandalism,VANDALISM,A1,111,,2017-10-08T07:12:00.000-04:00,2017,10,Sunday,7,Part Two,WINTER ST,42.35602373,-71.06177615,0,42.35602373,-71.06177615,0,0,Morning,1,2,Fall,4,7,Property,0,4.0,3.0,2.0,1.0,1.0
I182042439,3115,Investigate Person,INVESTIGATE PERSON,C11,355,,2018-06-01T19:00:00.000-04:00,2018,6,Friday,19,Part Three,PARK ST,42.29920158,-71.05853601,0,42.29920158,-71.05853601,0,0,Evening,0,1,Summer,2,5,Other,0,1.0,1.0,0.0,0.0,0.0
I152107541,3006,Medical Assistance,SICK/INJURED/MEDICAL - PERSON,C11,333,,2015-12-30T15:58:00.000-05:00,2015,12,Wednesday,15,Part Three,MOUNT EVERETT ST,42.31013569,-71.0702931,0,42.31013569,-71.0702931,0,0,Afternoon,0,1,Winter,4,3,Other,0,1.0,2.0,3.0,0.0,0.0
I152090378,2906,Violations,VAL - OPERATING UNREG/UNINS  CAR,D4,144,,2015-10-31T16:56:00.000-04:00,2015,10,Saturday,16,Part Two,MASSACHUSETTS AVE,42.34335843,-71.08576891,0,42.34335843,-71.08576891,0,0,Afternoon,1,2,Fall,4,6,Other,0,3.0,2.0,2.0,0.0,1.0
I182048413,613,Larceny,LARCENY SHOPLIFTING,D14,763,,2018-06-21T08:57:00.000-04:00,2018,6,Thursday,8,Part One,WASHINGTON ST,42.34910076,-71.1561239,0,42.34910076,-71.1561239,0,0,Morning,0,3,Summer,2,4,Property,0,8.0,3.0,0.0,1.0,2.0
I162102934,1402,Vandalism,VANDALISM,E18,499,,2016-12-17T19:30:00.000-05:00,2016,12,Saturday,19,Part Two,AMERICAN LEGION HWY,42.27810693,-71.11636523,0,42.27810693,-71.11636523,0,0,Evening,1,2,Winter,4,6,Property,0,7.0,1.0,3.0,1.0,1.0
I152079201,3301,Verbal Disputes,VERBAL DISPUTE,E18,481,,2015-09-23T10:50:00.000-04:00,2015,9,Wednesday,10,Part Three,HOLLINGSWORTH ST,42.26809427,-71.0990997,0,42.26809427,-71.0990997,0,0,Morning,0,1,Fall,3,3,Other,0,7.0,3.0,2.0,0.0,0.0
I152082481,3803,Motor Vehicle Accident Response,M/V ACCIDENT - PERSONAL INJURY,E5,"",,2015-10-04T11:58:00.000-04:00,2015,10,Sunday,11,Part Three,UNKNOWN,,,0,42.18246397604247,-70.85870749757449,1,1,Morning,1,1,Fall,4,7,Traffic,0,9.0,3.0,2.0,2.0,0.0
I182049240,3831,Motor Vehicle Accident Response,M/V - LEAVING SCENE - PROPERTY DAMAGE,B2,318,,2018-06-23T22:36:00.000-04:00,2018,6,Saturday,22,Part Three,HUTCHINGS ST,42.31026891,-71.08931055,0,42.31026891,-71.08931055,0,0,Night,1,1,Summer,2,6,Traffic,1,0.0,0.0,0.0,2.0,0.0
I162046706,1402,Vandalism,VANDALISM,B3,439,,2016-06-13T14:43:00.000-04:00,2016,6,Monday,14,Part Two,AMES WAY,42.28965805,-71.08634397,0,42.28965805,-71.08634397,0,0,Afternoon,0,2,Summer,2,1,Property,0,2.0,2.0,0.0,1.0,1.0
I162044709,2907,Violations,VAL - OPERATING AFTER REV/SUSP.,B3,455,,2016-06-07T01:58:00.000-04:00,2016,6,Tuesday,1,Part Two,NORWELL ST,42.30027796,-71.07883962,0,42.30027796,-71.07883962,0,0,Night,0,2,Summer,2,2,Other,1,2.0,0.0,0.0,0.0,1.0
I182026831,1402,Vandalism,VANDALISM,B2,326,,2018-04-10T18:41:00.000-04:00,2018,4,Tuesday,18,Part Two,QUINCY ST,42.31332153,-71.07591511,0,42.31332153,-71.07591511,0,0,Evening,0,2,Spring,2,2,Property,0,0.0,1.0,1.0,1.0,1.0
I172077020,1402,Vandalism,VANDALISM,E5,682,,2017-09-15T22:50:00.000-04:00,2017,9,Friday,22,Part Two,WALWORTH ST,42.28453015,-71.13751176,0,42.28453015,-71.13751176,0,0,Night,0,2,Fall,3,5,Property,1,9.0,0.0,2.0,1.0,1.0
I172068331,3115,Investigate Person,INVESTIGATE PERSON,D4,598,,2017-08-18T00:00:00.000-04:00,2017,8,Friday,0,Part Three,DALTON ST,42.34634313,-71.08482013,0,42.34634313,-71.08482013,0,0,Night,0,1,Summer,3,5,Other,1,3.0,0.0,0.0,0.0,0.0
I182048011,3207,Property Found,PROPERTY - FOUND,D4,627,,2018-06-19T21:16:00.000-04:00,2018,6,Tuesday,21,Part Three,BOYLSTON ST,42.34442266,-71.09833083,0,42.34442266,-71.09833083,0,0,Night,0,1,Summer,2,2,Other,0,3.0,0.0,0.0,0.0,0.0
I182002410,1402,Vandalism,VANDALISM,D14,788,,2018-01-08T20:00:00.000-05:00,2018,1,Monday,20,Part Two,CHISWICK RD,42.33928823,-71.15006824,0,42.33928823,-71.15006824,0,0,Evening,0,2,Winter,1,1,Property,0,8.0,1.0,3.0,1.0,1.0
I162026340,3115,Investigate Person,INVESTIGATE PERSON,B2,288,,2016-04-05T16:03:00.000-04:00,2016,4,Tuesday,16,Part Three,MALCOLM X BLVD,42.33056715,-71.08806813,0,42.33056715,-71.08806813,0,0,Afternoon,0,1,Spring,2,2,Other,0,0.0,2.0,1.0,0.0,0.0
I172101812,802,Simple Assault,ASSAULT SIMPLE - BATTERY,B2,294,,2017-12-08T12:42:00.000-05:00,2017,12,Friday,12,Part Two,REGENT ST,42.32499184,-71.08510544,0,42.32499184,-71.08510544,0,0,Afternoon,0,2,Winter,4,5,Violent,0,0.0,2.0,3.0,3.0,1.0
I172063493,3831,Motor Vehicle Accident Response,M/V - LEAVING SCENE - PROPERTY DAMAGE,C11,358,,2017-08-04T00:11:00.000-04:00,2017,8,Friday,0,Part Three,GENEVA AVE,42.29848866,-71.06313294,0,42.29848866,-71.06313294,0,0,Night,0,1,Summer,3,5,Traffic,1,1.0,0.0,0.0,2.0,0.0
I172100376,617,Larceny,LARCENY THEFT FROM BUILDING,C6,229,,2017-12-03T11:09:00.000-05:00,2017,12,Sunday,11,Part One,E SIXTH ST,42.33298734,-71.04282382,0,42.33298734,-71.04282382,0,0,Morning,1,3,Winter,4,7,Property,0,5.0,3.0,3.0,1.0,2.0
I172067827,619,Larceny,LARCENY ALL OTHERS,C6,186,,2017-08-17T13:29:00.000-04:00,2017,8,Thursday,13,Part One,BOSTON ST,42.32593682,-71.05885279,0,42.32593682,-71.05885279,0,0,Afternoon,0,3,Summer,3,4,Property,0,5.0,2.0,0.0,1.0,2.0
I162033713,2900,Other,VAL - VIOLATION OF AUTO LAW - OTHER,B2,239,,2016-05-01T09:09:00.000-04:00,2016,5,Sunday,9,Part Two,BELDEN SQ,42.31809215,-71.06583835,0,42.31809215,-71.06583835,0,0,Morning,1,2,Spring,2,7,Other,0,0.0,3.0,1.0,0.0,1.0
I182028745,2906,Violations,VAL - OPERATING UNREG/UNINS  CAR,C11,359,,2018-04-17T17:54:00.000-04:00,2018,4,Tuesday,17,Part Two,HOOPER ST,42.2945837,-71.06898342,0,42.2945837,-71.06898342,0,0,Evening,0,2,Spring,2,2,Other,0,1.0,1.0,1.0,0.0,1.0
I162009790,2906,Violations,VAL - OPERATING UNREG/UNINS  CAR,E13,571,,2016-02-05T14:38:00.000-05:00,2016,2,Friday,14,Part Two,FOREST HILLS ST,42.31134205,-71.10166558,0,42.31134205,-71.10166558,0,0,Afternoon,0,2,Winter,1,5,Other,0,6.0,2.0,3.0,0.0,1.0
I172025397,3130,Search Warrants,SEARCH WARRANT,B2,324,,2017-04-01T22:25:00.000-04:00,2017,4,Saturday,22,Part Three,DEVON ST,42.30812619,-71.07692974,0,42.30812619,-71.07692974,0,0,Night,1,1,Spring,2,6,Other,1,0.0,0.0,1.0,0.0,0.0
I152105102,3006,Medical Assistance,SICK/INJURED/MEDICAL - PERSON,E13,573,,2015-12-21T09:21:00.000-05:00,2015,12,Monday,9,Part Three,GREEN ST,42.30999052,-71.10588122,0,42.30999052,-71.10588122,0,0,Morning,0,1,Winter,4,1,Other,0,6.0,3.0,3.0,0.0,0.0
I182051649,3502,Missing Person Located,MISSING PERSON - LOCATED,B3,421,,2018-06-28T05:00:00.000-04:00,2018,6,Thursday,5,Part Three,FRENCH ST,42.27450175,-71.09042183,0,42.27450175,-71.09042183,0,0,Night,0,1,Summer,2,4,Other,0,2.0,0.0,0.0,0.0,0.0
I162079047,3410,Towed,TOWED MOTOR VEHICLE,A1,70,,2016-09-27T09:13:00.000-04:00,2016,9,Tuesday,9,Part Three,MOUNT VERNON ST,42.35794496,-71.06914257,0,42.35794496,-71.06914257,0,0,Morning,0,1,Fall,3,2,Other,0,4.0,3.0,2.0,0.0,0.0
I162026942,619,Larceny,LARCENY ALL OTHERS,E5,731,,2016-04-07T16:00:00.000-04:00,2016,4,Thursday,16,Part One,VARICK RD,42.28445283,-71.16817934,0,42.28445283,-71.16817934,0,0,Afternoon,0,3,Spring,2,4,Property,0,9.0,2.0,1.0,1.0,2.0
I162011959,423,Aggravated Assault,ASSAULT - AGGRAVATED,B2,288,,2016-02-14T15:30:00.000-05:00,2016,2,Sunday,15,Part One,WASHINGTON ST,42.32925905,-71.08482402,0,42.32925905,-71.08482402,0,0,Afternoon,1,3,Winter,1,7,Violent,0,0.0,2.0,3.0,3.0,2.0
I182030456,3006,Medical Assistance,SICK/INJURED/MEDICAL - PERSON,E13,916,,2018-04-23T18:52:49.000-04:00,2018,4,Monday,18,Part Three,BICKFORD ST,42.32483301,-71.10164757,0,42.32483301,-71.10164757,0,0,Evening,0,1,Spring,2,1,Other,0,6.0,1.0,1.0,0.0,0.0
I162095794,3018,Medical Assistance,SICK/INJURED/MEDICAL - POLICE,B2,257,,2016-11-23T00:52:00.000-05:00,2016,11,Wednesday,0,Part Three,STOUGHTON ST,42.3166175,-71.06407827,0,42.3166175,-71.06407827,0,0,Night,0,1,Fall,4,3,Other,1,0.0,0.0,2.0,0.0,0.0
I172037459,3115,Investigate Person,INVESTIGATE PERSON,E18,529,,2017-05-12T20:41:00.000-04:00,2017,5,Friday,20,Part Three,DANNY RD,42.24133823,-71.13894909,0,42.24133823,-71.13894909,0,0,Evening,0,1,Spring,2,5,Other,0,7.0,1.0,1.0,0.0,0.0
I162059177,2647,Other,THREATS TO DO BODILY HARM,B2,328,,2016-07-25T00:15:00.000-04:00,2016,7,Monday,0,Part Two,NORMANDY ST,42.31071077,-71.07876813,0,42.31071077,-71.07876813,0,0,Night,0,2,Summer,3,1,Other,1,0.0,0.0,0.0,0.0,1.0
I152099016,3410,Towed,TOWED MOTOR VEHICLE,A7,35,,2015-11-30T08:05:00.000-05:00,2015,11,Monday,8,Part Three,ORLEANS ST,42.36792968,-71.0381222,0,42.36792968,-71.0381222,0,0,Morning,0,1,Fall,4,1,Other,0,10.0,3.0,2.0,0.0,0.0
I152073816,1874,Drug Violation,DRUGS - OTHER,E18,498,,2015-09-05T14:02:00.000-04:00,2015,9,Saturday,14,Part Two,AMERICAN LEGION HWY,42.27727177,-71.11572996,0,42.27727177,-71.11572996,0,0,Afternoon,1,2,Fall,3,6,Drug,0,7.0,2.0,2.0,4.0,1.0
I172098273,617,Larceny,LARCENY THEFT FROM BUILDING,C6,227,,2017-11-25T14:00:00.000-05:00,2017,11,Saturday,14,Part One,E BROADWAY,42.33568411,-71.03231905,0,42.33568411,-71.03231905,0,0,Afternoon,1,3,Fall,4,6,Property,0,5.0,2.0,2.0,1.0,2.0
I152051986,1874,Drug Violation,DRUGS - OTHER,C11,367,,2015-06-23T16:52:00.000-04:00,2015,6,Tuesday,16,Part Two,HANCOCK ST,42.310434,-71.0613401,0,42.310434,-71.0613401,0,0,Afternoon,0,2,Summer,2,2,Drug,0,1.0,2.0,0.0,4.0,1.0
I162028464,2905,Violations,VAL - OPERATING WITHOUT LICENSE,E13,582,,2016-04-12T19:58:00.000-04:00,2016,4,Tuesday,19,Part Two,CENTRE ST,42.32262869,-71.10583347,0,42.32262869,-71.10583347,0,0,Evening,0,2,Spring,2,2,Other,0,6.0,1.0,1.0,0.0,1.0
I182044660,802,Simple Assault,ASSAULT SIMPLE - BATTERY,C11,393,,2018-06-09T12:25:00.000-04:00,2018,6,Saturday,12,Part Two,DORCHESTER AVE,42.28657334,-71.06408374,0,42.28657334,-71.06408374,0,0,Afternoon,1,2,Summer,2,6,Violent,0,1.0,2.0,0.0,3.0,1.0
I162044068,3831,Motor Vehicle Accident Response,M/V - LEAVING SCENE - PROPERTY DAMAGE,D4,"",,2016-06-04T20:37:00.000-04:00,2016,6,Saturday,20,Part Three,UNKNOWN,,,0,42.18246397604247,-70.85870749757449,1,1,Evening,1,1,Summer,2,6,Traffic,0,3.0,1.0,0.0,2.0,0.0
I152068177,3803,Motor Vehicle Accident Response,M/V ACCIDENT - PERSONAL INJURY,E18,498,,2015-08-17T18:00:00.000-04:00,2015,8,Monday,18,Part Three,HYDE PARK AVE,42.27380942,-71.11996035,0,42.27380942,-71.11996035,0,0,Evening,0,1,Summer,3,1,Traffic,0,7.0,1.0,0.0,2.0,0.0
I172049169,3301,Verbal Disputes,VERBAL DISPUTE,E18,480,,2017-06-19T19:23:00.000-04:00,2017,6,Monday,19,Part Three,BISMARCK ST,42.26983458,-71.10003437,0,42.26983458,-71.10003437,0,0,Evening,0,1,Summer,2,1,Other,0,7.0,1.0,0.0,0.0,0.0
I162104299,802,Simple Assault,ASSAULT SIMPLE - BATTERY,B2,280,,2016-12-23T03:18:00.000-05:00,2016,12,Friday,3,Part Two,DUDLEY ST,42.32872589,-71.08382217,0,42.32872589,-71.08382217,0,0,Night,0,2,Winter,4,5,Violent,1,0.0,0.0,3.0,3.0,1.0
I172106616,3115,Investigate Person,INVESTIGATE PERSON,A7,7,,2017-11-26T10:00:00.000-05:00,2017,11,Sunday,10,Part Three,ANTRIM ST,42.38753773,-71.00573267,0,42.38753773,-71.00573267,0,0,Morning,1,1,Fall,4,7,Other,0,10.0,3.0,2.0,0.0,0.0
I152104648,3201,Property Lost,PROPERTY - LOST,B2,612,,2015-12-19T13:07:00.000-05:00,2015,12,Saturday,13,Part Three,LONGWOOD AVE,42.33744152,-71.10428096,0,42.33744152,-71.10428096,0,0,Afternoon,1,1,Winter,4,6,Other,0,0.0,2.0,3.0,0.0,0.0
I162028109,3006,Medical Assistance,SICK/INJURED/MEDICAL - PERSON,B2,589,,2016-04-11T17:23:00.000-04:00,2016,4,Monday,17,Part Three,PARKER ST,42.33577842,-71.09438572,0,42.33577842,-71.09438572,0,0,Evening,0,1,Spring,2,1,Other,0,0.0,1.0,1.0,0.0,0.0
I152071311,1300,Recovered Stolen Property,STOLEN PROPERTY - BUYING / RECEIVING / POSSESSING,A7,14,,2015-08-28T02:00:00.000-04:00,2015,8,Friday,2,Part Two,BYRON ST,42.38439979,-71.01832187,0,42.38439979,-71.01832187,0,0,Night,0,2,Summer,3,5,Other,1,10.0,0.0,0.0,0.0,1.0
I162017302,3807,Motor Vehicle Accident Response,M/V ACCIDENT - OTHER CITY VEHICLE,A1,63,,2016-03-04T21:37:00.000-05:00,2016,3,Friday,21,Part Three,WHITTIER PL,42.3656254,-71.06725853,0,42.3656254,-71.06725853,0,0,Night,0,1,Spring,1,5,Traffic,0,4.0,0.0,1.0,2.0,0.0
I162103347,3115,Investigate Person,INVESTIGATE PERSON,E18,533,,2016-12-19T17:55:00.000-05:00,2016,12,Monday,17,Part Three,WESTINGHOUSE PLZ,42.24422964,-71.13251945,0,42.24422964,-71.13251945,0,0,Evening,0,1,Winter,4,1,Other,0,7.0,1.0,3.0,0.0,0.0
I162030470,614,Larceny From Motor Vehicle,LARCENY THEFT FROM MV - NON-ACCESSORY,B2,319,,2016-04-19T19:15:00.000-04:00,2016,4,Tuesday,19,Part One,BLUE HILL AVE,42.30803768,-71.08359213,0,42.30803768,-71.08359213,0,0,Evening,0,3,Spring,2,2,Property,0,0.0,1.0,1.0,1.0,2.0
I162092542,3803,Motor Vehicle Accident Response,M/V ACCIDENT - PERSONAL INJURY,B3,437,,2016-11-11T20:09:00.000-05:00,2016,11,Friday,20,Part Three,FERNDALE ST,42.2881688,-71.07709596,0,42.2881688,-71.07709596,0,0,Evening,0,1,Fall,4,5,Traffic,0,2.0,1.0,2.0,2.0,0.0
I172100000,3006,Medical Assistance,SICK/INJURED/MEDICAL - PERSON,B3,420,,2017-12-02T07:27:00.000-05:00,2017,12,Saturday,7,Part Three,W SELDEN ST,42.27967492,-71.08381263,0,42.27967492,-71.08381263,0,0,Morning,1,1,Winter,4,6,Other,0,2.0,3.0,3.0,0.0,0.0
I172052753,613,Larceny,LARCENY SHOPLIFTING,D4,130,,2017-06-30T18:06:00.000-04:00,2017,6,Friday,18,Part One,HUNTINGTON AVE,42.34749899,-71.07925506,0,42.34749899,-71.07925506,0,0,Evening,0,3,Summer,2,5,Property,0,3.0,1.0,0.0,1.0,2.0
I162094720,1415,Vandalism,GRAFFITI,E13,642,,2016-11-19T11:53:00.000-05:00,2016,11,Saturday,11,Part Two,CENTRE ST,42.31322316,-71.11409925,0,42.31322316,-71.11409925,0,0,Morning,1,2,Fall,4,6,Property,0,6.0,3.0,2.0,1.0,1.0
I162006484,413,Aggravated Assault,ASSAULT - AGGRAVATED - BATTERY,B2,265,,2016-01-24T20:30:00.000-05:00,2016,1,Sunday,20,Part One,COPELAND PARK,42.32287054,-71.07941336,0,42.32287054,-71.07941336,0,0,Evening,1,3,Winter,1,7,Violent,0,0.0,1.0,3.0,3.0,2.0
I172101448,1402,Vandalism,VANDALISM,C6,208,,2017-12-07T07:51:00.000-05:00,2017,12,Thursday,7,Part Two,E FIRST ST,42.33827835,-71.02724171,0,42.33827835,-71.02724171,0,0,Morning,0,2,Winter,4,4,Property,0,5.0,3.0,3.0,1.0,1.0
I162018321,3114,Investigate Property,INVESTIGATE PROPERTY,B3,459,,2016-03-08T18:06:00.000-05:00,2016,3,Tuesday,18,Part Three,ERIE ST,42.30272114,-71.07976167,0,42.30272114,-71.07976167,0,0,Evening,0,1,Spring,1,2,Other,0,2.0,1.0,1.0,0.0,0.0
I172081481,3502,Missing Person Located,MISSING PERSON - LOCATED,A1,954,,2017-09-30T00:14:00.000-04:00,2017,9,Saturday,0,Part Three,FULTON ST,42.36293611,-71.05253795,0,42.36293611,-71.05253795,0,0,Night,1,1,Fall,3,6,Other,1,4.0,0.0,2.0,0.0,0.0
I152049488,3006,Medical Assistance,SICK/INJURED/MEDICAL - PERSON,E18,502,,2015-06-15T01:53:00.000-04:00,2015,6,Monday,1,Part Three,JEWETT ST,42.28570914,-71.11730039,0,42.28570914,-71.11730039,0,0,Night,0,1,Summer,2,1,Other,1,7.0,0.0,0.0,0.0,0.0
I182026914,3115,Investigate Person,INVESTIGATE PERSON,B2,331,,2018-03-15T00:00:00.000-04:00,2018,3,Thursday,0,Part Three,DRAYTON AVE,42.31215757,-71.07056813,0,42.31215757,-71.07056813,0,0,Night,0,1,Spring,1,4,Other,1,0.0,0.0,1.0,0.0,0.0
I162031144,560,Other Burglary,BURGLARY - OTHER - FORCE,B2,601,,2016-04-22T08:30:00.000-04:00,2016,4,Friday,8,Part One,SAINT ALPHONSUS ST,42.33364098,-71.1008891,0,42.33364098,-71.1008891,0,0,Morning,0,3,Spring,2,5,Property,0,0.0,3.0,1.0,1.0,2.0
I172000377,3501,Missing Person Reported,MISSING PERSON,B3,453,,2016-12-30T12:00:00.000-05:00,2016,12,Friday,12,Part Three,HARVARD PARK,42.29884893,-71.07449992,0,42.29884893,-71.07449992,0,0,Afternoon,0,1,Winter,4,5,Other,0,2.0,2.0,3.0,0.0,0.0
I182002873,802,Simple Assault,ASSAULT SIMPLE - BATTERY,C6,913,,2018-01-11T19:08:00.000-05:00,2018,1,Thursday,19,Part Two,WESTWIND RD,42.31878665,-71.04178884,0,42.31878665,-71.04178884,0,0,Evening,0,2,Winter,1,4,Violent,0,5.0,1.0,3.0,3.0,1.0
I182041193,3201,Property Lost,PROPERTY - LOST,B2,293,,2017-05-29T12:09:00.000-04:00,2017,5,Monday,12,Part Three,LOGAN ST,42.32610373,-71.09042875,0,42.32610373,-71.09042875,0,0,Afternoon,0,1,Spring,2,1,Other,0,0.0,2.0,1.0,0.0,0.0
I162042593,615,Larceny From Motor Vehicle,LARCENY THEFT OF MV PARTS & ACCESSORIES,B3,467,,2016-05-31T10:45:00.000-04:00,2016,5,Tuesday,10,Part One,WESTMORE RD,42.28277812,-71.09806504,0,42.28277812,-71.09806504,0,0,Morning,0,3,Spring,2,2,Property,0,2.0,3.0,1.0,1.0,2.0
I162074350,2647,Other,THREATS TO DO BODILY HARM,B3,452,,2016-09-11T21:46:00.000-04:00,2016,9,Sunday,21,Part Two,WASHINGTON ST,42.29628785,-71.0722251,0,42.29628785,-71.0722251,0,0,Night,1,2,Fall,3,7,Other,0,2.0,0.0,2.0,0.0,1.0
I182030621,3501,Missing Person Reported,MISSING PERSON,A7,30,,2018-04-12T13:00:00.000-04:00,2018,4,Thursday,13,Part Three,EVERETT ST,42.3680977,-71.03606404,0,42.3680977,-71.03606404,0,0,Afternoon,0,1,Spring,2,4,Other,0,10.0,2.0,1.0,0.0,0.0
I162026738,3114,Investigate Property,INVESTIGATE PROPERTY,B3,459,,2016-04-06T23:30:00.000-04:00,2016,4,Wednesday,23,Part Three,HEWINS ST,42.30301051,-71.0818306,0,42.30301051,-71.0818306,0,0,Night,0,1,Spring,2,3,Other,1,2.0,0.0,1.0,0.0,0.0
I172031918,614,Larceny From Motor Vehicle,LARCENY THEFT FROM MV - NON-ACCESSORY,C11,394,,2017-04-24T09:15:00.000-04:00,2017,4,Monday,9,Part One,BUSHNELL ST,42.2833382,-71.06230407,0,42.2833382,-71.06230407,0,0,Morning,0,3,Spring,2,1,Property,0,1.0,3.0,1.0,1.0,2.0
I162063143,3410,Towed,TOWED MOTOR VEHICLE,D4,149,,2016-08-06T17:05:00.000-04:00,2016,8,Saturday,17,Part Three,COLUMBUS AVE,42.3440235,-71.077549,0,42.3440235,-71.077549,0,0,Evening,1,1,Summer,3,6,Other,0,3.0,1.0,0.0,0.0,0.0
I172055090,3502,Missing Person Located,MISSING PERSON - LOCATED,B2,309,,2017-07-08T11:08:00.000-04:00,2017,7,Saturday,11,Part Three,WARREN ST,42.31993295,-71.08157395,0,42.31993295,-71.08157395,0,0,Morning,1,1,Summer,3,6,Other,0,0.0,3.0,0.0,0.0,0.0
I152056895,617,Larceny,LARCENY THEFT FROM BUILDING,A7,29,,2015-07-10T10:18:00.000-04:00,2015,7,Friday,10,Part One,ORLEANS ST,42.37004744,-71.03610951,0,42.37004744,-71.03610951,0,0,Morning,0,3,Summer,3,5,Property,0,10.0,3.0,0.0,1.0,2.0
I162055438,3106,Property Related Damage,PROPERTY - ACCIDENTAL DAMAGE,E18,512,,2016-07-12T14:04:00.000-04:00,2016,7,Tuesday,14,Part Three,WARREN AVE,42.25246653,-71.11683569,0,42.25246653,-71.11683569,0,0,Afternoon,0,1,Summer,3,2,Other,0,7.0,2.0,0.0,0.0,0.0
I162076947,3831,Motor Vehicle Accident Response,M/V - LEAVING SCENE - PROPERTY DAMAGE,B2,458,,2016-09-20T13:47:00.000-04:00,2016,9,Tuesday,13,Part Three,BLUE HILL AVE,42.30938437,-71.08262277,0,42.30938437,-71.08262277,0,0,Afternoon,0,1,Fall,3,2,Traffic,0,0.0,2.0,2.0,2.0,0.0
I182050658,521,Residential Burglary,BURGLARY - RESIDENTIAL - ATTEMPT,B3,411,,2018-06-28T09:55:00.000-04:00,2018,6,Thursday,9,Part One,MARYKNOLL TER,42.2759894,-71.07865649,0,42.2759894,-71.07865649,0,0,Morning,0,3,Summer,2,4,Property,0,2.0,3.0,0.0,1.0,2.0
I172099998,3115,Investigate Person,INVESTIGATE PERSON,C6,925,,2017-12-02T07:16:00.000-05:00,2017,12,Saturday,7,Part Three,W NINTH ST,42.33357533,-71.0529755,0,42.33357533,-71.0529755,0,0,Morning,1,1,Winter,4,6,Other,0,5.0,3.0,3.0,0.0,0.0
I152091383,3006,Medical Assistance,SICK/INJURED/MEDICAL - PERSON,A7,26,,2015-11-03T18:13:00.000-05:00,2015,11,Tuesday,18,Part Three,BORDER ST,42.38198241,-71.04033333,0,42.38198241,-71.04033333,0,0,Evening,0,1,Fall,4,2,Other,0,10.0,1.0,2.0,0.0,0.0
I182048833,3115,Investigate Person,INVESTIGATE PERSON,B3,464,,2018-06-22T15:09:00.000-04:00,2018,6,Friday,15,Part Three,BROOKVIEW ST,42.2887411,-71.09117797,0,42.2887411,-71.09117797,0,0,Afternoon,0,1,Summer,2,5,Other,0,2.0,2.0,0.0,0.0,0.0
I172062656,520,Residential Burglary,BURGLARY - RESIDENTIAL - FORCE,E18,481,,2017-08-01T15:53:00.000-04:00,2017,8,Tuesday,15,Part One,CUMMINS HWY,42.26911567,-71.09647122,0,42.26911567,-71.09647122,0,0,Afternoon,0,3,Summer,3,2,Property,0,7.0,2.0,0.0,1.0,2.0
I172064669,617,Larceny,LARCENY THEFT FROM BUILDING,C11,454,,2017-08-06T13:00:00.000-04:00,2017,8,Sunday,13,Part One,WASHINGTON ST,42.30022551,-71.07468313,0,42.30022551,-71.07468313,0,0,Afternoon,1,3,Summer,3,7,Property,0,1.0,2.0,0.0,1.0,2.0
I162001735,3831,Motor Vehicle Accident Response,M/V - LEAVING SCENE - PROPERTY DAMAGE,B2,319,,2016-01-07T07:50:00.000-05:00,2016,1,Thursday,7,Part Three,BLUE HILL AVE,42.30557347,-71.08471265,0,42.30557347,-71.08471265,0,0,Morning,0,1,Winter,1,4,Traffic,0,0.0,3.0,3.0,2.0,0.0
I162032631,724,Auto Theft,AUTO THEFT,C11,451,,2016-04-26T22:00:00.000-04:00,2016,4,Tuesday,22,Part One,WASHINGTON ST,42.29526287,-71.07207439,0,42.29526287,-71.07207439,0,0,Night,0,3,Spring,2,2,Property,1,1.0,0.0,1.0,1.0,2.0
I162099246,3805,Motor Vehicle Accident Response,M/V ACCIDENT - POLICE VEHICLE,D14,779,,2016-12-05T19:19:00.000-05:00,2016,12,Monday,19,Part Three,ARLINGTON ST,42.35164054,-71.15192725,0,42.35164054,-71.15192725,0,0,Evening,0,1,Winter,4,1,Traffic,0,8.0,1.0,3.0,2.0,0.0
I182022959,3801,Motor Vehicle Accident Response,M/V ACCIDENT - OTHER,E18,502,,2018-03-28T02:18:00.000-04:00,2018,3,Wednesday,2,Part Three,HYDE PARK AVE,42.28519412,-71.11881058,0,42.28519412,-71.11881058,0,0,Night,0,1,Spring,1,3,Traffic,1,7.0,0.0,1.0,2.0,0.0
I172034769,3201,Property Lost,PROPERTY - LOST,D14,793,,2017-05-03T17:48:00.000-04:00,2017,5,Wednesday,17,Part Three,COMMONWEALTH AVE,42.34838862,-71.13455322,0,42.34838862,-71.13455322,0,0,Evening,0,1,Spring,2,3,Other,0,8.0,1.0,1.0,0.0,0.0
I152055529,2610,Other,TRESPASSING,A15,38,,2015-07-05T16:25:00.000-04:00,2015,7,Sunday,16,Part Two,NINTH ST,42.37558378,-71.05182911,0,42.37558378,-71.05182911,0,0,Afternoon,1,2,Summer,3,7,Other,0,11.0,2.0,0.0,0.0,1.0
I172060646,614,Larceny From Motor Vehicle,LARCENY THEFT FROM MV - NON-ACCESSORY,D4,271,,2017-07-26T12:20:00.000-04:00,2017,7,Wednesday,12,Part One,E LENOX ST,42.33437384,-71.07793188,0,42.33437384,-71.07793188,0,0,Afternoon,0,3,Summer,3,3,Property,0,3.0,2.0,0.0,1.0,2.0
I162025251,3125,Warrant Arrests,WARRANT ARREST,A1,102,,2016-04-01T16:46:00.000-04:00,2016,4,Friday,16,Part Three,TREMONT ST,42.356585,-71.06189505,0,42.356585,-71.06189505,0,0,Afternoon,0,1,Spring,2,5,Other,0,4.0,2.0,1.0,0.0,0.0
I172105977,3114,Investigate Property,INVESTIGATE PROPERTY,B2,258,,2017-12-24T05:31:00.000-05:00,2017,12,Sunday,5,Part Three,COLUMBIA RD,42.315969,-71.066253,0,42.315969,-71.066253,0,0,Night,1,1,Winter,4,7,Other,0,0.0,0.0,3.0,0.0,0.0
I182057559,3810,Motor Vehicle Accident Response,M/V ACCIDENT - INVOLVING  BICYCLE - INJURY,A15,51,,2018-07-21T19:53:00.000-04:00,2018,7,Saturday,19,Part Three,MAIN ST,42.38409897,-71.0729656,0,42.38409897,-71.0729656,0,0,Evening,1,1,Summer,3,6,Traffic,0,11.0,1.0,0.0,2.0,0.0
I152106169,617,Larceny,LARCENY THEFT FROM BUILDING,D4,143,,2015-12-24T20:01:00.000-05:00,2015,12,Thursday,20,Part One,BOYLSTON ST,42.34862382,-71.08277637,0,42.34862382,-71.08277637,0,0,Evening,0,3,Winter,4,4,Property,0,3.0,1.0,3.0,1.0,2.0
I172107476,520,Residential Burglary,BURGLARY - RESIDENTIAL - FORCE,E13,572,,2017-12-30T23:46:00.000-05:00,2017,12,Saturday,23,Part One,DIXWELL ST,42.31433402,-71.09791405,0,42.31433402,-71.09791405,0,0,Night,1,3,Winter,4,6,Property,1,6.0,0.0,3.0,1.0,2.0
I182023350,1102,Fraud,FRAUD - FALSE PRETENSE / SCHEME,C6,173,,2018-03-21T00:00:00.000-04:00,2018,3,Wednesday,0,Part Two,DORCHESTER AVE,42.34210856,-71.05720719,0,42.34210856,-71.05720719,0,0,Night,0,2,Spring,1,3,Other,1,5.0,0.0,1.0,0.0,1.0
I182014242,3305,Assembly or Gathering Violations,DEMONSTRATIONS/RIOT,A1,114,,2018-02-23T08:20:00.000-05:00,2018,2,Friday,8,Part Three,CONGRESS ST,42.3530074,-71.05289344,0,42.3530074,-71.05289344,0,0,Morning,0,1,Winter,1,5,Other,0,4.0,3.0,3.0,0.0,0.0
I162078220,522,Residential Burglary,BURGLARY - RESIDENTIAL - NO FORCE,D14,758,,2016-09-21T09:00:00.000-04:00,2016,9,Wednesday,9,Part One,BRACKETT ST,42.35110337,-71.16524536,0,42.35110337,-71.16524536,0,0,Morning,0,3,Fall,3,3,Property,0,8.0,3.0,2.0,1.0,2.0
I182001071,3125,Warrant Arrests,WARRANT ARREST,A1,63,,2018-01-05T10:18:00.000-05:00,2018,1,Friday,10,Part Three,NEW SUDBURY ST,42.36183857,-71.05976489,0,42.36183857,-71.05976489,0,0,Morning,0,1,Winter,1,5,Other,0,4.0,3.0,3.0,0.0,0.0
I182070453,1402,Vandalism,VANDALISM,E5,562,,2018-09-02T02:00:00.000-04:00,2018,9,Sunday,2,Part Two,WASHINGTON ST,42.28788933,-71.12658585,0,42.28788933,-71.12658585,0,0,Night,1,2,Fall,3,7,Property,1,9.0,0.0,2.0,1.0,1.0
I152065304,3125,Warrant Arrests,WARRANT ARREST,E5,559,,2015-08-07T13:50:00.000-04:00,2015,8,Friday,13,Part Three,UNKNOWN,,,0,42.18246397604247,-70.85870749757449,1,1,Afternoon,0,1,Summer,3,5,Other,0,9.0,2.0,0.0,0.0,0.0
I172095070,560,Other Burglary,BURGLARY - OTHER - FORCE,B3,565,,2017-11-10T15:00:00.000-05:00,2017,11,Friday,15,Part One,AMERICAN LEGION HWY,42.29385183,-71.09373071,0,42.29385183,-71.09373071,0,0,Afternoon,0,3,Fall,4,5,Property,0,2.0,2.0,2.0,1.0,2.0
I162073226,2629,Harassment,HARASSMENT,B3,422,,2016-09-08T15:36:00.000-04:00,2016,9,Thursday,15,Part Two,RIVER ST,42.27133005,-71.08299865,0,42.27133005,-71.08299865,0,0,Afternoon,0,2,Fall,3,4,Other,0,2.0,2.0,2.0,0.0,1.0
I152056119,619,Larceny,LARCENY ALL OTHERS,A1,61,,2015-07-07T18:08:00.000-04:00,2015,7,Tuesday,18,Part One,CAUSEWAY ST,42.3653748,-71.06154162,0,42.3653748,-71.06154162,0,0,Evening,0,3,Summer,3,2,Property,0,4.0,1.0,0.0,1.0,2.0
I162035674,3831,Motor Vehicle Accident Response,M/V - LEAVING SCENE - PROPERTY DAMAGE,D14,"",,2016-05-07T14:30:00.000-04:00,2016,5,Saturday,14,Part Three,UNKNOWN,,,0,42.18246397604247,-70.85870749757449,1,1,Afternoon,1,1,Spring,2,6,Traffic,0,8.0,2.0,1.0,2.0,0.0
I162103125,1402,Vandalism,VANDALISM,B2,297,,2016-12-18T22:30:00.000-05:00,2016,12,Sunday,22,Part Two,MILLS ST,42.32130608,-71.08343731,0,42.32130608,-71.08343731,0,0,Night,1,2,Winter,4,7,Property,1,0.0,0.0,3.0,1.0,1.0
I182009056,311,Robbery,ROBBERY - COMMERCIAL,A1,75,,2018-02-03T18:45:00.000-05:00,2018,2,Saturday,18,Part One,PORTLAND ST,42.3642384,-71.06165515,0,42.3642384,-71.06165515,0,0,Evening,1,3,Winter,1,6,Violent,0,4.0,1.0,3.0,3.0,2.0
I162046022,802,Simple Assault,ASSAULT SIMPLE - BATTERY,C6,913,,2016-06-11T01:04:00.000-04:00,2016,6,Saturday,1,Part Two,MOUNT VERNON ST,42.31931497,-71.04631265,0,42.31931497,-71.04631265,0,0,Night,1,2,Summer,2,6,Violent,1,5.0,0.0,0.0,3.0,1.0
I172049402,3130,Search Warrants,SEARCH WARRANT,A1,93,,2017-06-20T16:01:00.000-04:00,2017,6,Tuesday,16,Part Three,UNION ST,42.36068787,-71.05687293,0,42.36068787,-71.05687293,0,0,Afternoon,0,1,Summer,2,2,Other,0,4.0,2.0,0.0,0.0,0.0
I162101486,3831,Motor Vehicle Accident Response,M/V - LEAVING SCENE - PROPERTY DAMAGE,B3,414,,2016-12-13T10:51:00.000-05:00,2016,12,Tuesday,10,Part Three,PLEASANT HILL AVE,42.27595944,-71.07204816,0,42.27595944,-71.07204816,0,0,Morning,0,1,Winter,4,2,Traffic,0,2.0,3.0,3.0,2.0,0.0
I162092305,735,Auto Theft Recovery,RECOVERED - MV RECOVERED IN BOSTON (STOLEN OUTSIDE BOSTON),B3,468,,2016-11-11T02:37:00.000-05:00,2016,11,Friday,2,Other,BLUE HILL AVE,42.27783207,-71.09355491,0,42.27783207,-71.09355491,0,0,Night,0,0,Fall,4,5,Property,1,2.0,0.0,2.0,1.0,3.0
I172100233,3301,Verbal Disputes,VERBAL DISPUTE,A15,900,,2017-12-02T23:03:00.000-05:00,2017,12,Saturday,23,Part Three,O'REILLY WAY,42.37789565,-71.05840764,0,42.37789565,-71.05840764,0,0,Night,1,1,Winter,4,6,Other,1,11.0,0.0,3.0,0.0,0.0
I152055100,423,Aggravated Assault,ASSAULT - AGGRAVATED,A1,64,,2015-07-04T02:59:00.000-04:00,2015,7,Saturday,2,Part One,FRUIT ST,42.36240281,-71.06954652,0,42.36240281,-71.06954652,0,0,Night,1,3,Summer,3,6,Violent,1,4.0,0.0,0.0,3.0,2.0
I172083126,3006,Medical Assistance,SICK/INJURED/MEDICAL - PERSON,E5,550,,2017-10-05T17:10:00.000-04:00,2017,10,Thursday,17,Part Three,HIGHCREST TER,42.27417161,-71.13745025,0,42.27417161,-71.13745025,0,0,Evening,0,1,Fall,4,4,Other,0,9.0,1.0,2.0,0.0,0.0
I172028017,3006,Medical Assistance,SICK/INJURED/MEDICAL - PERSON,A1,67,,2017-04-10T23:31:00.000-04:00,2017,4,Monday,23,Part Three,REVERE ST,42.35954321,-71.06749237,0,42.35954321,-71.06749237,0,0,Night,0,1,Spring,2,1,Other,1,4.0,0.0,1.0,0.0,0.0
I152060197,613,Larceny,LARCENY SHOPLIFTING,A1,120,,2015-07-07T14:30:00.000-04:00,2015,7,Tuesday,14,Part One,BOYLSTON ST,42.3520464,-71.06992523,0,42.3520464,-71.06992523,0,0,Afternoon,0,3,Summer,3,2,Property,0,4.0,2.0,0.0,1.0,2.0
I172024147,611,Larceny,LARCENY PICK-POCKET,D4,620,,2017-03-28T16:45:00.000-04:00,2017,3,Tuesday,16,Part One,MASSACHUSETTS AVE,42.3465558,-71.08737452,0,42.3465558,-71.08737452,0,0,Afternoon,0,3,Spring,1,2,Property,0,3.0,2.0,1.0,1.0,2.0
I162079613,423,Aggravated Assault,ASSAULT - AGGRAVATED,B2,311,,2016-09-29T02:49:00.000-04:00,2016,9,Thursday,2,Part One,MAYWOOD ST,42.31679542,-71.07964562,0,42.31679542,-71.07964562,0,0,Night,0,3,Fall,3,4,Violent,1,0.0,0.0,2.0,3.0,2.0
I182005127,3018,Medical Assistance,SICK/INJURED/MEDICAL - POLICE,A1,63,,2018-01-20T01:58:00.000-05:00,2018,1,Saturday,1,Part Three,NEW SUDBURY ST,42.36183857,-71.05976489,0,42.36183857,-71.05976489,0,0,Night,1,1,Winter,1,6,Other,1,4.0,0.0,3.0,0.0,0.0
I182040999,1843,Drug Violation,DRUGS - POSS CLASS B - INTENT TO MFR DIST DISP,A1,117,,2018-05-28T19:03:00.000-04:00,2018,5,Monday,19,Part Two,BOYLSTON ST,42.3523414,-71.06296987,0,42.3523414,-71.06296987,0,0,Evening,0,2,Spring,2,1,Drug,0,4.0,1.0,1.0,4.0,1.0
I182044143,1102,Fraud,FRAUD - FALSE PRETENSE / SCHEME,B2,901,,2018-06-04T12:00:00.000-04:00,2018,6,Monday,12,Part Two,HORADAN WAY,42.33371742,-71.09665806,0,42.33371742,-71.09665806,0,0,Afternoon,0,2,Summer,2,1,Other,0,0.0,2.0,0.0,0.0,1.0
I172067681,1304,Recovered Stolen Property,PROPERTY - STOLEN THEN RECOVERED,C6,207,,2017-08-17T04:38:00.000-04:00,2017,8,Thursday,4,Part Two,DRY DOCK AVE,42.3447348,-71.02964543,0,42.3447348,-71.02964543,0,0,Night,0,2,Summer,3,4,Other,0,5.0,0.0,0.0,0.0,1.0
I152071306,2900,Other,VAL - VIOLATION OF AUTO LAW - OTHER,D14,801,,2015-08-28T07:26:00.000-04:00,2015,8,Friday,7,Part Two,FARRINGTON AVE,42.35429484,-71.13190433,0,42.35429484,-71.13190433,0,0,Morning,0,2,Summer,3,5,Other,0,8.0,3.0,0.0,0.0,1.0
I172002012,3301,Verbal Disputes,VERBAL DISPUTE,D4,270,,2017-01-08T12:07:00.000-05:00,2017,1,Sunday,12,Part Three,NORTHAMPTON ST,42.33395125,-71.07538939,0,42.33395125,-71.07538939,0,0,Afternoon,1,1,Winter,1,7,Other,0,3.0,2.0,3.0,0.0,0.0
I162063309,3114,Investigate Property,INVESTIGATE PROPERTY,E5,559,,2016-08-07T09:08:00.000-04:00,2016,8,Sunday,9,Part Three,CLIFTONDALE ST,42.28215569,-71.1309155,0,42.28215569,-71.1309155,0,0,Morning,1,1,Summer,3,7,Other,0,9.0,3.0,0.0,0.0,0.0
I162022509,619,Larceny,LARCENY ALL OTHERS,D4,166,,2016-03-16T18:10:00.000-04:00,2016,3,Wednesday,18,Part One,UNION PARK ST,42.34174227,-71.07011004,0,42.34174227,-71.07011004,0,0,Evening,0,3,Spring,1,3,Property,0,3.0,1.0,1.0,1.0,2.0
I152055557,3803,Motor Vehicle Accident Response,M/V ACCIDENT - PERSONAL INJURY,E13,648,,2015-07-05T20:47:00.000-04:00,2015,7,Sunday,20,Part Three,SAINT JOSEPH ST,42.30685329,-71.11528757,0,42.30685329,-71.11528757,0,0,Evening,1,1,Summer,3,7,Traffic,0,6.0,1.0,0.0,2.0,0.0
I162089909,1300,Recovered Stolen Property,STOLEN PROPERTY - BUYING / RECEIVING / POSSESSING,B2,258,,2016-11-02T19:15:00.000-04:00,2016,11,Wednesday,19,Part Two,MONADNOCK ST,42.31633855,-71.06879992,0,42.31633855,-71.06879992,0,0,Evening,0,2,Fall,4,3,Other,0,0.0,1.0,2.0,0.0,1.0
I152085307,3502,Missing Person Located,MISSING PERSON - LOCATED,C11,347,,2015-10-14T01:11:00.000-04:00,2015,10,Wednesday,1,Part Three,LYON ST,42.30638323,-71.06021218,0,42.30638323,-71.06021218,0,0,Night,0,1,Fall,4,3,Other,1,1.0,0.0,2.0,0.0,0.0
I162048802,802,Simple Assault,ASSAULT SIMPLE - BATTERY,C11,246,,2016-06-20T05:32:00.000-04:00,2016,6,Monday,5,Part Two,ROMSEY ST,42.31619008,-71.05587937,0,42.31619008,-71.05587937,0,0,Night,0,2,Summer,2,1,Violent,0,1.0,0.0,0.0,3.0,1.0
I152095574,520,Residential Burglary,BURGLARY - RESIDENTIAL - FORCE,E13,578,,2015-11-17T08:25:00.000-05:00,2015,11,Tuesday,8,Part One,SHERIDAN ST,42.32008171,-71.10663225,0,42.32008171,-71.10663225,0,0,Morning,0,3,Fall,4,2,Property,0,6.0,3.0,2.0,1.0,2.0
I162010625,3114,Investigate Property,INVESTIGATE PROPERTY,C6,228,,2016-01-11T10:00:00.000-05:00,2016,1,Monday,10,Part Three,E BROADWAY,42.3357882,-71.02612007,0,42.3357882,-71.02612007,0,0,Morning,0,1,Winter,1,1,Other,0,5.0,3.0,3.0,0.0,0.0
I182046140,3410,Towed,TOWED MOTOR VEHICLE,B2,326,,2018-06-14T08:42:00.000-04:00,2018,6,Thursday,8,Part Three,DUNKELD ST,42.31277782,-71.07562922,0,42.31277782,-71.07562922,0,0,Morning,0,1,Summer,2,4,Other,0,0.0,3.0,0.0,0.0,0.0
I152073689,2647,Other,THREATS TO DO BODILY HARM,E5,680,,2015-09-04T17:00:00.000-04:00,2015,9,Friday,17,Part Two,COHASSET ST,42.2850392,-71.13093078,0,42.2850392,-71.13093078,0,0,Evening,0,2,Fall,3,5,Other,0,9.0,1.0,2.0,0.0,1.0
I172013733,1402,Vandalism,VANDALISM,B3,459,,2017-02-19T21:37:00.000-05:00,2017,2,Sunday,21,Part Two,COLUMBIA RD,42.30391611,-71.08259618,0,42.30391611,-71.08259618,0,0,Night,1,2,Winter,1,7,Property,0,2.0,0.0,3.0,1.0,1.0
I182041592,3115,Investigate Person,INVESTIGATE PERSON,A1,120,,2018-05-30T13:05:00.000-04:00,2018,5,Wednesday,13,Part Three,PARK PLZ,42.35143483,-71.06969334,0,42.35143483,-71.06969334,0,0,Afternoon,0,1,Spring,2,3,Other,0,4.0,2.0,1.0,0.0,0.0
I172053066,3207,Property Found,PROPERTY - FOUND,D14,775,,2017-07-01T16:05:00.000-04:00,2017,7,Saturday,16,Part Three,CHESTNUT HILL AVE,42.34277452,-71.15374397,0,42.34277452,-71.15374397,0,0,Afternoon,1,1,Summer,3,6,Other,0,8.0,2.0,0.0,0.0,0.0
I172061723,1849,Drug Violation,"DRUGS - POSS CLASS B - COCAINE, ETC.",C11,348,,2017-07-29T17:59:00.000-04:00,2017,7,Saturday,17,Part Two,DORCHESTER AVE,42.30426572,-71.05917938,0,42.30426572,-71.05917938,0,0,Evening,1,2,Summer,3,6,Drug,0,1.0,1.0,0.0,4.0,1.0
I162052917,3207,Property Found,PROPERTY - FOUND,A1,109,,2016-07-04T00:59:00.000-04:00,2016,7,Monday,0,Part Three,FRANKLIN ST,42.35633324,-71.05440282,0,42.35633324,-71.05440282,0,0,Night,0,1,Summer,3,1,Other,1,4.0,0.0,0.0,0.0,0.0
I182030279,3805,Motor Vehicle Accident Response,M/V ACCIDENT - POLICE VEHICLE,C6,175,,2018-04-23T10:40:00.000-04:00,2018,4,Monday,10,Part Three,GIBSON ST,42.29755533,-71.0597091,0,42.29755533,-71.0597091,0,0,Morning,0,1,Spring,2,1,Traffic,0,5.0,3.0,1.0,2.0,0.0
I172021740,2629,Harassment,HARASSMENT,B2,291,,2017-03-22T09:18:00.000-04:00,2017,3,Wednesday,9,Part Two,LINWOOD ST,42.32783258,-71.09262005,0,42.32783258,-71.09262005,0,0,Morning,0,2,Spring,1,3,Other,0,0.0,3.0,1.0,0.0,1.0
I162099075,617,Larceny,LARCENY THEFT FROM BUILDING,D14,773,,2016-12-02T07:00:00.000-05:00,2016,12,Friday,7,Part One,COMMONWEALTH AVE,42.33991974,-71.1587571,0,42.33991974,-71.1587571,0,0,Morning,0,3,Winter,4,5,Property,0,8.0,3.0,3.0,1.0,2.0
I172098426,3006,Medical Assistance,SICK/INJURED/MEDICAL - PERSON,B2,263,,2017-11-26T22:52:00.000-05:00,2017,11,Sunday,22,Part Three,BLUE HILL AVE,42.32324394,-71.07642483,0,42.32324394,-71.07642483,0,0,Night,1,1,Fall,4,7,Other,1,0.0,0.0,2.0,0.0,0.0
I162067529,802,Simple Assault,ASSAULT SIMPLE - BATTERY,D4,134,,2016-08-10T02:00:00.000-04:00,2016,8,Wednesday,2,Part Two,BOYLSTON ST,42.3503787,-71.07626098,0,42.3503787,-71.07626098,0,0,Night,0,2,Summer,3,3,Violent,1,3.0,0.0,0.0,3.0,1.0
I162009157,3201,Property Lost,PROPERTY - LOST,B2,612,,2016-02-01T10:00:00.000-05:00,2016,2,Monday,10,Part Three,LONGWOOD AVE,42.33744152,-71.10428096,0,42.33744152,-71.10428096,0,0,Morning,0,1,Winter,1,1,Other,0,0.0,3.0,3.0,0.0,0.0
I182021039,3301,Verbal Disputes,VERBAL DISPUTE,C11,340,,2018-03-20T18:31:00.000-04:00,2018,3,Tuesday,18,Part Three,FOX ST,42.30609597,-71.06425709,0,42.30609597,-71.06425709,0,0,Evening,0,1,Spring,1,2,Other,0,1.0,1.0,1.0,0.0,0.0
I152054433,3831,Motor Vehicle Accident Response,M/V - LEAVING SCENE - PROPERTY DAMAGE,C11,366,,2015-06-27T19:00:00.000-04:00,2015,6,Saturday,19,Part Three,EDWIN ST,42.28890049,-71.06266918,0,42.28890049,-71.06266918,0,0,Evening,1,1,Summer,2,6,Traffic,0,1.0,1.0,0.0,2.0,0.0
I182069199,617,Larceny,LARCENY THEFT FROM BUILDING,A1,111,,2018-08-29T01:32:00.000-04:00,2018,8,Wednesday,1,Part One,BOYLSTON ST,42.35232371,-71.06400187,0,42.35232371,-71.06400187,0,0,Night,0,3,Summer,3,3,Property,1,4.0,0.0,0.0,1.0,2.0
I162087416,3125,Warrant Arrests,WARRANT ARREST,A1,77,,2016-10-25T10:25:00.000-04:00,2016,10,Tuesday,10,Part Three,CONGRESS ST,42.36139413,-71.0576869,0,42.36139413,-71.0576869,0,0,Morning,0,1,Fall,4,2,Other,0,4.0,3.0,2.0,0.0,0.0
I152063444,3301,Verbal Disputes,VERBAL DISPUTE,B3,432,,2015-08-01T04:38:00.000-04:00,2015,8,Saturday,4,Part Three,WOODROW AVE,42.28756451,-71.08223781,0,42.28756451,-71.08223781,0,0,Night,1,1,Summer,3,6,Other,0,2.0,0.0,0.0,0.0,0.0
I152083390,617,Larceny,LARCENY THEFT FROM BUILDING,C6,192,,2015-10-07T13:51:00.000-04:00,2015,10,Wednesday,13,Part One,OLD COLONY AVE,42.32890929,-71.05260009,0,42.32890929,-71.05260009,0,0,Afternoon,0,3,Fall,4,3,Property,0,5.0,2.0,2.0,1.0,2.0
I162101024,724,Auto Theft,AUTO THEFT,D4,"",,2016-12-10T20:00:00.000-05:00,2016,12,Saturday,20,Part One,UNKNOWN,,,0,42.18246397604247,-70.85870749757449,1,1,Evening,1,3,Winter,4,6,Property,0,3.0,1.0,3.0,1.0,2.0
I152061786,1402,Vandalism,VANDALISM,B3,444,,2015-07-25T00:00:00.000-04:00,2015,7,Saturday,0,Part Two,ESMOND ST,42.29861988,-71.08511004,0,42.29861988,-71.08511004,0,0,Night,1,2,Summer,3,6,Property,1,2.0,0.0,0.0,1.0,1.0
I172072238,3802,Motor Vehicle Accident Response,M/V ACCIDENT - PROPERTY  DAMAGE,C6,"",,2017-08-31T17:40:00.000-04:00,2017,8,Thursday,17,Part Three,UNKNOWN,,,0,42.18246397604247,-70.85870749757449,1,1,Evening,0,1,Summer,3,4,Traffic,0,5.0,1.0,0.0,2.0,0.0
I162004122,3831,Motor Vehicle Accident Response,M/V - LEAVING SCENE - PROPERTY DAMAGE,C6,219,,2016-01-15T19:42:00.000-05:00,2016,1,Friday,19,Part Three,E EIGHTH ST,42.33129177,-71.04539502,0,42.33129177,-71.04539502,0,0,Evening,0,1,Winter,1,5,Traffic,0,5.0,1.0,3.0,2.0,0.0
I162098602,801,Simple Assault,ASSAULT - SIMPLE,C6,223,,2016-11-20T10:58:00.000-05:00,2016,11,Sunday,10,Part Two,E THIRD ST,42.33658292,-71.03027628,0,42.33658292,-71.03027628,0,0,Morning,1,2,Fall,4,7,Violent,0,5.0,3.0,2.0,3.0,1.0
I182036067,3831,Motor Vehicle Accident Response,M/V - LEAVING SCENE - PROPERTY DAMAGE,D4,903,,2018-05-11T22:45:00.000-04:00,2018,5,Friday,22,Part Three,HAMMOND ST,42.33705178,-71.08376738,0,42.33705178,-71.08376738,0,0,Night,0,1,Spring,2,5,Traffic,1,3.0,0.0,1.0,2.0,0.0
I182070567,2907,Violations,VAL - OPERATING AFTER REV/SUSP.,UNKNOWN,"",,2018-09-02T14:25:00.000-04:00,2018,9,Sunday,14,Part Two,UNKNOWN,42.34834528,-71.1499187,0,42.34834528,-71.1499187,0,0,Afternoon,1,2,Fall,3,7,Other,0,12.0,2.0,2.0,0.0,1.0
I172000870,3301,Verbal Disputes,VERBAL DISPUTE,E18,542,,2017-01-04T11:44:00.000-05:00,2017,1,Wednesday,11,Part Three,RIVER ST,42.25477484,-71.12838562,0,42.25477484,-71.12838562,0,0,Morning,0,1,Winter,1,3,Other,0,7.0,3.0,3.0,0.0,0.0
I162034168,3410,Towed,TOWED MOTOR VEHICLE,B2,320,,2016-05-02T17:39:00.000-04:00,2016,5,Monday,17,Part Three,MAPLE ST,42.30978746,-71.08503096,0,42.30978746,-71.08503096,0,0,Evening,0,1,Spring,2,1,Other,0,0.0,1.0,1.0,0.0,0.0
I152097944,802,Simple Assault,ASSAULT SIMPLE - BATTERY,B2,605,,2015-11-26T02:20:00.000-05:00,2015,11,Thursday,2,Part Two,PARKER HILL AVE,42.33093363,-71.10956443,0,42.33093363,-71.10956443,0,0,Night,0,2,Fall,4,4,Violent,1,0.0,0.0,2.0,3.0,1.0
I162010894,614,Larceny From Motor Vehicle,LARCENY THEFT FROM MV - NON-ACCESSORY,E18,940,,2016-02-10T10:53:00.000-05:00,2016,2,Wednesday,10,Part One,GARFIELD AVE,42.24448261,-71.1189921,0,42.24448261,-71.1189921,0,0,Morning,0,3,Winter,1,3,Property,0,7.0,3.0,3.0,1.0,2.0
I162032757,3125,Warrant Arrests,WARRANT ARREST,E13,582,,2016-04-27T18:00:00.000-04:00,2016,4,Wednesday,18,Part Three,CENTRE ST,42.32227033,-71.10889634,0,42.32227033,-71.10889634,0,0,Evening,0,1,Spring,2,3,Other,0,6.0,1.0,1.0,0.0,0.0
I162021866,3803,Motor Vehicle Accident Response,M/V ACCIDENT - PERSONAL INJURY,D14,782,,2016-03-21T00:54:00.000-04:00,2016,3,Monday,0,Part Three,CAMBRIDGE ST,42.351627,-71.142983,0,42.351627,-71.142983,0,0,Night,0,1,Spring,1,1,Traffic,1,8.0,0.0,1.0,2.0,0.0
I162003221,1870,Drug Violation,DRUGS - CONSP TO VIOL CONTROLLED SUBSTANCE,C11,254,,2016-01-12T16:21:00.000-05:00,2016,1,Tuesday,16,Part Two,DORCHESTER AVE,42.30947615,-71.05800088,0,42.30947615,-71.05800088,0,0,Afternoon,0,2,Winter,1,2,Drug,0,1.0,2.0,3.0,4.0,1.0
I162090308,3006,Medical Assistance,SICK/INJURED/MEDICAL - PERSON,E13,111,,2016-11-04T05:15:00.000-04:00,2016,11,Friday,5,Part Three,COVENTRY ST,42.33695098,-71.08574813,0,42.33695098,-71.08574813,0,0,Night,0,1,Fall,4,5,Other,0,6.0,0.0,2.0,0.0,0.0
I172087028,2629,Harassment,HARASSMENT,E18,498,,2017-10-18T16:17:00.000-04:00,2017,10,Wednesday,16,Part Two,HYDE PARK AVE,42.27380942,-71.11996035,0,42.27380942,-71.11996035,0,0,Afternoon,0,2,Fall,4,3,Other,0,7.0,2.0,2.0,0.0,1.0
I182031956,3111,License Violation,LICENSE PREMISE VIOLATION,D4,151,,2018-04-28T23:45:00.000-04:00,2018,4,Saturday,23,Part Three,CHANDLER ST,42.34715987,-71.07026381,0,42.34715987,-71.07026381,0,0,Night,1,1,Spring,2,6,Other,1,3.0,0.0,1.0,0.0,0.0
I152070744,3115,Investigate Person,INVESTIGATE PERSON,D4,137,,2015-08-26T12:43:00.000-04:00,2015,8,Wednesday,12,Part Three,NEWBURY ST,42.3494205,-71.083158,0,42.3494205,-71.083158,0,0,Afternoon,0,1,Summer,3,3,Other,0,3.0,2.0,0.0,0.0,0.0
I172073688,1849,Drug Violation,"DRUGS - POSS CLASS B - COCAINE, ETC.",C11,389,,2017-09-05T21:05:00.000-04:00,2017,9,Tuesday,21,Part Two,RANGELEY ST,42.28065953,-71.0604167,0,42.28065953,-71.0604167,0,0,Night,0,2,Fall,3,2,Drug,0,1.0,0.0,2.0,4.0,1.0
I172011418,1402,Vandalism,VANDALISM,C11,817,,2017-02-11T18:47:00.000-05:00,2017,2,Saturday,18,Part Two,WELLES AVE,42.28927291,-71.06622608,0,42.28927291,-71.06622608,0,0,Evening,1,2,Winter,1,6,Property,0,1.0,1.0,3.0,1.0,1.0
I172007405,802,Simple Assault,ASSAULT SIMPLE - BATTERY,E13,570,,2017-01-27T17:56:00.000-05:00,2017,1,Friday,17,Part Two,ROCKVALE CIR,42.30734156,-71.1054409,0,42.30734156,-71.1054409,0,0,Evening,0,2,Winter,1,5,Violent,0,6.0,1.0,3.0,3.0,1.0
I172057900,3201,Property Lost,PROPERTY - LOST,A1,119,,2017-07-17T13:00:00.000-04:00,2017,7,Monday,13,Part Three,PARK ST,,,0,42.18246397604247,-70.85870749757449,1,1,Afternoon,0,1,Summer,3,1,Other,0,4.0,2.0,0.0,0.0,0.0
I162066782,3410,Towed,TOWED MOTOR VEHICLE,D14,788,,2016-08-18T08:21:00.000-04:00,2016,8,Thursday,8,Part Three,CHISWICK RD,42.33996911,-71.15048615,0,42.33996911,-71.15048615,0,0,Morning,0,1,Summer,3,4,Other,0,8.0,3.0,0.0,0.0,0.0
I162070412,3301,Verbal Disputes,VERBAL DISPUTE,B2,185,,2016-08-30T02:15:00.000-04:00,2016,8,Tuesday,2,Part Three,MASSACHUSETTS AVE,42.32198656,-71.06280666,0,42.32198656,-71.06280666,0,0,Night,0,1,Summer,3,2,Other,1,0.0,0.0,0.0,0.0,0.0
I172024907,1504,Other,WEAPON - OTHER - OTHER VIOLATION,E5,563,,2017-03-31T10:08:00.000-04:00,2017,3,Friday,10,Part Two,FAWNDALE RD,42.28906908,-71.12116753,0,42.28906908,-71.12116753,0,0,Morning,0,2,Spring,1,5,Other,0,9.0,3.0,1.0,0.0,1.0
I182050855,1830,Drug Violation,DRUGS - SICK ASSIST - HEROIN,C11,396,,2018-06-28T20:53:00.000-04:00,2018,6,Thursday,20,Part Two,SANTUIT ST,42.29042439,-71.0638074,0,42.29042439,-71.0638074,0,0,Evening,0,2,Summer,2,4,Drug,0,1.0,1.0,0.0,4.0,1.0
I152074613,3006,Medical Assistance,SICK/INJURED/MEDICAL - PERSON,C11,388,,2015-09-08T14:56:00.000-04:00,2015,9,Tuesday,14,Part Three,BROOKVALE ST,42.27904621,-71.06522668,0,42.27904621,-71.06522668,0,0,Afternoon,0,1,Fall,3,2,Other,0,1.0,2.0,2.0,0.0,0.0
I172045522,413,Aggravated Assault,ASSAULT - AGGRAVATED - BATTERY,D4,134,,2017-06-08T15:14:00.000-04:00,2017,6,Thursday,15,Part One,DARTMOUTH ST,42.35029374,-71.07744671,0,42.35029374,-71.07744671,0,0,Afternoon,0,3,Summer,2,4,Violent,0,3.0,2.0,0.0,3.0,2.0
I172020021,3410,Towed,TOWED MOTOR VEHICLE,E13,303,,2017-03-14T03:00:00.000-04:00,2017,3,Tuesday,3,Part Three,W WALNUT PARK,42.31819906,-71.10008709,0,42.31819906,-71.10008709,0,0,Night,0,1,Spring,1,2,Other,1,6.0,0.0,1.0,0.0,0.0
I152053529,3830,Motor Vehicle Accident Response,M/V - LEAVING SCENE - PERSONAL INJURY,B3,430,,2015-06-27T12:45:00.000-04:00,2015,6,Saturday,12,Part Three,BLUE HILL AVE,42.28451318,-71.09125682,0,42.28451318,-71.09125682,0,0,Afternoon,1,1,Summer,2,6,Traffic,0,2.0,2.0,0.0,2.0,0.0
I172061400,1107,Fraud,FRAUD - IMPERSONATION,C11,393,,2017-05-26T19:53:00.000-04:00,2017,5,Friday,19,Part Two,WRENTHAM ST,42.28832861,-71.05938355,0,42.28832861,-71.05938355,0,0,Evening,0,2,Spring,2,5,Other,0,1.0,1.0,1.0,0.0,1.0
I162018878,3410,Towed,TOWED MOTOR VEHICLE,D14,761,,2016-03-10T15:35:00.000-05:00,2016,3,Thursday,15,Part Three,WASHINGTON ST,42.34885012,-71.15982522,0,42.34885012,-71.15982522,0,0,Afternoon,0,1,Spring,1,4,Other,0,8.0,2.0,1.0,0.0,0.0
I162002343,3114,Investigate Property,INVESTIGATE PROPERTY,E13,303,,2016-01-09T09:18:00.000-05:00,2016,1,Saturday,9,Part Three,AMORY AVE,42.32066534,-71.10004987,0,42.32066534,-71.10004987,0,0,Morning,1,1,Winter,1,6,Other,0,6.0,3.0,3.0,0.0,0.0
I162012263,802,Simple Assault,ASSAULT SIMPLE - BATTERY,B3,470,,2016-02-15T19:33:00.000-05:00,2016,2,Monday,19,Part Two,ALABAMA ST,42.27639356,-71.10175026,0,42.27639356,-71.10175026,0,0,Evening,0,2,Winter,1,1,Violent,0,2.0,1.0,3.0,3.0,1.0
I152090207,3006,Medical Assistance,SICK/INJURED/MEDICAL - PERSON,B2,901,,2015-10-31T05:03:00.000-04:00,2015,10,Saturday,5,Part Three,MCGREEVEY WAY,42.33528037,-71.0987126,0,42.33528037,-71.0987126,0,0,Night,1,1,Fall,4,6,Other,0,0.0,0.0,2.0,0.0,0.0
I162048132,3115,Investigate Person,INVESTIGATE PERSON,D4,128,,2016-06-16T09:00:00.000-04:00,2016,6,Thursday,9,Part Three,STUART ST,42.34923356,-71.0732809,0,42.34923356,-71.0732809,0,0,Morning,0,1,Summer,2,4,Other,0,3.0,3.0,0.0,0.0,0.0
I182016781,3301,Verbal Disputes,VERBAL DISPUTE,B2,297,,2018-03-04T20:49:00.000-05:00,2018,3,Sunday,20,Part Three,KENSINGTON PARK,42.32224255,-71.08277356,0,42.32224255,-71.08277356,0,0,Evening,1,1,Spring,1,7,Other,0,0.0,1.0,1.0,0.0,0.0
I172006019,3207,Property Found,PROPERTY - FOUND,C6,193,,2017-01-23T08:30:00.000-05:00,2017,1,Monday,8,Part Three,PREBLE ST,42.32922503,-71.05424964,0,42.32922503,-71.05424964,0,0,Morning,0,1,Winter,1,1,Other,0,5.0,3.0,3.0,0.0,0.0
I182014758,614,Larceny From Motor Vehicle,LARCENY THEFT FROM MV - NON-ACCESSORY,D4,629,,2018-02-24T20:00:00.000-05:00,2018,2,Saturday,20,Part One,BEACON ST,42.347497,-71.101763,0,42.347497,-71.101763,0,0,Evening,1,3,Winter,1,6,Property,0,3.0,1.0,3.0,1.0,2.0
I162042982,1107,Fraud,FRAUD - IMPERSONATION,A1,63,,2016-06-01T06:59:00.000-04:00,2016,6,Wednesday,6,Part Two,MARTHA RD,42.36580175,-71.06538257,0,42.36580175,-71.06538257,0,0,Morning,0,2,Summer,2,3,Other,0,4.0,3.0,0.0,0.0,1.0
I162070597,3125,Warrant Arrests,WARRANT ARREST,C6,222,,2016-08-30T17:10:00.000-04:00,2016,8,Tuesday,17,Part Three,E SECOND ST,42.33724328,-71.03996111,0,42.33724328,-71.03996111,0,0,Evening,0,1,Summer,3,2,Other,0,5.0,1.0,0.0,0.0,0.0
I162035286,413,Aggravated Assault,ASSAULT - AGGRAVATED - BATTERY,B2,311,,2016-05-06T17:19:00.000-04:00,2016,5,Friday,17,Part One,QUINCY ST,42.31528744,-71.08015967,0,42.31528744,-71.08015967,0,0,Evening,0,3,Spring,2,5,Violent,0,0.0,1.0,1.0,3.0,2.0
I182000558,2900,Other,VAL - VIOLATION OF AUTO LAW - OTHER,E13,572,,2018-01-03T07:53:00.000-05:00,2018,1,Wednesday,7,Part Two,IFFLEY RD,42.31236627,-71.0993374,0,42.31236627,-71.0993374,0,0,Morning,0,2,Winter,1,3,Other,0,6.0,3.0,3.0,0.0,1.0
I172054084,3831,Motor Vehicle Accident Response,M/V - LEAVING SCENE - PROPERTY DAMAGE,E13,"",,2017-07-05T09:36:00.000-04:00,2017,7,Wednesday,9,Part Three,UNKNOWN,42.31490192,-71.09720122,0,42.31490192,-71.09720122,0,0,Morning,0,1,Summer,3,3,Traffic,0,6.0,3.0,0.0,2.0,0.0
I152084123,3006,Medical Assistance,SICK/INJURED/MEDICAL - PERSON,B2,305,,2015-10-09T20:39:00.000-04:00,2015,10,Friday,20,Part Three,KENSINGTON ST,42.3206268,-71.09108856,0,42.3206268,-71.09108856,0,0,Evening,0,1,Fall,4,5,Other,0,0.0,1.0,2.0,0.0,0.0
I162018064,1845,Drug Violation,DRUGS - POSS CLASS D,B2,321,,2016-03-07T18:35:00.000-05:00,2016,3,Monday,18,Part Two,CENTRE ST,42.32270922,-71.09932317,0,42.32270922,-71.09932317,0,0,Evening,0,2,Spring,1,1,Drug,0,0.0,1.0,1.0,4.0,1.0
I172024447,2610,Other,TRESPASSING,B2,280,,2017-03-29T18:14:00.000-04:00,2017,3,Wednesday,18,Part Two,DUDLEY ST,42.32883627,-71.08459849,0,42.32883627,-71.08459849,0,0,Evening,0,2,Spring,1,3,Other,0,0.0,1.0,1.0,0.0,1.0
I162005972,613,Larceny,LARCENY SHOPLIFTING,A1,66,,2016-01-22T17:36:00.000-05:00,2016,1,Friday,17,Part One,CHARLES ST,42.35913227,-71.07074326,0,42.35913227,-71.07074326,0,0,Evening,0,3,Winter,1,5,Property,0,4.0,1.0,3.0,1.0,2.0
I162068469,3115,Investigate Person,INVESTIGATE PERSON,A15,900,,2016-08-23T16:37:00.000-04:00,2016,8,Tuesday,16,Part Three,WALFORD WAY,42.37840325,-71.05729035,0,42.37840325,-71.05729035,0,0,Afternoon,0,1,Summer,3,2,Other,0,11.0,2.0,0.0,0.0,0.0
I152060921,3115,Investigate Person,INVESTIGATE PERSON,A1,113,,2015-07-23T16:21:00.000-04:00,2015,7,Thursday,16,Part Three,BEDFORD ST,42.35335427,-71.05986564,0,42.35335427,-71.05986564,0,0,Afternoon,0,1,Summer,3,4,Other,0,4.0,2.0,0.0,0.0,0.0
I172078298,2662,Ballistics,BALLISTICS EVIDENCE/FOUND,B3,429,,2017-09-20T15:35:00.000-04:00,2017,9,Wednesday,15,Part Two,WILDWOOD ST,42.28329468,-71.08824065,0,42.28329468,-71.08824065,0,0,Afternoon,0,2,Fall,3,3,Other,0,2.0,2.0,2.0,0.0,1.0
I182030823,3114,Investigate Property,INVESTIGATE PROPERTY,E13,906,,2018-04-25T00:28:00.000-04:00,2018,4,Wednesday,0,Part Three,HORAN WAY,42.32547536,-71.10253482,0,42.32547536,-71.10253482,0,0,Night,0,1,Spring,2,3,Other,1,6.0,0.0,1.0,0.0,0.0
I152098170,3018,Medical Assistance,SICK/INJURED/MEDICAL - POLICE,D4,"",,2015-11-27T11:27:00.000-05:00,2015,11,Friday,11,Part Three,UNKNOWN,,,0,42.18246397604247,-70.85870749757449,1,1,Morning,0,1,Fall,4,5,Other,0,3.0,3.0,2.0,0.0,0.0
I162076127,3125,Warrant Arrests,WARRANT ARREST,A1,"",,2016-09-17T22:05:00.000-04:00,2016,9,Saturday,22,Part Three,UNKNOWN,,,0,42.18246397604247,-70.85870749757449,1,1,Night,1,1,Fall,3,6,Other,1,4.0,0.0,2.0,0.0,0.0
I182043058,3006,Medical Assistance,SICK/INJURED/MEDICAL - PERSON,B2,261,,2018-06-04T12:08:00.000-04:00,2018,6,Monday,12,Part Three,W COTTAGE ST,42.32105956,-71.07313291,0,42.32105956,-71.07313291,0,0,Afternoon,0,1,Summer,2,1,Other,0,0.0,2.0,0.0,0.0,0.0
I172066009,3301,Verbal Disputes,VERBAL DISPUTE,B3,565,,2017-08-11T19:06:00.000-04:00,2017,8,Friday,19,Part Three,SANDPIPER LN,42.29190169,-71.09336352,0,42.29190169,-71.09336352,0,0,Evening,0,1,Summer,3,5,Other,0,2.0,1.0,0.0,0.0,0.0
I172009740,1402,Vandalism,VANDALISM,E5,685,,2017-02-04T23:00:00.000-05:00,2017,2,Saturday,23,Part Two,WASHINGTON ST,42.27800645,-71.13733723,0,42.27800645,-71.13733723,0,0,Night,1,2,Winter,1,6,Property,1,9.0,0.0,3.0,1.0,1.0
I182029602,613,Larceny,LARCENY SHOPLIFTING,D4,168,,2018-04-20T16:00:00.000-04:00,2018,4,Friday,16,Part One,WASHINGTON ST,42.33816387,-71.07461217,0,42.33816387,-71.07461217,0,0,Afternoon,0,3,Spring,2,5,Property,0,3.0,2.0,1.0,1.0,2.0
I172080057,613,Larceny,LARCENY SHOPLIFTING,B3,476,,2017-09-25T17:25:00.000-04:00,2017,9,Monday,17,Part One,BLUE HILL AVE,42.26994732,-71.09380308,0,42.26994732,-71.09380308,0,0,Evening,0,3,Fall,3,1,Property,0,2.0,1.0,2.0,1.0,2.0
I162096700,3301,Verbal Disputes,VERBAL DISPUTE,C11,359,,2016-11-26T21:06:00.000-05:00,2016,11,Saturday,21,Part Three,PARK ST,42.29641938,-71.06864617,0,42.29641938,-71.06864617,0,0,Night,1,1,Fall,4,6,Other,0,1.0,0.0,2.0,0.0,0.0
I152102404,614,Larceny From Motor Vehicle,LARCENY THEFT FROM MV - NON-ACCESSORY,B2,585,,2015-12-10T01:00:00.000-05:00,2015,12,Thursday,1,Part One,PARKER HILL AVE,42.32947458,-71.10442024,0,42.32947458,-71.10442024,0,0,Night,0,3,Winter,4,4,Property,1,0.0,0.0,3.0,1.0,2.0
I182069871,802,Simple Assault,ASSAULT SIMPLE - BATTERY,B2,319,,2018-08-31T08:22:06.000-04:00,2018,8,Friday,8,Part Two,SEAVER ST,42.30603974,-71.0862124,0,42.30603974,-71.0862124,0,0,Morning,0,2,Summer,3,5,Violent,0,0.0,3.0,0.0,3.0,1.0
I182060461,3208,Property Lost,PROPERTY - MISSING,D4,146,,2018-07-31T00:00:00.000-04:00,2018,7,Tuesday,0,Part Three,SAINT BOTOLPH ST,42.34561901,-71.07990847,0,42.34561901,-71.07990847,0,0,Night,0,1,Summer,3,2,Other,1,3.0,0.0,0.0,0.0,0.0
I182016396,3410,Towed,TOWED MOTOR VEHICLE,C6,219,,2018-03-03T07:30:00.000-05:00,2018,3,Saturday,7,Part Three,GATES ST,42.33208391,-71.04823023,0,42.33208391,-71.04823023,0,0,Morning,1,1,Spring,1,6,Other,0,5.0,3.0,1.0,0.0,0.0
I182064867,2646,Liquor Violation,LIQUOR - DRINKING IN PUBLIC,B2,288,,2018-08-14T18:29:00.000-04:00,2018,8,Tuesday,18,Part Two,ROXBURY ST,42.32952036,-71.08530641,0,42.32952036,-71.08530641,0,0,Evening,0,2,Summer,3,2,Other,0,0.0,1.0,0.0,0.0,1.0
I182056304,1402,Vandalism,VANDALISM,B3,943,,2018-07-16T22:00:00.000-04:00,2018,7,Monday,22,Part Two,MORTON ST,42.27801559,-71.07893504,0,42.27801559,-71.07893504,0,0,Night,0,2,Summer,3,1,Property,1,2.0,0.0,0.0,1.0,1.0
I152095356,2900,Other,VAL - VIOLATION OF AUTO LAW - OTHER,C6,233,,2015-11-17T01:54:00.000-05:00,2015,11,Tuesday,1,Part Two,E EIGHTH ST,42.33132955,-71.04344366,0,42.33132955,-71.04344366,0,0,Night,0,2,Fall,4,2,Other,1,5.0,0.0,2.0,0.0,1.0
I172042772,613,Larceny,LARCENY SHOPLIFTING,B2,276,,2017-05-30T15:06:00.000-04:00,2017,5,Tuesday,15,Part One,ALLSTATE RD,42.32809966,-71.06321676,0,42.32809966,-71.06321676,0,0,Afternoon,0,3,Spring,2,2,Property,0,0.0,2.0,1.0,1.0,2.0
I162060305,3115,Investigate Person,INVESTIGATE PERSON,E18,541,,2016-07-28T02:52:00.000-04:00,2016,7,Thursday,2,Part Three,RIVER ST,42.2533034,-71.12971806,0,42.2533034,-71.12971806,0,0,Night,0,1,Summer,3,4,Other,1,7.0,0.0,0.0,0.0,0.0
I182056714,3207,Property Found,PROPERTY - FOUND,B2,288,,2018-07-19T01:06:00.000-04:00,2018,7,Thursday,1,Part Three,ROXBURY ST,42.32952036,-71.08530641,0,42.32952036,-71.08530641,0,0,Night,0,1,Summer,3,4,Other,1,0.0,0.0,0.0,0.0,0.0
I182070376,3115,Investigate Person,INVESTIGATE PERSON,A1,77,,2018-09-01T20:08:00.000-04:00,2018,9,Saturday,20,Part Three,NEW SUDBURY ST,42.36183857,-71.05976489,0,42.36183857,-71.05976489,0,0,Evening,1,1,Fall,3,6,Other,0,4.0,1.0,2.0,0.0,0.0
I162050011,802,Simple Assault,ASSAULT SIMPLE - BATTERY,A1,119,,2016-06-23T19:33:00.000-04:00,2016,6,Thursday,19,Part Two,PARK ST,42.35650174,-71.0619996,0,42.35650174,-71.0619996,0,0,Evening,0,2,Summer,2,4,Violent,0,4.0,1.0,0.0,3.0,1.0
I182012209,2647,Other,THREATS TO DO BODILY HARM,B3,417,,2018-02-15T17:09:00.000-05:00,2018,2,Thursday,17,Part Two,MORA ST,42.28208198,-71.07364875,0,42.28208198,-71.07364875,0,0,Evening,0,2,Winter,1,4,Other,0,2.0,1.0,3.0,0.0,1.0
I162030588,617,Larceny,LARCENY THEFT FROM BUILDING,A7,16,,2015-11-01T12:00:00.000-05:00,2015,11,Sunday,12,Part One,E EAGLE ST,42.38134495,-71.03238071,0,42.38134495,-71.03238071,0,0,Afternoon,1,3,Fall,4,7,Property,0,10.0,2.0,2.0,1.0,2.0
I152091783,613,Larceny,LARCENY SHOPLIFTING,A1,111,,2015-11-05T07:51:00.000-05:00,2015,11,Thursday,7,Part One,WASHINGTON ST,42.35272948,-71.06256291,0,42.35272948,-71.06256291,0,0,Morning,0,3,Fall,4,4,Property,0,4.0,3.0,2.0,1.0,2.0
I172092458,3125,Warrant Arrests,WARRANT ARREST,E18,542,,2017-11-05T00:56:00.000-04:00,2017,11,Sunday,0,Part Three,BUSINESS ST,42.2519746,-71.128736,0,42.2519746,-71.128736,0,0,Night,1,1,Fall,4,7,Other,1,7.0,0.0,2.0,0.0,0.0
I172027887,3114,Investigate Property,INVESTIGATE PROPERTY,A1,61,,2017-04-10T16:24:00.000-04:00,2017,4,Monday,16,Part Three,FLEET CENTER PL,42.36646326,-71.06067801,0,42.36646326,-71.06067801,0,0,Afternoon,0,1,Spring,2,1,Other,0,4.0,2.0,1.0,0.0,0.0
I162097026,613,Larceny,LARCENY SHOPLIFTING,D14,763,,2016-11-28T10:37:00.000-05:00,2016,11,Monday,10,Part One,WASHINGTON ST,42.34910076,-71.1561239,0,42.34910076,-71.1561239,0,0,Morning,0,3,Fall,4,1,Property,0,8.0,3.0,2.0,1.0,2.0
I182046583,3820,Motor Vehicle Accident Response,M/V ACCIDENT INVOLVING PEDESTRIAN - INJURY,A1,64,,2018-06-15T11:05:00.000-04:00,2018,6,Friday,11,Part Three,FRUIT ST,42.36240281,-71.06954652,0,42.36240281,-71.06954652,0,0,Morning,0,1,Summer,2,5,Traffic,0,4.0,3.0,0.0,2.0,0.0
I162036002,802,Simple Assault,ASSAULT SIMPLE - BATTERY,B2,319,,2016-05-09T10:08:00.000-04:00,2016,5,Monday,10,Part Two,MAPLE ST,42.30784206,-71.08650939,0,42.30784206,-71.08650939,0,0,Morning,0,2,Spring,2,1,Violent,0,0.0,3.0,1.0,3.0,1.0
I162065709,802,Simple Assault,ASSAULT SIMPLE - BATTERY,B3,470,,2016-08-15T07:48:00.000-04:00,2016,8,Monday,7,Part Two,ALABAMA ST,42.27639356,-71.10175026,0,42.27639356,-71.10175026,0,0,Morning,0,2,Summer,3,1,Violent,0,2.0,3.0,0.0,3.0,1.0
I162075104,3831,Motor Vehicle Accident Response,M/V - LEAVING SCENE - PROPERTY DAMAGE,C6,"",,2016-09-14T16:02:00.000-04:00,2016,9,Wednesday,16,Part Three,UNKNOWN,,,0,42.18246397604247,-70.85870749757449,1,1,Afternoon,0,1,Fall,3,3,Traffic,0,5.0,2.0,2.0,2.0,0.0
I172022042,3831,Motor Vehicle Accident Response,M/V - LEAVING SCENE - PROPERTY DAMAGE,B2,266,,2017-03-20T20:30:00.000-04:00,2017,3,Monday,20,Part Three,MOUNT PLEASANT AVE,42.32588656,-71.07818807,0,42.32588656,-71.07818807,0,0,Evening,0,1,Spring,1,1,Traffic,0,0.0,1.0,1.0,2.0,0.0
I182057476,3410,Towed,TOWED MOTOR VEHICLE,E18,519,,2018-07-21T13:47:00.000-04:00,2018,7,Saturday,13,Part Three,RIVER ST,42.25604138,-71.12102424,0,42.25604138,-71.12102424,0,0,Afternoon,1,1,Summer,3,6,Other,0,7.0,2.0,0.0,0.0,0.0
I182046322,522,Residential Burglary,BURGLARY - RESIDENTIAL - NO FORCE,B2,322,,2018-06-14T14:42:00.000-04:00,2018,6,Thursday,14,Part One,GANNETT ST,42.31432666,-71.08166373,0,42.31432666,-71.08166373,0,0,Afternoon,0,3,Summer,2,4,Property,0,0.0,2.0,0.0,1.0,2.0
I162082424,1402,Vandalism,VANDALISM,C6,194,,2016-10-06T07:45:00.000-04:00,2016,10,Thursday,7,Part Two,LEEDS ST,42.33052378,-71.0562433,0,42.33052378,-71.0562433,0,0,Morning,0,2,Fall,4,4,Property,0,5.0,3.0,2.0,1.0,1.0
I162095185,3006,Medical Assistance,SICK/INJURED/MEDICAL - PERSON,E18,951,,2016-11-21T05:28:00.000-05:00,2016,11,Monday,5,Part Three,RIVER ST,42.26361745,-71.10237387,0,42.26361745,-71.10237387,0,0,Night,0,1,Fall,4,1,Other,0,7.0,0.0,2.0,0.0,0.0
I162063389,1300,Recovered Stolen Property,STOLEN PROPERTY - BUYING / RECEIVING / POSSESSING,A1,123,,2016-08-07T15:33:00.000-04:00,2016,8,Sunday,15,Part Two,WASHINGTON ST,42.34997256,-71.06348817,0,42.34997256,-71.06348817,0,0,Afternoon,1,2,Summer,3,7,Other,0,4.0,2.0,0.0,0.0,1.0
I172093103,802,Simple Assault,ASSAULT SIMPLE - BATTERY,A1,165,,2017-11-07T08:23:00.000-05:00,2017,11,Tuesday,8,Part Two,DORCHESTER AVE,42.33014012,-71.05695787,0,42.33014012,-71.05695787,0,0,Morning,0,2,Fall,4,2,Violent,0,4.0,3.0,2.0,3.0,1.0
I162096178,802,Simple Assault,ASSAULT SIMPLE - BATTERY,C11,335,,2016-11-24T19:52:00.000-05:00,2016,11,Thursday,19,Part Two,BARRY ST,42.30870401,-71.06844484,0,42.30870401,-71.06844484,0,0,Evening,0,2,Fall,4,4,Violent,0,1.0,1.0,2.0,3.0,1.0
I182051826,1102,Fraud,FRAUD - FALSE PRETENSE / SCHEME,B2,239,,2018-07-02T08:59:00.000-04:00,2018,7,Monday,8,Part Two,COLUMBIA RD,42.31748189,-71.06450704,0,42.31748189,-71.06450704,0,0,Morning,0,2,Summer,3,1,Other,0,0.0,3.0,0.0,0.0,1.0
I172072892,3301,Verbal Disputes,VERBAL DISPUTE,B3,463,,2017-09-02T21:32:00.000-04:00,2017,9,Saturday,21,Part Three,WILBERT RD,42.29406247,-71.09004553,0,42.29406247,-71.09004553,0,0,Night,1,1,Fall,3,6,Other,0,2.0,0.0,2.0,0.0,0.0
I172105256,3130,Search Warrants,SEARCH WARRANT,D14,939,,2017-12-21T10:04:00.000-05:00,2017,12,Thursday,10,Part Three,FANEUIL ST,42.35555336,-71.15274721,0,42.35555336,-71.15274721,0,0,Morning,0,1,Winter,4,4,Other,0,8.0,3.0,3.0,0.0,0.0
I162044707,2629,Harassment,HARASSMENT,B2,268,,2016-06-07T01:59:00.000-04:00,2016,6,Tuesday,1,Part Two,DUDLEY ST,42.32742591,-71.07702562,0,42.32742591,-71.07702562,0,0,Night,0,2,Summer,2,2,Other,1,0.0,0.0,0.0,0.0,1.0
I152063208,3006,Medical Assistance,SICK/INJURED/MEDICAL - PERSON,D14,777,,2015-07-31T12:40:00.000-04:00,2015,7,Friday,12,Part Three,WASHINGTON ST,42.34724186,-71.14870339,0,42.34724186,-71.14870339,0,0,Afternoon,0,1,Summer,3,5,Other,0,8.0,2.0,0.0,0.0,0.0
I162022650,520,Residential Burglary,BURGLARY - RESIDENTIAL - FORCE,A1,61,,2016-03-17T23:00:00.000-04:00,2016,3,Thursday,23,Part One,BEVERLY ST,42.36658726,-71.06019881,0,42.36658726,-71.06019881,0,0,Night,0,3,Spring,1,4,Property,1,4.0,0.0,1.0,1.0,2.0
I182067472,615,Larceny From Motor Vehicle,LARCENY THEFT OF MV PARTS & ACCESSORIES,C11,244,,2018-08-23T04:30:00.000-04:00,2018,8,Thursday,4,Part One,MAYFIELD ST,42.31650496,-71.05803929,0,42.31650496,-71.05803929,0,0,Night,0,3,Summer,3,4,Property,0,1.0,0.0,0.0,1.0,2.0
I162103340,613,Larceny,LARCENY SHOPLIFTING,B3,427,,2016-12-19T18:08:00.000-05:00,2016,12,Monday,18,Part One,BLUE HILL AVE,42.27653731,-71.0933951,0,42.27653731,-71.0933951,0,0,Evening,0,3,Winter,4,1,Property,0,2.0,1.0,3.0,1.0,2.0
I152100119,3502,Missing Person Located,MISSING PERSON - LOCATED,C11,337,,2015-11-23T21:00:00.000-05:00,2015,11,Monday,21,Part Three,COLUMBIA RD,42.30723714,-71.07623393,0,42.30723714,-71.07623393,0,0,Night,0,1,Fall,4,1,Other,0,1.0,0.0,2.0,0.0,0.0
I162026949,3502,Missing Person Located,MISSING PERSON - LOCATED,B3,429,,2016-04-09T20:00:00.000-04:00,2016,4,Saturday,20,Part Three,HARWOOD ST,42.2857651,-71.08763245,0,42.2857651,-71.08763245,0,0,Evening,1,1,Spring,2,6,Other,0,2.0,1.0,1.0,0.0,0.0
I152059872,3301,Verbal Disputes,VERBAL DISPUTE,A15,47,,2015-07-18T12:00:00.000-04:00,2015,7,Saturday,12,Part Three,SAINT MARTIN ST,42.38225034,-71.06840053,0,42.38225034,-71.06840053,0,0,Afternoon,1,1,Summer,3,6,Other,0,11.0,2.0,0.0,0.0,0.0
I182038041,2612,Fire Related Reports,FIRE REPORT/ALARM - FALSE,E13,637,,2018-05-19T02:25:00.000-04:00,2018,5,Saturday,2,Part Two,ROSEWAY ST,42.31869426,-71.11116591,0,42.31869426,-71.11116591,0,0,Night,1,2,Spring,2,6,Other,1,6.0,0.0,1.0,0.0,1.0
I162010267,3115,Investigate Person,INVESTIGATE PERSON,B3,409,,2016-02-07T11:26:00.000-05:00,2016,2,Sunday,11,Part Three,CEDAR ST,42.27237694,-71.07524224,0,42.27237694,-71.07524224,0,0,Morning,1,1,Winter,1,7,Other,0,2.0,3.0,3.0,0.0,0.0
I182045547,423,Aggravated Assault,ASSAULT - AGGRAVATED,D4,130,,2018-06-12T12:12:00.000-04:00,2018,6,Tuesday,12,Part One,DARTMOUTH ST,42.34842775,-71.07646876,0,42.34842775,-71.07646876,0,0,Afternoon,0,3,Summer,2,2,Violent,0,3.0,2.0,0.0,3.0,2.0
I162081813,3803,Motor Vehicle Accident Response,M/V ACCIDENT - PERSONAL INJURY,C11,"",,2016-10-06T09:55:00.000-04:00,2016,10,Thursday,9,Part Three,UNKNOWN,42.29832707,-71.04832313,0,42.29832707,-71.04832313,0,0,Morning,0,1,Fall,4,4,Traffic,0,1.0,3.0,2.0,2.0,0.0
I182004007,802,Simple Assault,ASSAULT SIMPLE - BATTERY,E13,577,,2018-01-15T19:45:00.000-05:00,2018,1,Monday,19,Part Two,WASHINGTON ST,42.31538436,-71.09870021,0,42.31538436,-71.09870021,0,0,Evening,0,2,Winter,1,1,Violent,0,6.0,1.0,3.0,3.0,1.0
I172003155,413,Aggravated Assault,ASSAULT - AGGRAVATED - BATTERY,E13,579,,2017-01-12T16:41:00.000-05:00,2017,1,Thursday,16,Part One,CHESTNUT AVE,42.32155229,-71.10244044,0,42.32155229,-71.10244044,0,0,Afternoon,0,3,Winter,1,4,Violent,0,6.0,2.0,3.0,3.0,2.0
I172024269,1402,Vandalism,VANDALISM,C11,354,,2017-03-28T15:00:00.000-04:00,2017,3,Tuesday,15,Part Two,PARK ST,42.29969646,-71.05715558,0,42.29969646,-71.05715558,0,0,Afternoon,0,2,Spring,1,2,Property,0,1.0,2.0,1.0,1.0,1.0
I162024064,3006,Medical Assistance,SICK/INJURED/MEDICAL - PERSON,A7,26,,2016-03-28T20:56:00.000-04:00,2016,3,Monday,20,Part Three,LIVERPOOL ST,42.37151469,-71.04146203,0,42.37151469,-71.04146203,0,0,Evening,0,1,Spring,1,1,Other,0,10.0,1.0,1.0,0.0,0.0
I172104023,3831,Motor Vehicle Accident Response,M/V - LEAVING SCENE - PROPERTY DAMAGE,B2,312,,2017-12-16T18:04:00.000-05:00,2017,12,Saturday,18,Part Three,HAROLD ST,42.31688606,-71.0900119,0,42.31688606,-71.0900119,0,0,Evening,1,1,Winter,4,6,Traffic,0,0.0,1.0,3.0,2.0,0.0
I152075328,2629,Harassment,HARASSMENT,E18,516,,2015-09-10T19:50:00.000-04:00,2015,9,Thursday,19,Part Two,SUMMIT ST,42.24875808,-71.11522821,0,42.24875808,-71.11522821,0,0,Evening,0,2,Fall,3,4,Other,0,7.0,1.0,2.0,0.0,1.0
I182018425,521,Residential Burglary,BURGLARY - RESIDENTIAL - ATTEMPT,E18,524,,2018-03-10T21:00:00.000-05:00,2018,3,Saturday,21,Part One,FARADAY ST,42.24288459,-71.12255206,0,42.24288459,-71.12255206,0,0,Night,1,3,Spring,1,6,Property,0,7.0,0.0,1.0,1.0,2.0
I172094639,423,Aggravated Assault,ASSAULT - AGGRAVATED,A15,50,,2017-11-12T17:31:00.000-05:00,2017,11,Sunday,17,Part One,NEW RUTHERFORD AVE,42.37548425,-71.06872766,0,42.37548425,-71.06872766,0,0,Evening,1,3,Fall,4,7,Violent,0,11.0,1.0,2.0,3.0,2.0
I162008194,3803,Motor Vehicle Accident Response,M/V ACCIDENT - PERSONAL INJURY,D14,802,,2016-01-30T23:58:00.000-05:00,2016,1,Saturday,23,Part Three,CAMBRIDGE ST,42.35358174,-71.13733381,0,42.35358174,-71.13733381,0,0,Night,1,1,Winter,1,6,Traffic,1,8.0,0.0,3.0,2.0,0.0
I172046329,2900,Other,VAL - VIOLATION OF AUTO LAW - OTHER,A15,427,,2017-06-11T02:55:00.000-04:00,2017,6,Sunday,2,Part Two,WARREN ST,42.32823419,-71.08328981,0,42.32823419,-71.08328981,0,0,Night,1,2,Summer,2,7,Other,1,11.0,0.0,0.0,0.0,1.0
I162003883,3006,Medical Assistance,SICK/INJURED/MEDICAL - PERSON,C11,235,,2016-01-15T01:14:00.000-05:00,2016,1,Friday,1,Part Three,CARSON ST,42.3197573,-71.05428941,0,42.3197573,-71.05428941,0,0,Night,0,1,Winter,1,5,Other,1,1.0,0.0,3.0,0.0,0.0
I162075614,3115,Investigate Person,INVESTIGATE PERSON,C11,380,,2016-09-16T10:38:00.000-04:00,2016,9,Friday,10,Part Three,ROSARIA ST,42.28654114,-71.04981983,0,42.28654114,-71.04981983,0,0,Morning,0,1,Fall,3,5,Other,0,1.0,3.0,2.0,0.0,0.0
I182058633,3114,Investigate Property,INVESTIGATE PROPERTY,C11,249,,2018-07-25T12:41:00.000-04:00,2018,7,Wednesday,12,Part Three,SAXTON ST,42.31359091,-71.05432387,0,42.31359091,-71.05432387,0,0,Afternoon,0,1,Summer,3,3,Other,0,1.0,2.0,0.0,0.0,0.0
I162044085,3111,License Violation,LICENSE PREMISE VIOLATION,C6,210,,2016-06-04T21:48:00.000-04:00,2016,6,Saturday,21,Part Three,D ST,42.34454105,-71.04416497,0,42.34454105,-71.04416497,0,0,Night,1,1,Summer,2,6,Other,0,5.0,0.0,0.0,0.0,0.0
I172009754,2612,Fire Related Reports,FIRE REPORT/ALARM - FALSE,E13,930,,2017-02-05T12:00:00.000-05:00,2017,2,Sunday,12,Part Two,COLUMBUS AVE,42.31506898,-71.09746579,0,42.31506898,-71.09746579,0,0,Afternoon,1,2,Winter,1,7,Other,0,6.0,2.0,3.0,0.0,1.0
I162080271,2403,Disorderly Conduct,DISTURBING THE PEACE,B3,457,,2016-10-01T01:45:00.000-04:00,2016,10,Saturday,1,Part Two,MCLELLAN ST,42.30006791,-71.08430796,0,42.30006791,-71.08430796,0,0,Night,1,2,Fall,4,6,Other,1,2.0,0.0,2.0,0.0,1.0
I162079841,2007,Restraining Order Violations,VIOL. OF RESTRAINING ORDER W NO ARREST,C11,352,,2016-09-29T18:50:00.000-04:00,2016,9,Thursday,18,Part Two,ARCADIA ST,42.30183841,-71.06127819,0,42.30183841,-71.06127819,0,0,Evening,0,2,Fall,3,4,Other,0,1.0,1.0,2.0,0.0,1.0
I172078196,2647,Other,THREATS TO DO BODILY HARM,B2,319,,2017-09-19T17:00:00.000-04:00,2017,9,Tuesday,17,Part Two,WAYNE ST,42.3072423,-71.08551704,0,42.3072423,-71.08551704,0,0,Evening,0,2,Fall,3,2,Other,0,0.0,1.0,2.0,0.0,1.0
I182055771,802,Simple Assault,ASSAULT SIMPLE - BATTERY,C11,345,,2018-07-15T18:55:00.000-04:00,2018,7,Sunday,18,Part Two,DRAPER ST,42.30358612,-71.06437082,0,42.30358612,-71.06437082,0,0,Evening,1,2,Summer,3,7,Violent,0,1.0,1.0,0.0,3.0,1.0
I182069894,2647,Other,THREATS TO DO BODILY HARM,C11,352,,2018-08-31T10:25:00.000-04:00,2018,8,Friday,10,Part Two,DORCHESTER AVE,42.30114533,-71.05991447,0,42.30114533,-71.05991447,0,0,Morning,0,2,Summer,3,5,Other,0,1.0,3.0,0.0,0.0,1.0
I182068034,2632,Evading Fare,EVADING FARE,C11,395,,2018-08-25T01:03:00.000-04:00,2018,8,Saturday,1,Part Two,DORCHESTER AVE,42.28187213,-71.06538326,0,42.28187213,-71.06538326,0,0,Night,1,2,Summer,3,6,Other,1,1.0,0.0,0.0,0.0,1.0
I182065476,613,Larceny,LARCENY SHOPLIFTING,D4,146,,2018-08-16T16:56:00.000-04:00,2018,8,Thursday,16,Part One,HUNTINGTON AVE,42.3479724,-71.07849582,0,42.3479724,-71.07849582,0,0,Afternoon,0,3,Summer,3,4,Property,0,3.0,2.0,0.0,1.0,2.0
I182053990,1849,Drug Violation,"DRUGS - POSS CLASS B - COCAINE, ETC.",D4,"",,2018-07-09T17:35:00.000-04:00,2018,7,Monday,17,Part Two,E BROOKLINE ST,,,0,42.18246397604247,-70.85870749757449,1,1,Evening,0,2,Summer,3,1,Drug,0,3.0,1.0,0.0,4.0,1.0
I172037556,2629,Harassment,HARASSMENT,B2,320,,2017-05-12T14:40:00.000-04:00,2017,5,Friday,14,Part Two,MAPLE ST,42.30978746,-71.08503096,0,42.30978746,-71.08503096,0,0,Afternoon,0,2,Spring,2,5,Other,0,0.0,2.0,1.0,0.0,1.0
I172068297,3018,Medical Assistance,SICK/INJURED/MEDICAL - POLICE,A1,91,,2017-08-18T23:00:00.000-04:00,2017,8,Friday,23,Part Three,FULTON ST,42.36238463,-71.05316216,0,42.36238463,-71.05316216,0,0,Night,0,1,Summer,3,5,Other,1,4.0,0.0,0.0,0.0,0.0
I182045710,3114,Investigate Property,INVESTIGATE PROPERTY,A7,26,,2018-06-12T19:41:00.000-04:00,2018,6,Tuesday,19,Part Three,MAVERICK ST,42.37117208,-71.04127485,0,42.37117208,-71.04127485,0,0,Evening,0,1,Summer,2,2,Other,0,10.0,1.0,0.0,0.0,0.0
I172073656,3018,Medical Assistance,SICK/INJURED/MEDICAL - POLICE,E5,691,,2017-09-05T19:36:00.000-04:00,2017,9,Tuesday,19,Part Three,CENTRE ST,42.28709355,-71.14822128,0,42.28709355,-71.14822128,0,0,Evening,0,1,Fall,3,2,Other,0,9.0,1.0,2.0,0.0,0.0
I172085996,735,Auto Theft Recovery,RECOVERED - MV RECOVERED IN BOSTON (STOLEN OUTSIDE BOSTON),B3,457,,2017-10-15T00:47:00.000-04:00,2017,10,Sunday,0,Other,MCLELLAN ST,42.30084929,-71.08522128,0,42.30084929,-71.08522128,0,0,Night,1,0,Fall,4,7,Property,1,2.0,0.0,2.0,1.0,3.0
I182032520,2010,HOME INVASION,HOME INVASION,B2,320,,2018-05-01T00:01:00.000-04:00,2018,5,Tuesday,0,Unknown,MAPLE ST,42.30978746,-71.08503096,0,42.30978746,-71.08503096,0,0,Night,0,0,Spring,2,2,Other,1,0.0,0.0,1.0,0.0,4.0
I152107353,613,Larceny,LARCENY SHOPLIFTING,A1,94,,2015-12-29T21:01:00.000-05:00,2015,12,Tuesday,21,Part One,STATE ST,42.35942556,-71.05288819,0,42.35942556,-71.05288819,0,0,Night,0,3,Winter,4,2,Property,0,4.0,0.0,3.0,1.0,2.0
I172025671,3006,Medical Assistance,SICK/INJURED/MEDICAL - PERSON,A1,954,,2017-04-02T21:37:00.000-04:00,2017,4,Sunday,21,Part Three,FULTON ST,42.36293611,-71.05253795,0,42.36293611,-71.05253795,0,0,Night,1,1,Spring,2,7,Other,0,4.0,0.0,1.0,0.0,0.0
I162057860,614,Larceny From Motor Vehicle,LARCENY THEFT FROM MV - NON-ACCESSORY,E18,521,,2016-07-20T12:32:00.000-04:00,2016,7,Wednesday,12,Part One,FAIRMOUNT AVE,42.2539599,-71.11962283,0,42.2539599,-71.11962283,0,0,Afternoon,0,3,Summer,3,3,Property,0,7.0,2.0,0.0,1.0,2.0
I152094464,3410,Towed,TOWED MOTOR VEHICLE,D14,773,,2015-11-13T23:55:00.000-05:00,2015,11,Friday,23,Part Three,EMBASSY RD,42.34194178,-71.15562557,0,42.34194178,-71.15562557,0,0,Night,0,1,Fall,4,5,Other,1,8.0,0.0,2.0,0.0,0.0
I172035826,2629,Harassment,HARASSMENT,E18,525,,2017-05-05T17:30:00.000-04:00,2017,5,Friday,17,Part Two,SIERRA RD,42.23727444,-71.12624263,0,42.23727444,-71.12624263,0,0,Evening,0,2,Spring,2,5,Other,0,7.0,1.0,1.0,0.0,1.0
I162009038,3803,Motor Vehicle Accident Response,M/V ACCIDENT - PERSONAL INJURY,C11,918,,2016-02-02T01:00:00.000-05:00,2016,2,Tuesday,1,Part Three,DAWES ST,42.31814671,-71.06075377,0,42.31814671,-71.06075377,0,0,Night,0,1,Winter,1,2,Traffic,1,1.0,0.0,3.0,2.0,0.0
I182010917,3410,Towed,TOWED MOTOR VEHICLE,D14,760,,2018-02-10T17:13:00.000-05:00,2018,2,Saturday,17,Part Three,FAIRBANKS ST,42.35071344,-71.16296497,0,42.35071344,-71.16296497,0,0,Evening,1,1,Winter,1,6,Other,0,8.0,1.0,3.0,0.0,0.0
I172013276,614,Larceny From Motor Vehicle,LARCENY THEFT FROM MV - NON-ACCESSORY,A1,117,,2017-02-17T22:45:00.000-05:00,2017,2,Friday,22,Part One,BOYLSTON ST,42.3523119,-71.0637051,0,42.3523119,-71.0637051,0,0,Night,0,3,Winter,1,5,Property,1,4.0,0.0,3.0,1.0,2.0
I182051133,1842,Drug Violation,"DRUGS - POSS CLASS A - HEROIN, ETC.",E18,498,,2018-06-29T19:42:00.000-04:00,2018,6,Friday,19,Part Two,HYDE PARK AVE,42.27205742,-71.12024554,0,42.27205742,-71.12024554,0,0,Evening,0,2,Summer,2,5,Drug,0,7.0,1.0,0.0,4.0,1.0
I162026996,802,Simple Assault,ASSAULT SIMPLE - BATTERY,A1,76,,2016-04-07T18:12:00.000-04:00,2016,4,Thursday,18,Part Two,BEVERLY ST,42.36542502,-71.05957649,0,42.36542502,-71.05957649,0,0,Evening,0,2,Spring,2,4,Violent,0,4.0,1.0,1.0,3.0,1.0
I152074547,619,Larceny,LARCENY ALL OTHERS,B2,297,,2015-09-08T11:08:00.000-04:00,2015,9,Tuesday,11,Part One,DALE ST,42.32107166,-71.08510371,0,42.32107166,-71.08510371,0,0,Morning,0,3,Fall,3,2,Property,0,0.0,3.0,2.0,1.0,2.0
I182027323,3501,Missing Person Reported,MISSING PERSON,C11,351,,2018-04-12T08:12:00.000-04:00,2018,4,Thursday,8,Part Three,DORCHESTER AVE,42.29919694,-71.06046974,0,42.29919694,-71.06046974,0,0,Morning,0,1,Spring,2,4,Other,0,1.0,3.0,1.0,0.0,0.0
I182042103,3301,Verbal Disputes,VERBAL DISPUTE,B2,308,,2018-05-31T23:50:00.000-04:00,2018,5,Thursday,23,Part Three,BOWER ST,42.31996758,-71.08715022,0,42.31996758,-71.08715022,0,0,Night,0,1,Spring,2,4,Other,1,0.0,0.0,1.0,0.0,0.0
I172007136,617,Larceny,LARCENY THEFT FROM BUILDING,E18,540,,2017-01-26T22:31:00.000-05:00,2017,1,Thursday,22,Part One,ROXANA ST,42.25167017,-71.13126043,0,42.25167017,-71.13126043,0,0,Night,0,3,Winter,1,4,Property,1,7.0,0.0,3.0,1.0,2.0
I162018510,3111,License Violation,LICENSE PREMISE VIOLATION,D4,143,,2016-03-09T13:38:00.000-05:00,2016,3,Wednesday,13,Part Three,BOYLSTON ST,42.34862382,-71.08277637,0,42.34862382,-71.08277637,0,0,Afternoon,0,1,Spring,1,3,Other,0,3.0,2.0,1.0,0.0,0.0
I182070354,1402,Vandalism,VANDALISM,C11,462,,2018-08-29T22:00:00.000-04:00,2018,8,Wednesday,22,Part Two,BOWDOIN AVE,42.30090969,-71.07425843,0,42.30090969,-71.07425843,0,0,Night,0,2,Summer,3,3,Property,1,1.0,0.0,0.0,1.0,1.0
I162008383,3831,Motor Vehicle Accident Response,M/V - LEAVING SCENE - PROPERTY DAMAGE,B3,463,,2016-01-31T18:43:00.000-05:00,2016,1,Sunday,18,Part Three,AMERICAN LEGION HWY,42.29708829,-71.09095546,0,42.29708829,-71.09095546,0,0,Evening,1,1,Winter,1,7,Traffic,0,2.0,1.0,3.0,2.0,0.0
I162058081,1102,Fraud,FRAUD - FALSE PRETENSE / SCHEME,C6,220,,2016-07-18T08:00:00.000-04:00,2016,7,Monday,8,Part Two,E BROADWAY,42.33546813,-71.04489149,0,42.33546813,-71.04489149,0,0,Morning,0,2,Summer,3,1,Other,0,5.0,3.0,0.0,0.0,1.0
I172079019,3018,Medical Assistance,SICK/INJURED/MEDICAL - POLICE,E13,574,,2017-09-22T18:29:00.000-04:00,2017,9,Friday,18,Part Three,WASHINGTON ST,42.30971857,-71.10429432,0,42.30971857,-71.10429432,0,0,Evening,0,1,Fall,3,5,Other,0,6.0,1.0,2.0,0.0,0.0
I182048767,3115,Investigate Person,INVESTIGATE PERSON,A15,52,,2018-06-22T11:18:00.000-04:00,2018,6,Friday,11,Part Three,HOLBORN ST,42.31407167,-71.08010711,0,42.31407167,-71.08010711,0,0,Morning,0,1,Summer,2,5,Other,0,11.0,3.0,0.0,0.0,0.0
I172047807,802,Simple Assault,ASSAULT SIMPLE - BATTERY,B2,280,,2017-06-14T17:50:00.000-04:00,2017,6,Wednesday,17,Part Two,WASHINGTON ST,42.33094752,-71.08285104,0,42.33094752,-71.08285104,0,0,Evening,0,2,Summer,2,3,Violent,0,0.0,1.0,0.0,3.0,1.0
I182057713,3301,Verbal Disputes,VERBAL DISPUTE,B3,944,,2018-07-22T12:06:00.000-04:00,2018,7,Sunday,12,Part Three,AMES ST,42.28956988,-71.08510501,0,42.28956988,-71.08510501,0,0,Afternoon,1,1,Summer,3,7,Other,0,2.0,2.0,0.0,0.0,0.0
I162093021,2629,Harassment,HARASSMENT,A7,12,,2016-11-13T16:25:00.000-05:00,2016,11,Sunday,16,Part Two,BOARDMAN ST,42.387128,-71.008099,0,42.387128,-71.008099,0,0,Afternoon,1,2,Fall,4,7,Other,0,10.0,2.0,2.0,0.0,1.0
I172079695,3007,Medical Assistance,SUDDEN DEATH,A1,63,,2017-09-24T19:04:00.000-04:00,2017,9,Sunday,19,Part Three,LONGFELLOW PL,42.3635655,-71.06449385,0,42.3635655,-71.06449385,0,0,Evening,1,1,Fall,3,7,Other,0,4.0,1.0,2.0,0.0,0.0
I162076154,3006,Medical Assistance,SICK/INJURED/MEDICAL - PERSON,D14,282,,2016-09-18T01:33:00.000-04:00,2016,9,Sunday,1,Part Three,WASHINGTON ST,42.32866284,-71.08563401,0,42.32866284,-71.08563401,0,0,Night,1,1,Fall,3,7,Other,1,8.0,0.0,2.0,0.0,0.0
I162081821,802,Simple Assault,ASSAULT SIMPLE - BATTERY,B3,435,,2016-10-06T12:59:00.000-04:00,2016,10,Thursday,12,Part Two,ARMANDINE ST,42.28431486,-71.07410838,0,42.28431486,-71.07410838,0,0,Afternoon,0,2,Fall,4,4,Violent,0,2.0,2.0,2.0,3.0,1.0
I162059185,3831,Motor Vehicle Accident Response,M/V - LEAVING SCENE - PROPERTY DAMAGE,A7,"",,2016-07-25T02:15:00.000-04:00,2016,7,Monday,2,Part Three,UNKNOWN,42.3784358,-71.02886999,0,42.3784358,-71.02886999,0,0,Night,0,1,Summer,3,1,Traffic,1,10.0,0.0,0.0,2.0,0.0
I172008314,1402,Vandalism,VANDALISM,E13,582,,2017-01-30T19:19:00.000-05:00,2017,1,Monday,19,Part Two,CREIGHTON ST,42.32348445,-71.10813006,0,42.32348445,-71.10813006,0,0,Evening,0,2,Winter,1,1,Property,0,6.0,1.0,3.0,1.0,1.0
I182059277,613,Larceny,LARCENY SHOPLIFTING,D4,137,,2018-07-27T13:41:00.000-04:00,2018,7,Friday,13,Part One,NEWBURY ST,42.34999733,-71.0810344,0,42.34999733,-71.0810344,0,0,Afternoon,0,3,Summer,3,5,Property,0,3.0,2.0,0.0,1.0,2.0
I152106368,617,Larceny,LARCENY THEFT FROM BUILDING,B2,328,,2015-12-25T12:00:00.000-05:00,2015,12,Friday,12,Part One,INTERVALE ST,42.30942147,-71.07460029,0,42.30942147,-71.07460029,0,0,Afternoon,0,3,Winter,4,5,Property,0,0.0,2.0,3.0,1.0,2.0
I172012547,3006,Medical Assistance,SICK/INJURED/MEDICAL - PERSON,D14,782,,2017-02-15T19:52:00.000-05:00,2017,2,Wednesday,19,Part Three,POMEROY ST,42.35350933,-71.14153852,0,42.35350933,-71.14153852,0,0,Evening,0,1,Winter,1,3,Other,0,8.0,1.0,3.0,0.0,0.0
I172080220,3207,Property Found,PROPERTY - FOUND,C11,403,,2017-09-26T09:49:00.000-04:00,2017,9,Tuesday,9,Part Three,MERCIER AVE,42.28279696,-71.06605881,0,42.28279696,-71.06605881,0,0,Morning,0,1,Fall,3,2,Other,0,1.0,3.0,2.0,0.0,0.0
I182011522,617,Larceny,LARCENY THEFT FROM BUILDING,C11,823,,2018-02-08T13:30:00.000-05:00,2018,2,Thursday,13,Part One,PLEASANT ST,42.31190475,-71.05910531,0,42.31190475,-71.05910531,0,0,Afternoon,0,3,Winter,1,4,Property,0,1.0,2.0,3.0,1.0,2.0
I182010073,2647,Other,THREATS TO DO BODILY HARM,E18,489,,2017-12-01T00:00:00.000-05:00,2017,12,Friday,0,Part Two,ROSEGLEN RD,42.26689318,-71.10898767,0,42.26689318,-71.10898767,0,0,Night,0,2,Winter,4,5,Other,1,7.0,0.0,3.0,0.0,1.0
I172095922,1402,Vandalism,VANDALISM,C6,177,,2017-11-14T16:00:00.000-05:00,2017,11,Tuesday,16,Part Two,MASSACHUSETTS AVE,42.32701527,-71.0670491,0,42.32701527,-71.0670491,0,0,Afternoon,0,2,Fall,4,2,Property,0,5.0,2.0,2.0,1.0,1.0
I152097389,3803,Motor Vehicle Accident Response,M/V ACCIDENT - PERSONAL INJURY,C11,823,,2015-11-24T06:01:00.000-05:00,2015,11,Tuesday,6,Part Three,STOUGHTON ST,42.31551723,-71.06171688,0,42.31551723,-71.06171688,0,0,Morning,0,1,Fall,4,2,Traffic,0,1.0,3.0,2.0,2.0,0.0
I172083688,802,Simple Assault,ASSAULT SIMPLE - BATTERY,B3,458,,2017-10-07T13:42:00.000-04:00,2017,10,Saturday,13,Part Two,ERIE ST,42.30153144,-71.08257819,0,42.30153144,-71.08257819,0,0,Afternoon,1,2,Fall,4,6,Violent,0,2.0,2.0,2.0,3.0,1.0
I152104345,1402,Vandalism,VANDALISM,A1,109,,2015-12-17T23:00:00.000-05:00,2015,12,Thursday,23,Part Two,FRANKLIN ST,42.35706352,-71.05308003,0,42.35706352,-71.05308003,0,0,Night,0,2,Winter,4,4,Property,1,4.0,0.0,3.0,1.0,1.0
I172032751,3801,Motor Vehicle Accident Response,M/V ACCIDENT - OTHER,UNKNOWN,"",,2017-04-21T08:30:00.000-04:00,2017,4,Friday,8,Part Three,UNKNOWN,42.33714302,-71.08431658,0,42.33714302,-71.08431658,0,0,Morning,0,1,Spring,2,5,Traffic,0,12.0,3.0,1.0,2.0,0.0
I172062581,3125,Warrant Arrests,WARRANT ARREST,D4,"",,2017-08-01T14:30:00.000-04:00,2017,8,Tuesday,14,Part Three,ALBANY ST,,,0,42.18246397604247,-70.85870749757449,1,1,Afternoon,0,1,Summer,3,2,Other,0,3.0,2.0,0.0,0.0,0.0
I182008908,802,Simple Assault,ASSAULT SIMPLE - BATTERY,A1,85,,2018-02-03T03:51:00.000-05:00,2018,2,Saturday,3,Part Two,N MARGIN ST,42.36490476,-71.05671873,0,42.36490476,-71.05671873,0,0,Night,1,2,Winter,1,6,Violent,1,4.0,0.0,3.0,3.0,1.0
I162003558,1874,Drug Violation,DRUGS - OTHER,C11,"",,2016-01-13T20:06:00.000-05:00,2016,1,Wednesday,20,Part Two,UNKNOWN,,,0,42.18246397604247,-70.85870749757449,1,1,Evening,0,2,Winter,1,3,Drug,0,1.0,1.0,3.0,4.0,1.0
I152070061,2906,Violations,VAL - OPERATING UNREG/UNINS  CAR,B2,330,,2015-08-24T09:03:00.000-04:00,2015,8,Monday,9,Part Two,BLUE HILL AVE,42.30638316,-71.08435635,0,42.30638316,-71.08435635,0,0,Morning,0,2,Summer,3,1,Other,0,0.0,3.0,0.0,0.0,1.0
I162046732,3006,Medical Assistance,SICK/INJURED/MEDICAL - PERSON,B2,458,,2016-06-13T15:06:00.000-04:00,2016,6,Monday,15,Part Three,BLUE HILL AVE,42.30938437,-71.08262277,0,42.30938437,-71.08262277,0,0,Afternoon,0,1,Summer,2,1,Other,0,0.0,2.0,0.0,0.0,0.0
I162005845,802,Simple Assault,ASSAULT SIMPLE - BATTERY,C11,235,,2016-01-22T10:08:00.000-05:00,2016,1,Friday,10,Part Two,MOSELEY ST,42.32086661,-71.05411113,0,42.32086661,-71.05411113,0,0,Morning,0,2,Winter,1,5,Violent,0,1.0,3.0,3.0,3.0,1.0
I182049165,3803,Motor Vehicle Accident Response,M/V ACCIDENT - PERSONAL INJURY,E18,"",,2018-06-23T16:20:00.000-04:00,2018,6,Saturday,16,Part Three,CUMMINS HWY,,,0,42.18246397604247,-70.85870749757449,1,1,Afternoon,1,1,Summer,2,6,Traffic,0,7.0,2.0,0.0,2.0,0.0
I162068345,3810,Motor Vehicle Accident Response,M/V ACCIDENT - INVOLVING  BICYCLE - INJURY,E5,564,,2016-08-23T11:20:00.000-04:00,2016,8,Tuesday,11,Part Three,WASHINGTON ST,42.29723412,-71.11669286,0,42.29723412,-71.11669286,0,0,Morning,0,1,Summer,3,2,Traffic,0,9.0,3.0,0.0,2.0,0.0
I182017847,3114,Investigate Property,INVESTIGATE PROPERTY,E13,912,,2018-03-08T21:01:00.000-05:00,2018,3,Thursday,21,Part Three,CENTRE ST,42.32283759,-71.10096723,0,42.32283759,-71.10096723,0,0,Night,0,1,Spring,1,4,Other,0,6.0,0.0,1.0,0.0,0.0
I162089606,3006,Medical Assistance,SICK/INJURED/MEDICAL - PERSON,B2,325,,2016-11-01T23:15:00.000-04:00,2016,11,Tuesday,23,Part Three,HOWARD AVE,42.31468252,-71.07527119,0,42.31468252,-71.07527119,0,0,Night,0,1,Fall,4,2,Other,1,0.0,0.0,2.0,0.0,0.0
I172032500,3301,Verbal Disputes,VERBAL DISPUTE,B2,329,,2017-04-26T15:14:00.000-04:00,2017,4,Wednesday,15,Part Three,STANWOOD ST,42.30762176,-71.07752554,0,42.30762176,-71.07752554,0,0,Afternoon,0,1,Spring,2,3,Other,0,0.0,2.0,1.0,0.0,0.0
I162036152,1402,Vandalism,VANDALISM,B3,908,,2016-05-09T08:30:00.000-04:00,2016,5,Monday,8,Part Two,AMERICAN LEGION HWY,42.29639579,-71.09182248,0,42.29639579,-71.09182248,0,0,Morning,0,2,Spring,2,1,Property,0,2.0,3.0,1.0,1.0,1.0
I162026687,3810,Motor Vehicle Accident Response,M/V ACCIDENT - INVOLVING  BICYCLE - INJURY,E13,645,,2016-04-06T18:20:00.000-04:00,2016,4,Wednesday,18,Part Three,CENTRE ST,42.31265126,-71.11414509,0,42.31265126,-71.11414509,0,0,Evening,0,1,Spring,2,3,Traffic,0,6.0,1.0,1.0,2.0,0.0
I172099917,2403,Disorderly Conduct,DISTURBING THE PEACE,A1,"",,2017-12-01T21:40:00.000-05:00,2017,12,Friday,21,Part Two,ESSEX ST,,,0,42.18246397604247,-70.85870749757449,1,1,Night,0,2,Winter,4,5,Other,0,4.0,0.0,3.0,0.0,1.0
I162076410,3006,Medical Assistance,SICK/INJURED/MEDICAL - PERSON,B3,450,,2016-09-18T20:25:00.000-04:00,2016,9,Sunday,20,Part Three,WHEATLAND AVE,42.29350272,-71.07344862,0,42.29350272,-71.07344862,0,0,Evening,1,1,Fall,3,7,Other,0,2.0,1.0,2.0,0.0,0.0
I162019961,1848,Drug Violation,DRUGS - POSS CLASS D - INTENT TO MFR DIST DISP,B2,329,,2016-03-14T14:01:00.000-04:00,2016,3,Monday,14,Part Two,UNKNOWN,,,0,42.18246397604247,-70.85870749757449,1,1,Afternoon,0,2,Spring,1,1,Drug,0,0.0,2.0,1.0,4.0,1.0
I182036292,3501,Missing Person Reported,MISSING PERSON,B3,444,,2018-05-13T10:06:00.000-04:00,2018,5,Sunday,10,Part Three,ABBOT ST,42.29686162,-71.08584183,0,42.29686162,-71.08584183,0,0,Morning,1,1,Spring,2,7,Other,0,2.0,3.0,1.0,0.0,0.0
I152083209,1845,Drug Violation,DRUGS - POSS CLASS D,B2,319,,2015-10-06T19:41:00.000-04:00,2015,10,Tuesday,19,Part Two,BLUE HILL AVE,42.30557347,-71.08471265,0,42.30557347,-71.08471265,0,0,Evening,0,2,Fall,4,2,Drug,0,0.0,1.0,2.0,4.0,1.0
I182002447,1415,Vandalism,GRAFFITI,E18,504,,2018-01-10T12:31:00.000-05:00,2018,1,Wednesday,12,Part Two,WYVERN ST,42.2878734,-71.11636811,0,42.2878734,-71.11636811,0,0,Afternoon,0,2,Winter,1,3,Property,0,7.0,2.0,3.0,1.0,1.0
I172007037,3302,Assembly or Gathering Violations,GATHERING CAUSING ANNOYANCE,A1,"",,2017-01-26T14:59:00.000-05:00,2017,1,Thursday,14,Part Three,UNKNOWN,,,0,42.18246397604247,-70.85870749757449,1,1,Afternoon,0,1,Winter,1,4,Other,0,4.0,2.0,3.0,0.0,0.0
I172051806,3830,Motor Vehicle Accident Response,M/V - LEAVING SCENE - PERSONAL INJURY,A7,"",,2017-06-27T18:29:00.000-04:00,2017,6,Tuesday,18,Part Three,BENNINGTON ST,,,0,42.18246397604247,-70.85870749757449,1,1,Evening,0,1,Summer,2,2,Traffic,0,10.0,1.0,0.0,2.0,0.0
I172043597,3301,Verbal Disputes,VERBAL DISPUTE,B3,455,,2017-06-02T07:29:00.000-04:00,2017,6,Friday,7,Part Three,TRINITY TER,42.30129234,-71.0780698,0,42.30129234,-71.0780698,0,0,Morning,0,1,Summer,2,5,Other,0,2.0,3.0,0.0,0.0,0.0
I172006231,617,Larceny,LARCENY THEFT FROM BUILDING,A1,76,,2017-01-20T07:00:00.000-05:00,2017,1,Friday,7,Part One,NEW CHARDON ST,42.36370521,-71.0587168,0,42.36370521,-71.0587168,0,0,Morning,0,3,Winter,1,5,Property,0,4.0,3.0,3.0,1.0,2.0
I172017662,613,Larceny,LARCENY SHOPLIFTING,A15,105,,2017-03-05T16:22:00.000-05:00,2017,3,Sunday,16,Part One,SUMMER ST,42.35521625,-71.06012863,0,42.35521625,-71.06012863,0,0,Afternoon,1,3,Spring,1,7,Property,0,11.0,2.0,1.0,1.0,2.0
I172005051,311,Robbery,ROBBERY - COMMERCIAL,E13,606,,2017-01-19T18:43:00.000-05:00,2017,1,Thursday,18,Part One,S HUNTINGTON AVE,42.33136931,-71.11185116,0,42.33136931,-71.11185116,0,0,Evening,0,3,Winter,1,4,Violent,0,6.0,1.0,3.0,3.0,2.0
I172024613,3801,Motor Vehicle Accident Response,M/V ACCIDENT - OTHER,B3,428,,2017-03-29T15:30:00.000-04:00,2017,3,Wednesday,15,Part Three,MORTON ST,42.28329074,-71.08916307,0,42.28329074,-71.08916307,0,0,Afternoon,0,1,Spring,1,3,Traffic,0,2.0,2.0,1.0,2.0,0.0
I162090284,2204,Liquor Violation,LIQUOR LAW VIOLATION,A1,109,,2016-11-04T00:50:00.000-04:00,2016,11,Friday,0,Part Two,FRANKLIN ST,42.35706352,-71.05308003,0,42.35706352,-71.05308003,0,0,Night,0,2,Fall,4,5,Other,1,4.0,0.0,2.0,0.0,1.0
I152077823,3502,Missing Person Located,MISSING PERSON - LOCATED,B2,316,,2015-09-18T22:10:00.000-04:00,2015,9,Friday,22,Part Three,HUMBOLDT AVE,42.31153554,-71.09079223,0,42.31153554,-71.09079223,0,0,Night,0,1,Fall,3,5,Other,1,0.0,0.0,2.0,0.0,0.0
I182042528,3119,Firearm Discovery,FIREARM/WEAPON - FOUND OR CONFISCATED,C6,913,,2018-06-02T12:40:00.000-04:00,2018,6,Saturday,12,Part Three,OCEAN VIEW DR,42.31957856,-71.04032766,0,42.31957856,-71.04032766,0,0,Afternoon,1,1,Summer,2,6,Other,0,5.0,2.0,0.0,0.0,0.0
I172079859,3410,Towed,TOWED MOTOR VEHICLE,A15,44,,2017-09-25T11:28:00.000-04:00,2017,9,Monday,11,Part Three,MEDFORD ST,42.38048207,-71.06087725,0,42.38048207,-71.06087725,0,0,Morning,0,1,Fall,3,1,Other,0,11.0,3.0,2.0,0.0,0.0
I182048956,3109,Police Service Incidents,SERVICE TO OTHER PD INSIDE OF MA.,B3,445,,2018-06-22T23:29:00.000-04:00,2018,6,Friday,23,Part Three,GREENWOOD ST,42.29716347,-71.07954018,0,42.29716347,-71.07954018,0,0,Night,0,1,Summer,2,5,Other,1,2.0,0.0,0.0,0.0,0.0
I162081274,2905,Violations,VAL - OPERATING WITHOUT LICENSE,D4,903,,2016-10-04T14:37:00.000-04:00,2016,10,Tuesday,14,Part Two,SHAWMUT AVE,42.33543394,-71.08076738,0,42.33543394,-71.08076738,0,0,Afternoon,0,2,Fall,4,2,Other,0,3.0,2.0,2.0,0.0,1.0
I162095529,1843,Drug Violation,DRUGS - POSS CLASS B - INTENT TO MFR DIST DISP,A1,115,,2016-11-22T08:40:00.000-05:00,2016,11,Tuesday,8,Part Two,BOYLSTON ST,42.3523119,-71.0637051,0,42.3523119,-71.0637051,0,0,Morning,0,2,Fall,4,2,Drug,0,4.0,3.0,2.0,4.0,1.0
I182007220,613,Larceny,LARCENY SHOPLIFTING,A15,56,,2018-01-27T21:02:00.000-05:00,2018,1,Saturday,21,Part One,THOMPSON SQ,42.3751514,-71.0639642,0,42.3751514,-71.0639642,0,0,Night,1,3,Winter,1,6,Property,0,11.0,0.0,3.0,1.0,2.0
I152052115,3802,Motor Vehicle Accident Response,M/V ACCIDENT - PROPERTY  DAMAGE,D4,138,,2015-06-24T00:30:00.000-04:00,2015,6,Wednesday,0,Part Three,BOYLSTON ST,42.34901954,-71.08130134,0,42.34901954,-71.08130134,0,0,Night,0,1,Summer,2,3,Traffic,1,3.0,0.0,0.0,2.0,0.0
I152061607,617,Larceny,LARCENY THEFT FROM BUILDING,C6,194,,2015-07-25T18:52:00.000-04:00,2015,7,Saturday,18,Part One,DORCHESTER AVE,42.32971683,-71.05696834,0,42.32971683,-71.05696834,0,0,Evening,1,3,Summer,3,6,Property,0,5.0,1.0,0.0,1.0,2.0
I162027335,1102,Fraud,FRAUD - FALSE PRETENSE / SCHEME,C11,393,,2016-04-08T21:26:00.000-04:00,2016,4,Friday,21,Part Two,MONSIGNOR PATRICK J. LYDO,42.28866198,-71.06130524,0,42.28866198,-71.06130524,0,0,Night,0,2,Spring,2,5,Other,0,1.0,0.0,1.0,0.0,1.0
I172028413,1805,Drug Violation,DRUGS - CLASS A TRAFFICKING OVER 18 GRAMS,B2,329,,2017-04-12T10:45:00.000-04:00,2017,4,Wednesday,10,Part Two,GENEVA AVE,42.30849045,-71.08210359,0,42.30849045,-71.08210359,0,0,Morning,0,2,Spring,2,3,Drug,0,0.0,3.0,1.0,4.0,1.0
I162090005,735,Auto Theft Recovery,RECOVERED - MV RECOVERED IN BOSTON (STOLEN OUTSIDE BOSTON),D4,171,,2016-11-03T07:10:00.000-04:00,2016,11,Thursday,7,Other,E CONCORD ST,42.33572403,-71.07232651,0,42.33572403,-71.07232651,0,0,Morning,0,0,Fall,4,4,Property,0,3.0,3.0,2.0,1.0,3.0
I162052827,3114,Investigate Property,INVESTIGATE PROPERTY,A1,64,,2016-07-03T18:08:00.000-04:00,2016,7,Sunday,18,Part Three,CHARLES ST,42.36192792,-71.07081974,0,42.36192792,-71.07081974,0,0,Evening,1,1,Summer,3,7,Other,0,4.0,1.0,0.0,0.0,0.0
I162045765,3410,Towed,TOWED MOTOR VEHICLE,D4,284,,2016-06-10T10:20:00.000-04:00,2016,6,Friday,10,Part Three,COLUMBUS AVE,42.3372465,-71.0864465,0,42.3372465,-71.0864465,0,0,Morning,0,1,Summer,2,5,Other,0,3.0,3.0,0.0,0.0,0.0
I172054922,3106,Property Related Damage,PROPERTY - ACCIDENTAL DAMAGE,B2,280,,2017-07-07T14:50:00.000-04:00,2017,7,Friday,14,Part Three,WASHINGTON ST,42.32925905,-71.08482402,0,42.32925905,-71.08482402,0,0,Afternoon,0,1,Summer,3,5,Other,0,0.0,2.0,0.0,0.0,0.0
I172044367,3831,Motor Vehicle Accident Response,M/V - LEAVING SCENE - PROPERTY DAMAGE,C6,"",,2017-06-04T19:29:00.000-04:00,2017,6,Sunday,19,Part Three,UNKNOWN,,,0,42.18246397604247,-70.85870749757449,1,1,Evening,1,1,Summer,2,7,Traffic,0,5.0,1.0,0.0,2.0,0.0
I182038146,3115,Investigate Person,INVESTIGATE PERSON,B2,901,,2018-05-19T13:42:00.000-04:00,2018,5,Saturday,13,Part Three,MCGREEVEY WAY,42.33528037,-71.0987126,0,42.33528037,-71.0987126,0,0,Afternoon,1,1,Spring,2,6,Other,0,0.0,2.0,1.0,0.0,0.0
I182036583,3114,Investigate Property,INVESTIGATE PROPERTY,B3,468,,2018-05-14T13:53:00.000-04:00,2018,5,Monday,13,Part Three,WELLINGTON HILL ST,42.27965686,-71.09337672,0,42.27965686,-71.09337672,0,0,Afternoon,0,1,Spring,2,1,Other,0,2.0,2.0,1.0,0.0,0.0
I162036410,802,Simple Assault,ASSAULT SIMPLE - BATTERY,B2,328,,2016-05-20T16:00:00.000-04:00,2016,5,Friday,16,Part Two,COLUMBIA RD,42.30876959,-71.07460717,0,42.30876959,-71.07460717,0,0,Afternoon,0,2,Spring,2,5,Violent,0,0.0,2.0,1.0,3.0,1.0
I172051649,3831,Motor Vehicle Accident Response,M/V - LEAVING SCENE - PROPERTY DAMAGE,E5,736,,2017-06-25T17:30:00.000-04:00,2017,6,Sunday,17,Part Three,CENTRE ST,42.285946,-71.1553982,0,42.285946,-71.1553982,0,0,Evening,1,1,Summer,2,7,Traffic,0,9.0,1.0,0.0,2.0,0.0
I182066770,3006,Medical Assistance,SICK/INJURED/MEDICAL - PERSON,E13,577,,2018-08-21T00:22:00.000-04:00,2018,8,Tuesday,0,Part Three,WASHINGTON ST,42.31538436,-71.09870021,0,42.31538436,-71.09870021,0,0,Night,0,1,Summer,3,2,Other,1,6.0,0.0,0.0,0.0,0.0
I172091202,2610,Other,TRESPASSING,C6,200,,2017-10-31T20:58:00.000-04:00,2017,10,Tuesday,20,Part Two,W THIRD ST,42.34225675,-71.05405876,0,42.34225675,-71.05405876,0,0,Evening,0,2,Fall,4,2,Other,0,5.0,1.0,2.0,0.0,1.0
I172074190,1849,Drug Violation,"DRUGS - POSS CLASS B - COCAINE, ETC.",C6,178,,2017-09-07T15:50:00.000-04:00,2017,9,Thursday,15,Part Two,MASSACHUSETTS AVE,42.33152148,-71.07085307,0,42.33152148,-71.07085307,0,0,Afternoon,0,2,Fall,3,4,Drug,0,5.0,2.0,2.0,4.0,1.0
I162031759,1107,Fraud,FRAUD - IMPERSONATION,A1,114,,2016-04-12T00:00:00.000-04:00,2016,4,Tuesday,0,Part Two,ATLANTIC AVE,42.35438252,-71.05213281,0,42.35438252,-71.05213281,0,0,Night,0,2,Spring,2,2,Other,1,4.0,0.0,1.0,0.0,1.0
I172045282,3006,Medical Assistance,SICK/INJURED/MEDICAL - PERSON,B2,328,,2017-06-07T18:25:00.000-04:00,2017,6,Wednesday,18,Part Three,LAWRENCE AVE,42.31077758,-71.07480891,0,42.31077758,-71.07480891,0,0,Evening,0,1,Summer,2,3,Other,0,0.0,1.0,0.0,0.0,0.0
I162059133,2610,Other,TRESPASSING,B3,431,,2016-07-24T20:31:00.000-04:00,2016,7,Sunday,20,Part Two,CALLENDER ST,42.28855818,-71.0883947,0,42.28855818,-71.0883947,0,0,Evening,1,2,Summer,3,7,Other,0,2.0,1.0,0.0,0.0,1.0
I152093971,3501,Missing Person Reported,MISSING PERSON,E18,533,,2015-11-12T11:23:00.000-05:00,2015,11,Thursday,11,Part Three,RIVER ST,42.24973808,-71.13094002,0,42.24973808,-71.13094002,0,0,Morning,0,1,Fall,4,4,Other,0,7.0,3.0,2.0,0.0,0.0
I172075974,2647,Other,THREATS TO DO BODILY HARM,A1,117,,2017-09-13T05:30:00.000-04:00,2017,9,Wednesday,5,Part Two,BOYLSTON ST,42.3523119,-71.0637051,0,42.3523119,-71.0637051,0,0,Night,0,2,Fall,3,3,Other,0,4.0,0.0,2.0,0.0,1.0
I152081475,3410,Towed,TOWED MOTOR VEHICLE,A1,123,,2015-09-30T21:10:00.000-04:00,2015,9,Wednesday,21,Part Three,KNEELAND ST,42.35070525,-71.06185179,0,42.35070525,-71.06185179,0,0,Night,0,1,Fall,3,3,Other,0,4.0,0.0,2.0,0.0,0.0
I182070590,301,Robbery,ROBBERY - STREET,UNKNOWN,"",,2018-09-02T02:00:00.000-04:00,2018,9,Sunday,2,Part One,UNKNOWN,42.34863242,-71.06553747,0,42.34863242,-71.06553747,0,0,Night,1,3,Fall,3,7,Violent,1,12.0,0.0,2.0,3.0,2.0
I152088258,413,Aggravated Assault,ASSAULT - AGGRAVATED - BATTERY,E13,509,,2015-10-24T02:00:00.000-04:00,2015,10,Saturday,2,Part One,WELD HILL ST,42.29876976,-71.11361184,0,42.29876976,-71.11361184,0,0,Night,1,3,Fall,4,6,Violent,1,6.0,0.0,2.0,3.0,2.0
I162036779,619,Larceny,LARCENY ALL OTHERS,D14,805,,2016-05-10T17:30:00.000-04:00,2016,5,Tuesday,17,Part One,LEO M BIRMINGHAM PKWY,42.35987019,-71.14680305,0,42.35987019,-71.14680305,0,0,Evening,0,3,Spring,2,2,Property,0,8.0,1.0,1.0,1.0,2.0
I162074073,617,Larceny,LARCENY THEFT FROM BUILDING,B3,457,,2016-09-11T10:29:00.000-04:00,2016,9,Sunday,10,Part One,FOWLER ST,42.30006755,-71.0833691,0,42.30006755,-71.0833691,0,0,Morning,1,3,Fall,3,7,Property,0,2.0,3.0,2.0,1.0,2.0
I162057531,2900,Other,VAL - VIOLATION OF AUTO LAW - OTHER,E18,523,,2016-07-19T14:20:00.000-04:00,2016,7,Tuesday,14,Part Two,HYDE PARK AVE,42.24260011,-71.13035022,0,42.24260011,-71.13035022,0,0,Afternoon,0,2,Summer,3,2,Other,0,7.0,2.0,0.0,0.0,1.0
I172087504,3108,Fire Related Reports,"FIRE REPORT - HOUSE, BUILDING, ETC.",E18,533,,2017-10-19T21:27:00.000-04:00,2017,10,Thursday,21,Part Three,RIVER ST,42.25120821,-71.13095369,0,42.25120821,-71.13095369,0,0,Night,0,1,Fall,4,4,Other,0,7.0,0.0,2.0,0.0,0.0
I162027287,3501,Missing Person Reported,MISSING PERSON,E13,572,,2016-04-07T00:00:00.000-04:00,2016,4,Thursday,0,Part Three,WALNUT AVE,42.3128606,-71.0957278,0,42.3128606,-71.0957278,0,0,Night,0,1,Spring,2,4,Other,1,6.0,0.0,1.0,0.0,0.0
I162048279,3115,Investigate Person,INVESTIGATE PERSON,A1,75,,2016-06-17T23:02:00.000-04:00,2016,6,Friday,23,Part Three,CAUSEWAY ST,42.3645957,-71.06278419,0,42.3645957,-71.06278419,0,0,Night,0,1,Summer,2,5,Other,1,4.0,0.0,0.0,0.0,0.0
I172020419,3125,Warrant Arrests,WARRANT ARREST,D14,804,,2017-03-15T20:21:00.000-04:00,2017,3,Wednesday,20,Part Three,EVERETT ST,42.35595391,-71.13852468,0,42.35595391,-71.13852468,0,0,Evening,0,1,Spring,1,3,Other,0,8.0,1.0,1.0,0.0,0.0
I152077696,1845,Drug Violation,DRUGS - POSS CLASS D,B2,"",,2015-09-18T14:48:00.000-04:00,2015,9,Friday,14,Part Two,BIRD ST,,,0,42.18246397604247,-70.85870749757449,1,1,Afternoon,0,2,Fall,3,5,Drug,0,0.0,2.0,2.0,4.0,1.0
I152086243,2900,Other,VAL - VIOLATION OF AUTO LAW - OTHER,B3,442,,2015-10-17T03:05:00.000-04:00,2015,10,Saturday,3,Part Two,BERNARD ST,42.29243585,-71.07950617,0,42.29243585,-71.07950617,0,0,Night,1,2,Fall,4,6,Other,1,2.0,0.0,2.0,0.0,1.0
I162043236,3130,Search Warrants,SEARCH WARRANT,B2,325,,2016-06-02T06:23:00.000-04:00,2016,6,Thursday,6,Part Three,DACIA ST,42.31484522,-71.07738943,0,42.31484522,-71.07738943,0,0,Morning,0,1,Summer,2,4,Other,0,0.0,3.0,0.0,0.0,0.0
I182023438,3001,Medical Assistance,DEATH INVESTIGATION,D4,272,,2018-03-29T15:19:00.000-04:00,2018,3,Thursday,15,Part Three,THORNDIKE ST,42.33305751,-71.07847418,0,42.33305751,-71.07847418,0,0,Afternoon,0,1,Spring,1,4,Other,0,3.0,2.0,1.0,0.0,0.0
I182004369,3830,Motor Vehicle Accident Response,M/V - LEAVING SCENE - PERSONAL INJURY,B2,264,,2018-01-17T08:59:00.000-05:00,2018,1,Wednesday,8,Part Three,BLUE HILL AVE,42.31956879,-71.07776264,0,42.31956879,-71.07776264,0,0,Morning,0,1,Winter,1,3,Traffic,0,0.0,3.0,3.0,2.0,0.0
I152067682,3006,Medical Assistance,SICK/INJURED/MEDICAL - PERSON,A15,41,,2015-08-15T22:35:00.000-04:00,2015,8,Saturday,22,Part Three,VINE ST,42.37663167,-71.05593196,0,42.37663167,-71.05593196,0,0,Night,1,1,Summer,3,6,Other,1,11.0,0.0,0.0,0.0,0.0
I172058767,3831,Motor Vehicle Accident Response,M/V - LEAVING SCENE - PROPERTY DAMAGE,C6,227,,2017-07-19T17:00:00.000-04:00,2017,7,Wednesday,17,Part Three,E BROADWAY,42.33568411,-71.03231905,0,42.33568411,-71.03231905,0,0,Evening,0,1,Summer,3,3,Traffic,0,5.0,1.0,0.0,2.0,0.0
I152072025,616,Larceny,LARCENY THEFT OF BICYCLE,D14,775,,2015-08-30T13:01:00.000-04:00,2015,8,Sunday,13,Part One,WALLINGFORD RD,42.34134946,-71.15122795,0,42.34134946,-71.15122795,0,0,Afternoon,1,3,Summer,3,7,Property,0,8.0,2.0,0.0,1.0,2.0
I172107303,617,Larceny,LARCENY THEFT FROM BUILDING,B2,593,,2017-12-30T08:09:00.000-05:00,2017,12,Saturday,8,Part One,FRANCIS ST,42.33606304,-71.10782832,0,42.33606304,-71.10782832,0,0,Morning,1,3,Winter,4,6,Property,0,0.0,3.0,3.0,1.0,2.0
I182013346,3410,Towed,TOWED MOTOR VEHICLE,D14,774,,2018-02-20T10:35:00.000-05:00,2018,2,Tuesday,10,Part Three,COMMONWEALTH AVE,42.33848236,-71.15288978,0,42.33848236,-71.15288978,0,0,Morning,0,1,Winter,1,2,Other,0,8.0,3.0,3.0,0.0,0.0
I172056032,3801,Motor Vehicle Accident Response,M/V ACCIDENT - OTHER,E18,"",,2017-07-11T13:19:00.000-04:00,2017,7,Tuesday,13,Part Three,HYDE PARK AVE,,,0,42.18246397604247,-70.85870749757449,1,1,Afternoon,0,1,Summer,3,2,Traffic,0,7.0,2.0,0.0,2.0,0.0
I162039164,1402,Vandalism,VANDALISM,B2,268,,2016-05-19T17:54:00.000-04:00,2016,5,Thursday,17,Part Two,EUSTIS ST,42.32723231,-71.07548216,0,42.32723231,-71.07548216,0,0,Evening,0,2,Spring,2,4,Property,0,0.0,1.0,1.0,1.0,1.0
I162017549,3410,Towed,TOWED MOTOR VEHICLE,E13,578,,2016-03-05T20:30:00.000-05:00,2016,3,Saturday,20,Part Three,FORBES ST,42.3211829,-71.1068278,0,42.3211829,-71.1068278,0,0,Evening,1,1,Spring,1,6,Other,0,6.0,1.0,1.0,0.0,0.0
I182004571,3410,Towed,TOWED MOTOR VEHICLE,C11,336,,2018-01-17T19:01:00.000-05:00,2018,1,Wednesday,19,Part Three,BOWDOIN ST,42.30406551,-71.0700332,0,42.30406551,-71.0700332,0,0,Evening,0,1,Winter,1,3,Other,0,1.0,1.0,3.0,0.0,0.0
I162047235,3410,Towed,TOWED MOTOR VEHICLE,E13,639,,2016-06-15T06:42:00.000-04:00,2016,6,Wednesday,6,Part Three,CHESTNUT AVE,42.31290884,-71.10986001,0,42.31290884,-71.10986001,0,0,Morning,0,1,Summer,2,3,Other,0,6.0,3.0,0.0,0.0,0.0
I162095649,3410,Towed,TOWED MOTOR VEHICLE,E18,524,,2016-11-22T14:20:00.000-05:00,2016,11,Tuesday,14,Part Three,NEEDHAM RD,42.24249788,-71.12326854,0,42.24249788,-71.12326854,0,0,Afternoon,0,1,Fall,4,2,Other,0,7.0,2.0,2.0,0.0,0.0
I172102421,3115,Investigate Person,INVESTIGATE PERSON,A1,167,,2017-12-10T17:55:00.000-05:00,2017,12,Sunday,17,Part Three,HARRISON AVE,42.33954199,-71.06940877,0,42.33954199,-71.06940877,0,0,Evening,1,1,Winter,4,7,Other,0,4.0,1.0,3.0,0.0,0.0
I182066487,2914,Violations,VAL - OPERATING W/O AUTHORIZATION LAWFUL,B3,436,,2018-08-10T00:00:00.000-04:00,2018,8,Friday,0,Part Two,WITHINGTON ST,42.28784229,-71.07263066,0,42.28784229,-71.07263066,0,0,Night,0,2,Summer,3,5,Other,1,2.0,0.0,0.0,0.0,1.0
I162006735,3108,Fire Related Reports,"FIRE REPORT - HOUSE, BUILDING, ETC.",C11,334,,2016-01-25T19:09:00.000-05:00,2016,1,Monday,19,Part Three,BOWDOIN ST,42.30839354,-71.06473124,0,42.30839354,-71.06473124,0,0,Evening,0,1,Winter,1,1,Other,0,1.0,1.0,3.0,0.0,0.0
I162011365,802,Simple Assault,ASSAULT SIMPLE - BATTERY,C6,913,,2016-02-05T03:35:00.000-05:00,2016,2,Friday,3,Part Two,OCEAN VIEW DR,42.31855308,-71.03860648,0,42.31855308,-71.03860648,0,0,Night,0,2,Winter,1,5,Violent,1,5.0,0.0,3.0,3.0,1.0
I152091766,3820,Motor Vehicle Accident Response,M/V ACCIDENT INVOLVING PEDESTRIAN - INJURY,C11,357,,2015-11-05T05:54:00.000-05:00,2015,11,Thursday,5,Part Three,WASHINGTON ST,42.2969072,-71.07233558,0,42.2969072,-71.07233558,0,0,Night,0,1,Fall,4,4,Traffic,0,1.0,0.0,2.0,2.0,0.0
I182004171,3831,Motor Vehicle Accident Response,M/V - LEAVING SCENE - PROPERTY DAMAGE,A7,"",,2018-01-16T14:55:00.000-05:00,2018,1,Tuesday,14,Part Three,PORTER ST,,,0,42.18246397604247,-70.85870749757449,1,1,Afternoon,0,1,Winter,1,2,Traffic,0,10.0,2.0,3.0,2.0,0.0
I172028698,413,Aggravated Assault,ASSAULT - AGGRAVATED - BATTERY,A1,64,,2017-04-13T08:00:00.000-04:00,2017,4,Thursday,8,Part One,CHARLES ST,42.36339723,-71.07022378,0,42.36339723,-71.07022378,0,0,Morning,0,3,Spring,2,4,Violent,0,4.0,3.0,1.0,3.0,2.0
I182068465,619,Larceny,LARCENY ALL OTHERS,E5,691,,2018-08-24T10:00:00.000-04:00,2018,8,Friday,10,Part One,CENTRE ST,42.28709355,-71.14822128,0,42.28709355,-71.14822128,0,0,Morning,0,3,Summer,3,5,Property,0,9.0,3.0,0.0,1.0,2.0
I182027282,2401,Disorderly Conduct,AFFRAY,C11,356,,2018-04-12T12:12:00.000-04:00,2018,4,Thursday,12,Part Two,GENEVA AVE,42.29848866,-71.06313294,0,42.29848866,-71.06313294,0,0,Afternoon,0,2,Spring,2,4,Other,0,1.0,2.0,1.0,0.0,1.0
I172037381,3831,Motor Vehicle Accident Response,M/V - LEAVING SCENE - PROPERTY DAMAGE,A1,116,,2017-05-12T16:00:00.000-04:00,2017,5,Friday,16,Part Three,ESSEX ST,42.35235362,-71.05815283,0,42.35235362,-71.05815283,0,0,Afternoon,0,1,Spring,2,5,Traffic,0,4.0,2.0,1.0,2.0,0.0
I172040091,802,Simple Assault,ASSAULT SIMPLE - BATTERY,B3,416,,2017-05-21T12:00:00.000-04:00,2017,5,Sunday,12,Part Two,FULLER ST,42.28154388,-71.07350542,0,42.28154388,-71.07350542,0,0,Afternoon,1,2,Spring,2,7,Violent,0,2.0,2.0,1.0,3.0,1.0
I182040308,3115,Investigate Person,INVESTIGATE PERSON,B2,295,,2018-05-26T08:00:00.000-04:00,2018,5,Saturday,8,Part Three,REGENT ST,42.32591891,-71.08366216,0,42.32591891,-71.08366216,0,0,Morning,1,1,Spring,2,6,Other,0,0.0,3.0,1.0,0.0,0.0
I172000764,2670,Criminal Harassment,CRIMINAL HARASSMENT,C11,341,,2017-01-03T20:53:00.000-05:00,2017,1,Tuesday,20,Part Two,SPEEDWELL ST,42.30406722,-71.06760042,0,42.30406722,-71.06760042,0,0,Evening,0,2,Winter,1,2,Other,0,1.0,1.0,3.0,0.0,1.0
I182020509,3410,Towed,TOWED MOTOR VEHICLE,B2,324,,2018-03-19T05:51:00.000-04:00,2018,3,Monday,5,Part Three,DEWEY ST,42.31684817,-71.07778336,0,42.31684817,-71.07778336,0,0,Night,0,1,Spring,1,1,Other,0,0.0,0.0,1.0,0.0,0.0
I182034355,3301,Verbal Disputes,VERBAL DISPUTE,A7,2,,2018-05-06T21:20:00.000-04:00,2018,5,Sunday,21,Part Three,WALDEMAR AVE,42.39274002,-71.00479067,0,42.39274002,-71.00479067,0,0,Night,1,1,Spring,2,7,Other,0,10.0,0.0,1.0,0.0,0.0
I152070943,521,Residential Burglary,BURGLARY - RESIDENTIAL - ATTEMPT,C11,235,,2015-08-26T22:35:00.000-04:00,2015,8,Wednesday,22,Part One,CARSON ST,42.3197573,-71.05428941,0,42.3197573,-71.05428941,0,0,Night,0,3,Summer,3,3,Property,1,1.0,0.0,0.0,1.0,2.0
I182069394,3006,Medical Assistance,SICK/INJURED/MEDICAL - PERSON,E13,636,,2018-08-29T16:37:00.000-04:00,2018,8,Wednesday,16,Part Three,CENTRE ST,42.31949472,-71.11161967,0,42.31949472,-71.11161967,0,0,Afternoon,0,1,Summer,3,3,Other,0,6.0,2.0,0.0,0.0,0.0
I172054342,3115,Investigate Person,INVESTIGATE PERSON,D4,273,,2017-07-05T19:56:00.000-04:00,2017,7,Wednesday,19,Part Three,MASSACHUSETTS AVE,42.3368915,-71.077551,0,42.3368915,-71.077551,0,0,Evening,0,1,Summer,3,3,Other,0,3.0,1.0,0.0,0.0,0.0
I162086812,3803,Motor Vehicle Accident Response,M/V ACCIDENT - PERSONAL INJURY,B2,289,,2016-10-23T10:21:00.000-04:00,2016,10,Sunday,10,Part Three,MALCOLM X BLVD,42.33123776,-71.09140736,0,42.33123776,-71.09140736,0,0,Morning,1,1,Fall,4,7,Traffic,0,0.0,3.0,2.0,2.0,0.0
I182019045,3410,Towed,TOWED MOTOR VEHICLE,C11,335,,2018-03-13T10:59:00.000-04:00,2018,3,Tuesday,10,Part Three,BOWDOIN ST,42.30703835,-71.06615319,0,42.30703835,-71.06615319,0,0,Morning,0,1,Spring,1,2,Other,0,1.0,3.0,1.0,0.0,0.0
I162090589,802,Simple Assault,ASSAULT SIMPLE - BATTERY,B2,585,,2016-11-04T23:09:00.000-04:00,2016,11,Friday,23,Part Two,PARKER HILL AVE,42.32947458,-71.10442024,0,42.32947458,-71.10442024,0,0,Night,0,2,Fall,4,5,Violent,1,0.0,0.0,2.0,3.0,1.0
I152062469,1402,Vandalism,VANDALISM,E5,662,,2015-07-28T12:00:00.000-04:00,2015,7,Tuesday,12,Part Two,ASHFIELD ST,42.29034473,-71.13090214,0,42.29034473,-71.13090214,0,0,Afternoon,0,2,Summer,3,2,Property,0,9.0,2.0,0.0,1.0,1.0
I172070588,2907,Violations,VAL - OPERATING AFTER REV/SUSP.,B2,266,,2017-08-26T11:42:00.000-04:00,2017,8,Saturday,11,Part Two,WINTHROP ST,42.32506222,-71.0789508,0,42.32506222,-71.0789508,0,0,Morning,1,2,Summer,3,6,Other,0,0.0,3.0,0.0,0.0,1.0
I162016408,802,Simple Assault,ASSAULT SIMPLE - BATTERY,B2,184,,2016-03-01T14:58:00.000-05:00,2016,3,Tuesday,14,Part Two,NORFOLK AVE,42.3217177,-71.06615144,0,42.3217177,-71.06615144,0,0,Afternoon,0,2,Spring,1,2,Violent,0,0.0,2.0,1.0,3.0,1.0
I162014641,3006,Medical Assistance,SICK/INJURED/MEDICAL - PERSON,C11,249,,2016-02-24T13:23:00.000-05:00,2016,2,Wednesday,13,Part Three,TUTTLE ST,42.31351886,-71.053563,0,42.31351886,-71.053563,0,0,Afternoon,0,1,Winter,1,3,Other,0,1.0,2.0,3.0,0.0,0.0
I162048891,2005,Offenses Against Child / Family,CHILD ENDANGERMENT,B3,459,,2016-06-20T12:46:00.000-04:00,2016,6,Monday,12,Part Two,POWELLTON RD,42.3045083,-71.08075871,0,42.3045083,-71.08075871,0,0,Afternoon,0,2,Summer,2,1,Other,0,2.0,2.0,0.0,0.0,1.0
I182042249,3831,Motor Vehicle Accident Response,M/V - LEAVING SCENE - PROPERTY DAMAGE,B2,332,,2018-06-01T14:11:00.000-04:00,2018,6,Friday,14,Part Three,COLUMBIA RD,42.31514179,-71.06704709,0,42.31514179,-71.06704709,0,0,Afternoon,0,1,Summer,2,5,Traffic,0,0.0,2.0,0.0,2.0,0.0
I152053834,619,Larceny,LARCENY ALL OTHERS,D4,134,,2015-06-29T17:59:00.000-04:00,2015,6,Monday,17,Part One,BOYLSTON ST,42.3503787,-71.07626098,0,42.3503787,-71.07626098,0,0,Evening,0,3,Summer,2,1,Property,0,3.0,1.0,0.0,1.0,2.0
I152088044,301,Robbery,ROBBERY - STREET,D14,799,,2015-10-22T23:50:00.000-04:00,2015,10,Thursday,23,Part One,ASHFORD ST,42.35434576,-71.1251569,0,42.35434576,-71.1251569,0,0,Night,0,3,Fall,4,4,Violent,1,8.0,0.0,2.0,3.0,2.0
I162049040,2007,Restraining Order Violations,VIOL. OF RESTRAINING ORDER W NO ARREST,B3,421,,2016-06-20T16:00:00.000-04:00,2016,6,Monday,16,Part Two,RICH ST,42.27586847,-71.08852892,0,42.27586847,-71.08852892,0,0,Afternoon,0,2,Summer,2,1,Other,0,2.0,2.0,0.0,0.0,1.0
I172087758,616,Larceny,LARCENY THEFT OF BICYCLE,D4,129,,2017-10-19T09:00:00.000-04:00,2017,10,Thursday,9,Part One,SAINT JAMES AVE,42.35074192,-71.07146111,0,42.35074192,-71.07146111,0,0,Morning,0,3,Fall,4,4,Property,0,3.0,3.0,2.0,1.0,2.0
I162001551,520,Residential Burglary,BURGLARY - RESIDENTIAL - FORCE,E5,707,,2016-01-06T11:00:00.000-05:00,2016,1,Wednesday,11,Part One,WASHINGTON ST,42.26999391,-71.14791416,0,42.26999391,-71.14791416,0,0,Morning,0,3,Winter,1,3,Property,0,9.0,3.0,3.0,1.0,2.0
I162024312,1874,Drug Violation,DRUGS - OTHER,B2,282,,2016-03-29T18:51:00.000-04:00,2016,3,Tuesday,18,Part Two,WASHINGTON ST,42.32866284,-71.08563401,0,42.32866284,-71.08563401,0,0,Evening,0,2,Spring,1,2,Drug,0,0.0,1.0,1.0,4.0,1.0
I172045425,3125,Warrant Arrests,WARRANT ARREST,B2,310,,2017-06-08T09:41:00.000-04:00,2017,6,Thursday,9,Part Three,MARTIN LUTHER KING JR BLV,42.31847226,-71.08409289,0,42.31847226,-71.08409289,0,0,Morning,0,1,Summer,2,4,Other,0,0.0,3.0,0.0,0.0,0.0
I162067196,1304,Recovered Stolen Property,PROPERTY - STOLEN THEN RECOVERED,D4,166,,2016-08-19T12:30:00.000-04:00,2016,8,Friday,12,Part Two,WASHINGTON ST,42.34108936,-71.07020569,0,42.34108936,-71.07020569,0,0,Afternoon,0,2,Summer,3,5,Other,0,3.0,2.0,0.0,0.0,1.0
I182027570,3125,Warrant Arrests,WARRANT ARREST,E13,912,,2018-04-13T11:10:00.000-04:00,2018,4,Friday,11,Part Three,CENTRE ST,42.32290252,-71.10220402,0,42.32290252,-71.10220402,0,0,Morning,0,1,Spring,2,5,Other,0,6.0,3.0,1.0,0.0,0.0
I162049833,3810,Motor Vehicle Accident Response,M/V ACCIDENT - INVOLVING  BICYCLE - INJURY,D4,630,,2016-06-21T18:00:00.000-04:00,2016,6,Tuesday,18,Part Three,BEACON ST,42.347265,-71.102949,0,42.347265,-71.102949,0,0,Evening,0,1,Summer,2,2,Traffic,0,3.0,1.0,0.0,2.0,0.0
I162062282,3301,Verbal Disputes,VERBAL DISPUTE,E5,696,,2016-08-03T18:49:00.000-04:00,2016,8,Wednesday,18,Part Three,CENTRE ST,42.28728494,-71.15306857,0,42.28728494,-71.15306857,0,0,Evening,0,1,Summer,3,3,Other,0,9.0,1.0,0.0,0.0,0.0
I182027492,301,Robbery,ROBBERY - STREET,D4,624,,2018-04-13T00:05:00.000-04:00,2018,4,Friday,0,Part One,BROOKLINE AVE,42.34717072,-71.09855075,0,42.34717072,-71.09855075,0,0,Night,0,3,Spring,2,5,Violent,1,3.0,0.0,1.0,3.0,2.0
I162028953,617,Larceny,LARCENY THEFT FROM BUILDING,E18,554,,2016-04-14T12:36:00.000-04:00,2016,4,Thursday,12,Part One,METROPOLITAN AVE,42.27250898,-71.12318965,0,42.27250898,-71.12318965,0,0,Afternoon,0,3,Spring,2,4,Property,0,7.0,2.0,1.0,1.0,2.0
I152083090,3820,Motor Vehicle Accident Response,M/V ACCIDENT INVOLVING PEDESTRIAN - INJURY,E13,579,,2015-10-06T15:27:00.000-04:00,2015,10,Tuesday,15,Part Three,CENTRE ST,42.32291406,-71.10328402,0,42.32291406,-71.10328402,0,0,Afternoon,0,1,Fall,4,2,Traffic,0,6.0,2.0,2.0,2.0,0.0
I182026278,2900,Other,VAL - VIOLATION OF AUTO LAW - OTHER,B3,427,,2018-04-09T00:40:00.000-04:00,2018,4,Monday,0,Part Two,BABSON ST,42.27647573,-71.09256906,0,42.27647573,-71.09256906,0,0,Night,0,2,Spring,2,1,Other,1,2.0,0.0,1.0,0.0,1.0
I162068455,616,Larceny,LARCENY THEFT OF BICYCLE,A1,173,,2016-08-23T15:49:00.000-04:00,2016,8,Tuesday,15,Part One,SUMMER ST,42.35196671,-71.05415459,0,42.35196671,-71.05415459,0,0,Afternoon,0,3,Summer,3,2,Property,0,4.0,2.0,0.0,1.0,2.0
I162003341,1832,Drug Violation,DRUGS - SICK ASSIST - OTHER HARMFUL DRUG,B2,603,,2016-01-13T02:55:00.000-05:00,2016,1,Wednesday,2,Part Two,TREMONT ST,42.33380683,-71.10377843,0,42.33380683,-71.10377843,0,0,Night,0,2,Winter,1,3,Drug,1,0.0,0.0,3.0,4.0,1.0
I182051814,540,Commercial Burglary,BURGLARY - COMMERICAL - FORCE,E13,608,,2018-06-29T04:00:00.000-04:00,2018,6,Friday,4,Part One,S HUNTINGTON AVE,42.32639844,-71.11152626,0,42.32639844,-71.11152626,0,0,Night,0,3,Summer,2,5,Property,0,6.0,0.0,0.0,1.0,2.0
I162042169,2900,Other,VAL - VIOLATION OF AUTO LAW - OTHER,D4,"",,2016-05-29T18:25:00.000-04:00,2016,5,Sunday,18,Part Two,UNKNOWN,,,0,42.18246397604247,-70.85870749757449,1,1,Evening,1,2,Spring,2,7,Other,0,3.0,1.0,1.0,0.0,1.0
I182042132,3831,Motor Vehicle Accident Response,M/V - LEAVING SCENE - PROPERTY DAMAGE,D4,"",,2018-06-01T05:55:00.000-04:00,2018,6,Friday,5,Part Three,BERKELEY ST,,,0,42.18246397604247,-70.85870749757449,1,1,Night,0,1,Summer,2,5,Traffic,0,3.0,0.0,0.0,2.0,0.0
I172073488,615,Larceny From Motor Vehicle,LARCENY THEFT OF MV PARTS & ACCESSORIES,D4,271,,2017-09-01T10:30:00.000-04:00,2017,9,Friday,10,Part One,NORTHAMPTON ST,42.33491745,-71.07632286,0,42.33491745,-71.07632286,0,0,Morning,0,3,Fall,3,5,Property,0,3.0,3.0,2.0,1.0,2.0
I172088208,619,Larceny,LARCENY ALL OTHERS,C6,256,,2017-10-21T15:00:00.000-04:00,2017,10,Saturday,15,Part One,WILLIAM T MORRISSEY BLVD,42.30851521,-71.04557965,0,42.30851521,-71.04557965,0,0,Afternoon,1,3,Fall,4,6,Property,0,5.0,2.0,2.0,1.0,2.0
I172090850,3125,Warrant Arrests,WARRANT ARREST,D4,142,,2017-10-30T19:12:00.000-04:00,2017,10,Monday,19,Part Three,NEWBURY ST,42.34840576,-71.08688339,0,42.34840576,-71.08688339,0,0,Evening,0,1,Fall,4,1,Other,0,3.0,1.0,2.0,0.0,0.0
I162071019,301,Robbery,ROBBERY - STREET,B2,"",,2016-08-31T22:20:00.000-04:00,2016,8,Wednesday,22,Part One,UNKNOWN,,,0,42.18246397604247,-70.85870749757449,1,1,Night,0,3,Summer,3,3,Violent,1,0.0,0.0,0.0,3.0,2.0
I182035777,802,Simple Assault,ASSAULT SIMPLE - BATTERY,B2,329,,2018-05-10T14:00:00.000-04:00,2018,5,Thursday,14,Part Two,WASHINGTON ST,42.30649283,-71.08180677,0,42.30649283,-71.08180677,0,0,Afternoon,0,2,Spring,2,4,Violent,0,0.0,2.0,1.0,3.0,1.0
I172014033,3115,Investigate Person,INVESTIGATE PERSON,B3,417,,2017-02-20T20:41:00.000-05:00,2017,2,Monday,20,Part Three,ARMANDINE ST,42.28431486,-71.07410838,0,42.28431486,-71.07410838,0,0,Evening,0,1,Winter,1,1,Other,0,2.0,1.0,3.0,0.0,0.0
I152058678,3301,Verbal Disputes,VERBAL DISPUTE,C11,345,,2015-07-15T23:30:00.000-04:00,2015,7,Wednesday,23,Part Three,CORWIN ST,42.30196897,-71.06210064,0,42.30196897,-71.06210064,0,0,Night,0,1,Summer,3,3,Other,1,1.0,0.0,0.0,0.0,0.0
I182003125,1102,Fraud,FRAUD - FALSE PRETENSE / SCHEME,D14,765,,2018-01-12T14:56:00.000-05:00,2018,1,Friday,14,Part Two,FANEUIL ST,42.35368829,-71.15878559,0,42.35368829,-71.15878559,0,0,Afternoon,0,2,Winter,1,5,Other,0,8.0,2.0,3.0,0.0,1.0
I172041407,1402,Vandalism,VANDALISM,C11,399,,2017-05-16T17:00:00.000-04:00,2017,5,Tuesday,17,Part Two,WALTON ST,42.28724944,-71.07076867,0,42.28724944,-71.07076867,0,0,Evening,0,2,Spring,2,2,Property,0,1.0,1.0,1.0,1.0,1.0
I182058318,3502,Missing Person Located,MISSING PERSON - LOCATED,B3,418,,2018-07-24T12:51:00.000-04:00,2018,7,Tuesday,12,Part Three,FULLER ST,42.28009279,-71.0800541,0,42.28009279,-71.0800541,0,0,Afternoon,0,1,Summer,3,2,Other,0,2.0,2.0,0.0,0.0,0.0
I162016228,614,Larceny From Motor Vehicle,LARCENY THEFT FROM MV - NON-ACCESSORY,A1,120,,2016-02-29T21:00:00.000-05:00,2016,2,Monday,21,Part One,BOYLSTON ST,42.35249485,-71.06749962,0,42.35249485,-71.06749962,0,0,Night,0,3,Winter,1,1,Property,0,4.0,0.0,3.0,1.0,2.0
I162094272,3125,Warrant Arrests,WARRANT ARREST,B3,456,,2016-11-17T20:42:00.000-05:00,2016,11,Thursday,20,Part Three,GREENWOOD ST,42.30262129,-71.07918399,0,42.30262129,-71.07918399,0,0,Evening,0,1,Fall,4,4,Other,0,2.0,1.0,2.0,0.0,0.0
I162035967,3831,Motor Vehicle Accident Response,M/V - LEAVING SCENE - PROPERTY DAMAGE,D14,794,,2016-05-08T18:30:00.000-04:00,2016,5,Sunday,18,Part Three,BRIGHTON AVE,42.35310166,-71.13342247,0,42.35310166,-71.13342247,0,0,Evening,1,1,Spring,2,7,Traffic,0,8.0,1.0,1.0,2.0,0.0
I162095791,3018,Medical Assistance,SICK/INJURED/MEDICAL - POLICE,B2,257,,2016-11-23T00:52:00.000-05:00,2016,11,Wednesday,0,Part Three,STOUGHTON ST,42.3166175,-71.06407827,0,42.3166175,-71.06407827,0,0,Night,0,1,Fall,4,3,Other,1,0.0,0.0,2.0,0.0,0.0
I152093517,613,Larceny,LARCENY SHOPLIFTING,D4,134,,2015-11-10T17:48:00.000-05:00,2015,11,Tuesday,17,Part One,BOYLSTON ST,42.35095909,-71.0741278,0,42.35095909,-71.0741278,0,0,Evening,0,3,Fall,4,2,Property,0,3.0,1.0,2.0,1.0,2.0
I152104632,3201,Property Lost,PROPERTY - LOST,C6,186,,2015-12-19T11:55:00.000-05:00,2015,12,Saturday,11,Part Three,ALLSTATE RD,42.32696647,-71.06198607,0,42.32696647,-71.06198607,0,0,Morning,1,1,Winter,4,6,Other,0,5.0,3.0,3.0,0.0,0.0
I152082653,1402,Vandalism,VANDALISM,C11,247,,2015-10-05T02:00:00.000-04:00,2015,10,Monday,2,Part Two,DORCHESTER AVE,42.31419023,-71.05693352,0,42.31419023,-71.05693352,0,0,Night,0,2,Fall,4,1,Property,1,1.0,0.0,2.0,1.0,1.0
I162031791,615,Larceny From Motor Vehicle,LARCENY THEFT OF MV PARTS & ACCESSORIES,B3,426,,2016-04-23T21:00:00.000-04:00,2016,4,Saturday,21,Part One,RIVER ST,42.26871441,-71.09221139,0,42.26871441,-71.09221139,0,0,Night,1,3,Spring,2,6,Property,0,2.0,0.0,1.0,1.0,2.0
I172024932,3410,Towed,TOWED MOTOR VEHICLE,A1,66,,2017-03-31T10:15:00.000-04:00,2017,3,Friday,10,Part Three,MYRTLE ST,42.35927419,-71.06815383,0,42.35927419,-71.06815383,0,0,Morning,0,1,Spring,1,5,Other,0,4.0,3.0,1.0,0.0,0.0
I182044214,802,Simple Assault,ASSAULT SIMPLE - BATTERY,C6,915,,2018-06-07T22:55:00.000-04:00,2018,6,Thursday,22,Part Two,E NINTH ST,42.33214285,-71.05121359,0,42.33214285,-71.05121359,0,0,Night,0,2,Summer,2,4,Violent,1,5.0,0.0,0.0,3.0,1.0
I162058907,802,Simple Assault,ASSAULT SIMPLE - BATTERY,D14,755,,2016-07-23T22:30:00.000-04:00,2016,7,Saturday,22,Part Two,CHAMPNEY ST,42.35087213,-71.16877157,0,42.35087213,-71.16877157,0,0,Night,1,2,Summer,3,6,Violent,1,8.0,0.0,0.0,3.0,1.0
I172058943,413,Aggravated Assault,ASSAULT - AGGRAVATED - BATTERY,B3,431,,2017-07-20T19:44:00.000-04:00,2017,7,Thursday,19,Part One,ARBUTUS ST,42.28757318,-71.08872923,0,42.28757318,-71.08872923,0,0,Evening,0,3,Summer,3,4,Violent,0,2.0,1.0,0.0,3.0,2.0
I172041966,3114,Investigate Property,INVESTIGATE PROPERTY,D14,812,,2017-05-27T16:34:00.000-04:00,2017,5,Saturday,16,Part Three,N HARVARD ST,42.36668653,-71.12529557,0,42.36668653,-71.12529557,0,0,Afternoon,1,1,Spring,2,6,Other,0,8.0,2.0,1.0,0.0,0.0
I162051341,3201,Property Lost,PROPERTY - LOST,B3,476,,2016-06-27T17:50:00.000-04:00,2016,6,Monday,17,Part Three,BLUE HILL AVE,42.26817397,-71.09387677,0,42.26817397,-71.09387677,0,0,Evening,0,1,Summer,2,1,Other,0,2.0,1.0,0.0,0.0,0.0
I162019026,1001,Counterfeiting,FORGERY / COUNTERFEITING,C11,250,,2016-01-11T09:00:00.000-05:00,2016,1,Monday,9,Part Two,SAVIN HILL AVE,42.31248165,-71.04829028,0,42.31248165,-71.04829028,0,0,Morning,0,2,Winter,1,1,Other,0,1.0,3.0,3.0,0.0,1.0
I152078041,614,Larceny From Motor Vehicle,LARCENY THEFT FROM MV - NON-ACCESSORY,A7,34,,2015-09-19T16:24:00.000-04:00,2015,9,Saturday,16,Part One,MARGINAL ST,42.36423833,-71.03344046,0,42.36423833,-71.03344046,0,0,Afternoon,1,3,Fall,3,6,Property,0,10.0,2.0,2.0,1.0,2.0
I162013581,802,Simple Assault,ASSAULT SIMPLE - BATTERY,C11,362,,2016-02-20T16:18:00.000-05:00,2016,2,Saturday,16,Part Two,KENWOOD ST,42.29191251,-71.07049431,0,42.29191251,-71.07049431,0,0,Afternoon,1,2,Winter,1,6,Violent,0,1.0,2.0,3.0,3.0,1.0
I152067429,3805,Motor Vehicle Accident Response,M/V ACCIDENT - POLICE VEHICLE,C6,199,,2015-08-15T00:26:00.000-04:00,2015,8,Saturday,0,Part Three,DORCHESTER AVE,42.33976143,-71.0570922,0,42.33976143,-71.0570922,0,0,Night,1,1,Summer,3,6,Traffic,1,5.0,0.0,0.0,2.0,0.0
I162039564,371,Robbery,ROBBERY - HOME INVASION,E18,492,,2016-05-21T01:30:00.000-04:00,2016,5,Saturday,1,Part One,HUNTINGTON AVE,42.26560754,-71.11608448,0,42.26560754,-71.11608448,0,0,Night,1,3,Spring,2,6,Violent,1,7.0,0.0,1.0,3.0,2.0
I162071261,802,Simple Assault,ASSAULT SIMPLE - BATTERY,A1,78,,2016-09-01T16:00:00.000-04:00,2016,9,Thursday,16,Part Two,HAYMARKET SQ,42.36309564,-71.05815372,0,42.36309564,-71.05815372,0,0,Afternoon,0,2,Fall,3,4,Violent,0,4.0,2.0,2.0,3.0,1.0
I152086359,3006,Medical Assistance,SICK/INJURED/MEDICAL - PERSON,A1,82,,2015-10-17T12:50:00.000-04:00,2015,10,Saturday,12,Part Three,COMMERCIAL ST,42.3675892,-71.0575884,0,42.3675892,-71.0575884,0,0,Afternoon,1,1,Fall,4,6,Other,0,4.0,2.0,2.0,0.0,0.0
I182009954,3403,Police Service Incidents,PROTECTIVE CUSTODY / SAFEKEEPING,E18,515,,2018-02-07T01:16:18.000-05:00,2018,2,Wednesday,1,Part Three,WILLIAMS AVE,42.24704871,-71.11544426,0,42.24704871,-71.11544426,0,0,Night,0,1,Winter,1,3,Other,1,7.0,0.0,3.0,0.0,0.0
I172078689,3130,Search Warrants,SEARCH WARRANT,B2,587,,2017-09-21T18:40:00.000-04:00,2017,9,Thursday,18,Part Three,TERRACE ST,42.33119618,-71.09632079,0,42.33119618,-71.09632079,0,0,Evening,0,1,Fall,3,4,Other,0,0.0,1.0,2.0,0.0,0.0
I172072827,3301,Verbal Disputes,VERBAL DISPUTE,C11,348,,2017-09-02T16:16:00.000-04:00,2017,9,Saturday,16,Part Three,DORCHESTER AVE,42.30559368,-71.05887861,0,42.30559368,-71.05887861,0,0,Afternoon,1,1,Fall,3,6,Other,0,1.0,2.0,2.0,0.0,0.0
I182003987,3801,Motor Vehicle Accident Response,M/V ACCIDENT - OTHER,E18,495,,2018-01-15T18:10:00.000-05:00,2018,1,Monday,18,Part Three,WESTMINSTER ST,42.26400264,-71.11927878,0,42.26400264,-71.11927878,0,0,Evening,0,1,Winter,1,1,Traffic,0,7.0,1.0,3.0,2.0,0.0
I182009314,613,Larceny,LARCENY SHOPLIFTING,D4,168,,2018-02-04T21:24:00.000-05:00,2018,2,Sunday,21,Part One,WASHINGTON ST,42.33816387,-71.07461217,0,42.33816387,-71.07461217,0,0,Night,1,3,Winter,1,7,Property,0,3.0,0.0,3.0,1.0,2.0
I162053652,1102,Fraud,FRAUD - FALSE PRETENSE / SCHEME,D4,130,,2016-07-06T10:01:00.000-04:00,2016,7,Wednesday,10,Part Two,HUNTINGTON AVE,42.34852918,-71.07805107,0,42.34852918,-71.07805107,0,0,Morning,0,2,Summer,3,3,Other,0,3.0,3.0,0.0,0.0,1.0
I152055073,2007,Restraining Order Violations,VIOL. OF RESTRAINING ORDER W NO ARREST,C11,364,,2015-07-04T00:00:00.000-04:00,2015,7,Saturday,0,Part Two,CENTRE ST,42.29506405,-71.05672533,0,42.29506405,-71.05672533,0,0,Night,1,2,Summer,3,6,Other,1,1.0,0.0,0.0,0.0,1.0
I162002346,3114,Investigate Property,INVESTIGATE PROPERTY,B3,450,,2016-01-09T09:45:00.000-05:00,2016,1,Saturday,9,Part Three,ROSEDALE ST,42.29244178,-71.07320696,0,42.29244178,-71.07320696,0,0,Morning,1,1,Winter,1,6,Other,0,2.0,3.0,3.0,0.0,0.0
I172052573,3410,Towed,TOWED MOTOR VEHICLE,A7,26,,2017-06-30T07:17:00.000-04:00,2017,6,Friday,7,Part Three,BORDER ST,42.37957532,-71.04011349,0,42.37957532,-71.04011349,0,0,Morning,0,1,Summer,2,5,Other,0,10.0,3.0,0.0,0.0,0.0
I172002986,3831,Motor Vehicle Accident Response,M/V - LEAVING SCENE - PROPERTY DAMAGE,B2,316,,2017-01-12T01:17:00.000-05:00,2017,1,Thursday,1,Part Three,WALNUT AVE,42.314744,-71.09376484,0,42.314744,-71.09376484,0,0,Night,0,1,Winter,1,4,Traffic,1,0.0,0.0,3.0,2.0,0.0
I162034260,3802,Motor Vehicle Accident Response,M/V ACCIDENT - PROPERTY  DAMAGE,C6,"",,2016-05-03T03:19:00.000-04:00,2016,5,Tuesday,3,Part Three,UNKNOWN,,,0,42.18246397604247,-70.85870749757449,1,1,Night,0,1,Spring,2,2,Traffic,1,5.0,0.0,1.0,2.0,0.0
I162082495,614,Larceny From Motor Vehicle,LARCENY THEFT FROM MV - NON-ACCESSORY,B3,908,,2016-10-08T14:10:00.000-04:00,2016,10,Saturday,14,Part One,FRANKLIN HILL AVE,42.29558507,-71.09158038,0,42.29558507,-71.09158038,0,0,Afternoon,1,3,Fall,4,6,Property,0,2.0,2.0,2.0,1.0,2.0
I162045611,2403,Disorderly Conduct,DISTURBING THE PEACE,C11,355,,2016-06-09T10:51:00.000-04:00,2016,6,Thursday,10,Part Two,GIBSON ST,42.29755533,-71.0597091,0,42.29755533,-71.0597091,0,0,Morning,0,2,Summer,2,4,Other,0,1.0,3.0,0.0,0.0,1.0
I182065428,614,Larceny From Motor Vehicle,LARCENY THEFT FROM MV - NON-ACCESSORY,C11,349,,2018-08-16T15:11:00.000-04:00,2018,8,Thursday,15,Part One,ADAMS ST,42.30385443,-71.06087585,0,42.30385443,-71.06087585,0,0,Afternoon,0,3,Summer,3,4,Property,0,1.0,2.0,0.0,1.0,2.0
I182007488,724,Auto Theft,AUTO THEFT,C11,918,,2018-01-28T21:30:00.000-05:00,2018,1,Sunday,21,Part One,SUMNER ST,42.31777605,-71.0619754,0,42.31777605,-71.0619754,0,0,Night,1,3,Winter,1,7,Property,0,1.0,0.0,3.0,1.0,2.0
I162055705,802,Simple Assault,ASSAULT SIMPLE - BATTERY,A1,102,,2016-07-13T12:19:00.000-04:00,2016,7,Wednesday,12,Part Two,TREMONT ST,42.35637531,-71.06213513,0,42.35637531,-71.06213513,0,0,Afternoon,0,2,Summer,3,3,Violent,0,4.0,2.0,0.0,3.0,1.0
I172051587,3115,Investigate Person,INVESTIGATE PERSON,B2,315,,2017-06-27T09:24:00.000-04:00,2017,6,Tuesday,9,Part Three,CRAWFORD ST,42.31326606,-71.08939926,0,42.31326606,-71.08939926,0,0,Morning,0,1,Summer,2,2,Other,0,0.0,3.0,0.0,0.0,0.0
I162041428,3410,Towed,TOWED MOTOR VEHICLE,C6,234,,2016-05-27T07:31:00.000-04:00,2016,5,Friday,7,Part Three,L ST,42.33106756,-71.03524534,0,42.33106756,-71.03524534,0,0,Morning,0,1,Spring,2,5,Other,0,5.0,3.0,1.0,0.0,0.0
I152087209,301,Robbery,ROBBERY - STREET,B3,443,,2015-10-20T16:45:00.000-04:00,2015,10,Tuesday,16,Part One,GREENWOOD ST,42.29659575,-71.07945406,0,42.29659575,-71.07945406,0,0,Afternoon,0,3,Fall,4,2,Violent,0,2.0,2.0,2.0,3.0,2.0
I172065781,3301,Verbal Disputes,VERBAL DISPUTE,B3,432,,2017-08-11T01:54:00.000-04:00,2017,8,Friday,1,Part Three,MASCOT ST,42.28424514,-71.08452739,0,42.28424514,-71.08452739,0,0,Night,0,1,Summer,3,5,Other,1,2.0,0.0,0.0,0.0,0.0
I152058592,3502,Missing Person Located,MISSING PERSON - LOCATED,C6,197,,2015-07-15T06:45:00.000-04:00,2015,7,Wednesday,6,Part Three,OLD COLONY AVE,42.33586257,-71.05566936,0,42.33586257,-71.05566936,0,0,Morning,0,1,Summer,3,3,Other,0,5.0,3.0,0.0,0.0,0.0
I162070997,423,Aggravated Assault,ASSAULT - AGGRAVATED,B2,329,,2016-08-27T18:00:00.000-04:00,2016,8,Saturday,18,Part One,WASHINGTON ST,42.30576686,-71.08097517,0,42.30576686,-71.08097517,0,0,Evening,1,3,Summer,3,6,Violent,0,0.0,1.0,0.0,3.0,2.0
I162078021,3111,License Violation,LICENSE PREMISE VIOLATION,D4,129,,2016-09-23T20:32:00.000-04:00,2016,9,Friday,20,Part Three,SAINT JAMES AVE,42.35074192,-71.07146111,0,42.35074192,-71.07146111,0,0,Evening,0,1,Fall,3,5,Other,0,3.0,1.0,2.0,0.0,0.0
I162070326,3301,Verbal Disputes,VERBAL DISPUTE,E5,557,,2016-08-29T19:14:00.000-04:00,2016,8,Monday,19,Part Three,POPLAR ST,42.28175144,-71.12708183,0,42.28175144,-71.12708183,0,0,Evening,0,1,Summer,3,1,Other,0,9.0,1.0,0.0,0.0,0.0
I152094104,3301,Verbal Disputes,VERBAL DISPUTE,B2,263,,2015-11-12T20:05:00.000-05:00,2015,11,Thursday,20,Part Three,DUDLEY ST,42.32435506,-71.07440305,0,42.32435506,-71.07440305,0,0,Evening,0,1,Fall,4,4,Other,0,0.0,1.0,2.0,0.0,0.0
I172008524,802,Simple Assault,ASSAULT SIMPLE - BATTERY,B2,259,,2017-01-31T17:43:00.000-05:00,2017,1,Tuesday,17,Part Two,QUINCY ST,42.31210601,-71.07256779,0,42.31210601,-71.07256779,0,0,Evening,0,2,Winter,1,2,Violent,0,0.0,1.0,3.0,3.0,1.0
I182023179,3130,Search Warrants,SEARCH WARRANT,B2,321,,2018-03-28T19:30:00.000-04:00,2018,3,Wednesday,19,Part Three,BLUE HILL AVE,42.31162834,-71.08094294,0,42.31162834,-71.08094294,0,0,Evening,0,1,Spring,1,3,Other,0,0.0,1.0,1.0,0.0,0.0
I152082327,3803,Motor Vehicle Accident Response,M/V ACCIDENT - PERSONAL INJURY,B2,329,,2015-10-03T21:32:00.000-04:00,2015,10,Saturday,21,Part Three,NORMANDY ST,42.30691811,-71.08218381,0,42.30691811,-71.08218381,0,0,Night,1,1,Fall,4,6,Traffic,0,0.0,0.0,2.0,2.0,0.0
I172106281,3006,Medical Assistance,SICK/INJURED/MEDICAL - PERSON,D14,789,,2017-12-25T20:12:00.000-05:00,2017,12,Monday,20,Part Three,CHISWICK RD,42.33787906,-71.15075054,0,42.33787906,-71.15075054,0,0,Evening,0,1,Winter,4,1,Other,0,8.0,1.0,3.0,0.0,0.0
I172013815,613,Larceny,LARCENY SHOPLIFTING,A1,112,,2017-02-20T07:19:00.000-05:00,2017,2,Monday,7,Part One,WASHINGTON ST,42.35272948,-71.06256291,0,42.35272948,-71.06256291,0,0,Morning,0,3,Winter,1,1,Property,0,4.0,3.0,3.0,1.0,2.0
I162002531,617,Larceny,LARCENY THEFT FROM BUILDING,B3,472,,2016-01-09T21:11:00.000-05:00,2016,1,Saturday,21,Part One,BLUE HILL AVE,42.27386225,-71.09369539,0,42.27386225,-71.09369539,0,0,Night,1,3,Winter,1,6,Property,0,2.0,0.0,3.0,1.0,2.0
I172059621,1402,Vandalism,VANDALISM,C6,197,,2017-07-22T21:29:00.000-04:00,2017,7,Saturday,21,Part Two,D ST,42.33573052,-71.05448907,0,42.33573052,-71.05448907,0,0,Night,1,2,Summer,3,6,Property,0,5.0,0.0,0.0,1.0,1.0
I182035097,2905,Violations,VAL - OPERATING WITHOUT LICENSE,C11,235,,2018-05-09T10:13:00.000-04:00,2018,5,Wednesday,10,Part Two,BUTTONWOOD ST,42.3198696,-71.05582786,0,42.3198696,-71.05582786,0,0,Morning,0,2,Spring,2,3,Other,0,1.0,3.0,1.0,0.0,1.0
I172099650,3115,Investigate Person,INVESTIGATE PERSON,B3,452,,2017-12-01T02:13:00.000-05:00,2017,12,Friday,2,Part Three,KENBERMA RD,42.29574022,-71.07322638,0,42.29574022,-71.07322638,0,0,Night,0,1,Winter,4,5,Other,1,2.0,0.0,3.0,0.0,0.0
I182043927,3114,Investigate Property,INVESTIGATE PROPERTY,A7,25,,2018-06-07T06:37:00.000-04:00,2018,6,Thursday,6,Part Three,FALCON ST,42.38197028,-71.03475395,0,42.38197028,-71.03475395,0,0,Morning,0,1,Summer,2,4,Other,0,10.0,3.0,0.0,0.0,0.0
I162060103,2005,Offenses Against Child / Family,CHILD ENDANGERMENT,B3,451,,2016-07-27T17:53:00.000-04:00,2016,7,Wednesday,17,Part Two,PARK ST,42.29489887,-71.07563537,0,42.29489887,-71.07563537,0,0,Evening,0,2,Summer,3,3,Other,0,2.0,1.0,0.0,0.0,1.0
I182066805,2616,Other,POSSESSION OF BURGLARIOUS TOOLS,A1,126,,2018-08-21T08:20:00.000-04:00,2018,8,Tuesday,8,Part Two,CHURCH ST,42.34826633,-71.06753338,0,42.34826633,-71.06753338,0,0,Morning,0,2,Summer,3,2,Other,0,4.0,3.0,0.0,0.0,1.0
I162102041,3125,Warrant Arrests,WARRANT ARREST,E13,639,,2016-12-15T06:05:00.000-05:00,2016,12,Thursday,6,Part Three,CENTRE ST,42.3162358,-71.11387466,0,42.3162358,-71.11387466,0,0,Morning,0,1,Winter,4,4,Other,0,6.0,3.0,3.0,0.0,0.0
I182028910,3802,Motor Vehicle Accident Response,M/V ACCIDENT - PROPERTY  DAMAGE,D14,783,,2018-04-18T09:45:00.000-04:00,2018,4,Wednesday,9,Part Three,WARREN ST,42.34894483,-71.14087199,0,42.34894483,-71.14087199,0,0,Morning,0,1,Spring,2,3,Traffic,0,8.0,3.0,1.0,2.0,0.0
I162095395,1849,Drug Violation,"DRUGS - POSS CLASS B - COCAINE, ETC.",B3,"",,2016-11-21T18:35:28.000-05:00,2016,11,Monday,18,Part Two,WESTVIEW ST AND AMES,,,0,42.18246397604247,-70.85870749757449,1,1,Evening,0,2,Fall,4,1,Drug,0,2.0,1.0,2.0,4.0,1.0
I182031946,724,Auto Theft,AUTO THEFT,E18,479,,2018-04-28T22:10:00.000-04:00,2018,4,Saturday,22,Part One,CUMMINS HWY,42.27156283,-71.10594428,0,42.27156283,-71.10594428,0,0,Night,1,3,Spring,2,6,Property,1,7.0,0.0,1.0,1.0,2.0
I172058314,613,Larceny,LARCENY SHOPLIFTING,C11,247,,2017-07-18T18:28:00.000-04:00,2017,7,Tuesday,18,Part One,DORCHESTER AVE,42.31322413,-71.05715277,0,42.31322413,-71.05715277,0,0,Evening,0,3,Summer,3,2,Property,0,1.0,1.0,0.0,1.0,2.0
I182048428,3109,Police Service Incidents,SERVICE TO OTHER PD INSIDE OF MA.,A7,902,,2018-06-21T09:31:00.000-04:00,2018,6,Thursday,9,Part Three,MARGINAL ST,42.36728587,-71.04041697,0,42.36728587,-71.04041697,0,0,Morning,0,1,Summer,2,4,Other,0,10.0,3.0,0.0,0.0,0.0
I182017670,3125,Warrant Arrests,WARRANT ARREST,A1,111,,2018-03-08T09:12:00.000-05:00,2018,3,Thursday,9,Part Three,WASHINGTON ST,42.35272948,-71.06256291,0,42.35272948,-71.06256291,0,0,Morning,0,1,Spring,1,4,Other,0,4.0,3.0,1.0,0.0,0.0
I172062047,413,Aggravated Assault,ASSAULT - AGGRAVATED - BATTERY,D4,623,,2017-07-30T21:13:00.000-04:00,2017,7,Sunday,21,Part One,COMMONWEALTH AVE,42.34877575,-71.09606805,0,42.34877575,-71.09606805,0,0,Night,1,3,Summer,3,7,Violent,0,3.0,0.0,0.0,3.0,2.0
I162056067,2647,Other,THREATS TO DO BODILY HARM,B3,565,,2016-07-14T16:56:00.000-04:00,2016,7,Thursday,16,Part Two,SNOWDEN WAY,42.29071406,-71.09234897,0,42.29071406,-71.09234897,0,0,Afternoon,0,2,Summer,3,4,Other,0,2.0,2.0,0.0,0.0,1.0
I172090858,613,Larceny,LARCENY SHOPLIFTING,A1,111,,2017-10-29T15:00:00.000-04:00,2017,10,Sunday,15,Part One,WASHINGTON ST,42.35272948,-71.06256291,0,42.35272948,-71.06256291,0,0,Afternoon,1,3,Fall,4,7,Property,0,4.0,2.0,2.0,1.0,2.0
I162087839,2610,Other,TRESPASSING,D4,165,,2016-10-26T18:36:00.000-04:00,2016,10,Wednesday,18,Part Two,HARRISON AVE,42.34302527,-71.06493967,0,42.34302527,-71.06493967,0,0,Evening,0,2,Fall,4,3,Other,0,3.0,1.0,2.0,0.0,1.0
I182041459,3810,Motor Vehicle Accident Response,M/V ACCIDENT - INVOLVING  BICYCLE - INJURY,A1,"",,2018-05-25T08:45:00.000-04:00,2018,5,Friday,8,Part Three,CAMBRIDGE ST,,,0,42.18246397604247,-70.85870749757449,1,1,Morning,0,1,Spring,2,5,Traffic,0,4.0,3.0,1.0,2.0,0.0
I172056265,3807,Motor Vehicle Accident Response,M/V ACCIDENT - OTHER CITY VEHICLE,B2,239,,2017-07-12T07:49:00.000-04:00,2017,7,Wednesday,7,Part Three,COLUMBIA RD,42.31705299,-71.06521384,0,42.31705299,-71.06521384,0,0,Morning,0,1,Summer,3,3,Traffic,0,0.0,3.0,0.0,2.0,0.0
I182028293,3006,Medical Assistance,SICK/INJURED/MEDICAL - PERSON,D14,797,,2018-04-15T21:48:00.000-04:00,2018,4,Sunday,21,Part Three,COMMONWEALTH AVE,42.35170571,-71.11989956,0,42.35170571,-71.11989956,0,0,Night,1,1,Spring,2,7,Other,0,8.0,0.0,1.0,0.0,0.0
I152067740,613,Larceny,LARCENY SHOPLIFTING,D4,627,,2015-08-16T06:39:00.000-04:00,2015,8,Sunday,6,Part One,KILMARNOCK ST,42.34353469,-71.09980109,0,42.34353469,-71.09980109,0,0,Morning,1,3,Summer,3,7,Property,0,3.0,3.0,0.0,1.0,2.0
I182037368,3006,Medical Assistance,SICK/INJURED/MEDICAL - PERSON,B3,435,,2018-05-17T00:48:00.000-04:00,2018,5,Thursday,0,Part Three,EDSON ST,42.28623708,-71.07768279,0,42.28623708,-71.07768279,0,0,Night,0,1,Spring,2,4,Other,1,2.0,0.0,1.0,0.0,0.0
I162103875,3114,Investigate Property,INVESTIGATE PROPERTY,UNKNOWN,"",,2016-12-21T16:06:00.000-05:00,2016,12,Wednesday,16,Part Three,BATCHELDER,-1.0,-1.0,0,-1.0,-1.0,0,0,Afternoon,0,1,Winter,4,3,Other,0,12.0,2.0,3.0,0.0,0.0
I152106592,3006,Medical Assistance,SICK/INJURED/MEDICAL - PERSON,C11,385,,2015-12-26T20:52:00.000-05:00,2015,12,Saturday,20,Part Three,HALLET ST,42.28076737,-71.04736497,0,42.28076737,-71.04736497,0,0,Evening,1,1,Winter,4,6,Other,0,1.0,1.0,3.0,0.0,0.0
I162099639,614,Larceny From Motor Vehicle,LARCENY THEFT FROM MV - NON-ACCESSORY,D4,162,,2016-12-06T17:00:00.000-05:00,2016,12,Tuesday,17,Part One,HARRISON AVE,42.34493428,-71.06366374,0,42.34493428,-71.06366374,0,0,Evening,0,3,Winter,4,2,Property,0,3.0,1.0,3.0,1.0,2.0
I172096740,1402,Vandalism,VANDALISM,B2,326,,2017-11-19T23:30:00.000-05:00,2017,11,Sunday,23,Part Two,BRUNSWICK ST,42.31089986,-71.08007661,0,42.31089986,-71.08007661,0,0,Night,1,2,Fall,4,7,Property,1,0.0,0.0,2.0,1.0,1.0
I162028451,3831,Motor Vehicle Accident Response,M/V - LEAVING SCENE - PROPERTY DAMAGE,E18,498,,2016-04-12T19:27:00.000-04:00,2016,4,Tuesday,19,Part Three,RAMSDELL AVE,42.27663542,-71.11897506,0,42.27663542,-71.11897506,0,0,Evening,0,1,Spring,2,2,Traffic,0,7.0,1.0,1.0,2.0,0.0
I162102763,619,Larceny,LARCENY ALL OTHERS,D14,798,,2016-12-02T00:00:00.000-05:00,2016,12,Friday,0,Part One,BABCOCK ST,42.35269523,-71.12109586,0,42.35269523,-71.12109586,0,0,Night,0,3,Winter,4,5,Property,1,8.0,0.0,3.0,1.0,2.0
I162092441,3831,Motor Vehicle Accident Response,M/V - LEAVING SCENE - PROPERTY DAMAGE,B2,293,,2016-11-10T12:50:00.000-05:00,2016,11,Thursday,12,Part Three,CEDAR ST,42.32541109,-71.09141411,0,42.32541109,-71.09141411,0,0,Afternoon,0,1,Fall,4,4,Traffic,0,0.0,2.0,2.0,2.0,0.0
I172014913,423,Aggravated Assault,ASSAULT - AGGRAVATED,D4,130,,2017-02-23T22:50:00.000-05:00,2017,2,Thursday,22,Part One,HUNTINGTON AVE,42.34749899,-71.07925506,0,42.34749899,-71.07925506,0,0,Night,0,3,Winter,1,4,Violent,1,3.0,0.0,3.0,3.0,2.0
I172027454,3006,Medical Assistance,SICK/INJURED/MEDICAL - PERSON,A7,23,,2017-04-08T21:35:00.000-04:00,2017,4,Saturday,21,Part Three,SARATOGA ST,42.37704396,-71.03518074,0,42.37704396,-71.03518074,0,0,Night,1,1,Spring,2,6,Other,0,10.0,0.0,1.0,0.0,0.0
I162007795,522,Residential Burglary,BURGLARY - RESIDENTIAL - NO FORCE,D4,146,,2016-01-28T10:00:00.000-05:00,2016,1,Thursday,10,Part One,SAINT BOTOLPH ST,42.34561901,-71.07990847,0,42.34561901,-71.07990847,0,0,Morning,0,3,Winter,1,4,Property,0,3.0,3.0,3.0,1.0,2.0
I152093985,3831,Motor Vehicle Accident Response,M/V - LEAVING SCENE - PROPERTY DAMAGE,D4,624,,2015-11-12T14:39:00.000-05:00,2015,11,Thursday,14,Part Three,BROOKLINE AVE,42.34717072,-71.09855075,0,42.34717072,-71.09855075,0,0,Afternoon,0,1,Fall,4,4,Traffic,0,3.0,2.0,2.0,2.0,0.0
I172073481,3831,Motor Vehicle Accident Response,M/V - LEAVING SCENE - PROPERTY DAMAGE,B2,293,,2017-09-05T08:30:00.000-04:00,2017,9,Tuesday,8,Part Three,LAMBERT AVE,42.32661682,-71.09098572,0,42.32661682,-71.09098572,0,0,Morning,0,1,Fall,3,2,Traffic,0,0.0,3.0,2.0,2.0,0.0
I162100127,3125,Warrant Arrests,WARRANT ARREST,C11,391,,2016-12-08T13:00:00.000-05:00,2016,12,Thursday,13,Part Three,HARRISON AVE,42.33954199,-71.06940877,0,42.33954199,-71.06940877,0,0,Afternoon,0,1,Winter,4,4,Other,0,1.0,2.0,3.0,0.0,0.0
I152102923,614,Larceny From Motor Vehicle,LARCENY THEFT FROM MV - NON-ACCESSORY,D4,170,,2015-12-13T17:07:00.000-05:00,2015,12,Sunday,17,Part One,MASSACHUSETTS AVE,42.33562126,-71.07582361,0,42.33562126,-71.07582361,0,0,Evening,1,3,Winter,4,7,Property,0,3.0,1.0,3.0,1.0,2.0
I162014552,3125,Warrant Arrests,WARRANT ARREST,C6,936,,2016-02-22T09:00:00.000-05:00,2016,2,Monday,9,Part Three,B ST,42.339621,-71.05533044,0,42.339621,-71.05533044,0,0,Morning,0,1,Winter,1,1,Other,0,5.0,3.0,3.0,0.0,0.0
I162062844,3801,Motor Vehicle Accident Response,M/V ACCIDENT - OTHER,C6,206,,2016-08-05T15:58:00.000-04:00,2016,8,Friday,15,Part Three,BOSTON WHARF RD,42.35062356,-71.04637521,0,42.35062356,-71.04637521,0,0,Afternoon,0,1,Summer,3,5,Traffic,0,5.0,2.0,0.0,2.0,0.0
I152065861,616,Larceny,LARCENY THEFT OF BICYCLE,D4,619,,2015-08-09T15:27:00.000-04:00,2015,8,Sunday,15,Part One,SYMPHONY RD,42.34295335,-71.08833139,0,42.34295335,-71.08833139,0,0,Afternoon,1,3,Summer,3,7,Property,0,3.0,2.0,0.0,1.0,2.0
I162068636,3125,Warrant Arrests,WARRANT ARREST,B2,317,,2016-08-21T07:34:00.000-04:00,2016,8,Sunday,7,Part Three,HUMBOLDT AVE,42.31283412,-71.08974712,0,42.31283412,-71.08974712,0,0,Morning,1,1,Summer,3,7,Other,0,0.0,3.0,0.0,0.0,0.0
I182038449,614,Larceny From Motor Vehicle,LARCENY THEFT FROM MV - NON-ACCESSORY,D4,131,,2018-05-19T23:15:00.000-04:00,2018,5,Saturday,23,Part One,MARLBOROUGH ST,42.3531455,-71.07763936,0,42.3531455,-71.07763936,0,0,Night,1,3,Spring,2,6,Property,1,3.0,0.0,1.0,1.0,2.0
I172057700,3501,Missing Person Reported,MISSING PERSON,B3,422,,2017-07-16T23:43:00.000-04:00,2017,7,Sunday,23,Part Three,RIVER ST,42.27132363,-71.08183509,0,42.27132363,-71.08183509,0,0,Night,1,1,Summer,3,7,Other,1,2.0,0.0,0.0,0.0,0.0
I182061372,614,Larceny From Motor Vehicle,LARCENY THEFT FROM MV - NON-ACCESSORY,D14,774,,2018-08-02T19:45:00.000-04:00,2018,8,Thursday,19,Part One,STRATHMORE RD,42.34025279,-71.15447536,0,42.34025279,-71.15447536,0,0,Evening,0,3,Summer,3,4,Property,0,8.0,1.0,0.0,1.0,2.0
I182004744,3301,Verbal Disputes,VERBAL DISPUTE,C6,234,,2018-01-18T15:56:00.000-05:00,2018,1,Thursday,15,Part Three,E EIGHTH ST,42.33145284,-71.03686785,0,42.33145284,-71.03686785,0,0,Afternoon,0,1,Winter,1,4,Other,0,5.0,2.0,3.0,0.0,0.0
I162038570,3006,Medical Assistance,SICK/INJURED/MEDICAL - PERSON,B3,418,,2016-05-17T17:55:00.000-04:00,2016,5,Tuesday,17,Part Three,SELDEN ST,42.28089366,-71.08037468,0,42.28089366,-71.08037468,0,0,Evening,0,1,Spring,2,2,Other,0,2.0,1.0,1.0,0.0,0.0
I172057998,3831,Motor Vehicle Accident Response,M/V - LEAVING SCENE - PROPERTY DAMAGE,D4,"",,2017-07-16T21:30:00.000-04:00,2017,7,Sunday,21,Part Three,HUNTINGTON AVE,,,0,42.18246397604247,-70.85870749757449,1,1,Night,1,1,Summer,3,7,Traffic,0,3.0,0.0,0.0,2.0,0.0
I152087067,617,Larceny,LARCENY THEFT FROM BUILDING,A1,92,,2015-10-08T14:14:00.000-04:00,2015,10,Thursday,14,Part One,CITY HALL PLZ,42.35972137,-71.0585236,0,42.35972137,-71.0585236,0,0,Afternoon,0,3,Fall,4,4,Property,0,4.0,2.0,2.0,1.0,2.0
I182063104,3111,License Violation,LICENSE PREMISE VIOLATION,A1,94,,2018-08-09T00:15:00.000-04:00,2018,8,Thursday,0,Part Three,CHATHAM ST,42.35969525,-71.05401301,0,42.35969525,-71.05401301,0,0,Night,0,1,Summer,3,4,Other,1,4.0,0.0,0.0,0.0,0.0
I152052762,3114,Investigate Property,INVESTIGATE PROPERTY,E18,481,,2015-06-26T01:34:00.000-04:00,2015,6,Friday,1,Part Three,RIVER ST,42.26633004,-71.09746447,0,42.26633004,-71.09746447,0,0,Night,0,1,Summer,2,5,Other,1,7.0,0.0,0.0,0.0,0.0
I162052200,3001,Medical Assistance,DEATH INVESTIGATION,B2,181,,2016-07-01T12:19:00.000-04:00,2016,7,Friday,12,Part Three,DUDLEY ST,42.32435506,-71.07440305,0,42.32435506,-71.07440305,0,0,Afternoon,0,1,Summer,3,5,Other,0,0.0,2.0,0.0,0.0,0.0
I162052627,2647,Other,THREATS TO DO BODILY HARM,B2,267,,2016-07-02T21:21:00.000-04:00,2016,7,Saturday,21,Part Two,MOUNT PLEASANT AVE,42.3263576,-71.07886301,0,42.3263576,-71.07886301,0,0,Night,1,2,Summer,3,6,Other,0,0.0,0.0,0.0,0.0,1.0
I162010573,802,Simple Assault,ASSAULT SIMPLE - BATTERY,B3,"",,2016-02-09T00:36:00.000-05:00,2016,2,Tuesday,0,Part Two,UNKNOWN,,,0,42.18246397604247,-70.85870749757449,1,1,Night,0,2,Winter,1,2,Violent,1,2.0,0.0,3.0,3.0,1.0
I172098133,614,Larceny From Motor Vehicle,LARCENY THEFT FROM MV - NON-ACCESSORY,A1,94,,2017-11-25T18:53:00.000-05:00,2017,11,Saturday,18,Part One,CLINTON ST,42.36067984,-71.05482325,0,42.36067984,-71.05482325,0,0,Evening,1,3,Fall,4,6,Property,0,4.0,1.0,2.0,1.0,2.0
I172107629,3125,Warrant Arrests,WARRANT ARREST,A1,123,,2017-12-31T15:10:00.000-05:00,2017,12,Sunday,15,Part Three,WASHINGTON ST,42.34997256,-71.06348817,0,42.34997256,-71.06348817,0,0,Afternoon,1,1,Winter,4,7,Other,0,4.0,2.0,3.0,0.0,0.0
I182064017,1402,Vandalism,VANDALISM,D4,167,,2018-08-11T17:15:00.000-04:00,2018,8,Saturday,17,Part Two,HARRISON AVE,42.33954199,-71.06940877,0,42.33954199,-71.06940877,0,0,Evening,1,2,Summer,3,6,Property,0,3.0,1.0,0.0,1.0,1.0
I172051162,413,Aggravated Assault,ASSAULT - AGGRAVATED - BATTERY,E13,307,,2017-06-25T23:12:00.000-04:00,2017,6,Sunday,23,Part One,WARDMAN RD,42.31529421,-71.09486034,0,42.31529421,-71.09486034,0,0,Night,1,3,Summer,2,7,Violent,1,6.0,0.0,0.0,3.0,2.0
I162061554,3801,Motor Vehicle Accident Response,M/V ACCIDENT - OTHER,B3,463,,2016-08-01T14:31:00.000-04:00,2016,8,Monday,14,Part Three,AMERICAN LEGION HWY,42.29794983,-71.08774413,0,42.29794983,-71.08774413,0,0,Afternoon,0,1,Summer,3,1,Traffic,0,2.0,2.0,0.0,2.0,0.0
I182045671,3301,Verbal Disputes,VERBAL DISPUTE,B3,420,,2018-06-12T17:32:00.000-04:00,2018,6,Tuesday,17,Part Three,MORTON ST,42.28028398,-71.08235497,0,42.28028398,-71.08235497,0,0,Evening,0,1,Summer,2,2,Other,0,2.0,1.0,0.0,0.0,0.0
I182035626,3301,Verbal Disputes,VERBAL DISPUTE,C6,958,,2018-05-10T17:40:26.000-04:00,2018,5,Thursday,17,Part Three,BELLFLOWER ST,42.32445145,-71.0581068,0,42.32445145,-71.0581068,0,0,Evening,0,1,Spring,2,4,Other,0,5.0,1.0,1.0,0.0,0.0
I162088636,423,Aggravated Assault,ASSAULT - AGGRAVATED,E5,658,,2016-10-29T18:14:00.000-04:00,2016,10,Saturday,18,Part One,HACKENSACK RD,42.30020617,-71.14176722,0,42.30020617,-71.14176722,0,0,Evening,1,3,Fall,4,6,Violent,0,9.0,1.0,2.0,3.0,2.0
I162043736,3301,Verbal Disputes,VERBAL DISPUTE,C6,913,,2016-06-03T16:45:00.000-04:00,2016,6,Friday,16,Part Three,HARBOR POINT BLVD,42.31901454,-71.04377707,0,42.31901454,-71.04377707,0,0,Afternoon,0,1,Summer,2,5,Other,0,5.0,2.0,0.0,0.0,0.0
I172098588,617,Larceny,LARCENY THEFT FROM BUILDING,D4,624,,2017-11-27T15:33:00.000-05:00,2017,11,Monday,15,Part One,PETERBOROUGH ST,42.34402604,-71.09615503,0,42.34402604,-71.09615503,0,0,Afternoon,0,3,Fall,4,1,Property,0,3.0,2.0,2.0,1.0,2.0
I152094898,521,Residential Burglary,BURGLARY - RESIDENTIAL - ATTEMPT,E18,487,,2015-11-15T14:16:00.000-05:00,2015,11,Sunday,14,Part One,ROSEMONT ST,42.26500784,-71.10472372,0,42.26500784,-71.10472372,0,0,Afternoon,1,3,Fall,4,7,Property,0,7.0,2.0,2.0,1.0,2.0
I182045991,616,Larceny,LARCENY THEFT OF BICYCLE,C11,352,,2018-06-13T17:51:00.000-04:00,2018,6,Wednesday,17,Part One,CHARLES ST,42.30060543,-71.06126785,0,42.30060543,-71.06126785,0,0,Evening,0,3,Summer,2,3,Property,0,1.0,1.0,0.0,1.0,2.0
I172001646,3114,Investigate Property,INVESTIGATE PROPERTY,B2,289,,2017-01-06T19:51:00.000-05:00,2017,1,Friday,19,Part Three,MALCOLM X BLVD,42.33123776,-71.09140736,0,42.33123776,-71.09140736,0,0,Evening,0,1,Winter,1,5,Other,0,0.0,1.0,3.0,0.0,0.0
I172003754,2629,Harassment,HARASSMENT,B3,411,,2017-01-14T19:51:00.000-05:00,2017,1,Saturday,19,Part Two,STANDARD ST,42.27451263,-71.08004896,0,42.27451263,-71.08004896,0,0,Evening,1,2,Winter,1,6,Other,0,2.0,1.0,3.0,0.0,1.0
I172056808,3006,Medical Assistance,SICK/INJURED/MEDICAL - PERSON,C6,915,,2017-07-13T21:36:00.000-04:00,2017,7,Thursday,21,Part Three,E EIGHTH ST,42.33129745,-71.04864886,0,42.33129745,-71.04864886,0,0,Night,0,1,Summer,3,4,Other,0,5.0,0.0,0.0,0.0,0.0
I162019408,3111,License Violation,LICENSE PREMISE VIOLATION,A1,"",,2016-03-12T16:35:00.000-05:00,2016,3,Saturday,16,Part Three,UNKNOWN,,,0,42.18246397604247,-70.85870749757449,1,1,Afternoon,1,1,Spring,1,6,Other,0,4.0,2.0,1.0,0.0,0.0
I182058647,2610,Other,TRESPASSING,C6,178,,2018-07-25T12:51:00.000-04:00,2018,7,Wednesday,12,Part Two,MASSACHUSETTS AVE,42.33152148,-71.07085307,0,42.33152148,-71.07085307,0,0,Afternoon,0,2,Summer,3,3,Other,0,5.0,2.0,0.0,0.0,1.0
I172084404,619,Larceny,LARCENY ALL OTHERS,B3,435,,2017-10-10T08:20:00.000-04:00,2017,10,Tuesday,8,Part One,DUNBAR AVE,42.28643911,-71.07163064,0,42.28643911,-71.07163064,0,0,Morning,0,3,Fall,4,2,Property,0,2.0,3.0,2.0,1.0,2.0
I152076515,1874,Drug Violation,DRUGS - OTHER,E13,510,,2015-09-14T18:10:00.000-04:00,2015,9,Monday,18,Part Two,TOWER ST,42.29993437,-71.11355693,0,42.29993437,-71.11355693,0,0,Evening,0,2,Fall,3,1,Drug,0,6.0,1.0,2.0,4.0,1.0
I162022158,3820,Motor Vehicle Accident Response,M/V ACCIDENT INVOLVING PEDESTRIAN - INJURY,E13,652,,2016-03-22T05:41:00.000-04:00,2016,3,Tuesday,5,Part Three,SOUTH ST,42.300996,-71.114609,0,42.300996,-71.114609,0,0,Night,0,1,Spring,1,2,Traffic,0,6.0,0.0,1.0,2.0,0.0
I152060297,2905,Violations,VAL - OPERATING WITHOUT LICENSE,A7,33,,2015-07-21T00:00:00.000-04:00,2015,7,Tuesday,0,Part Two,EVERETT ST,42.36517023,-71.02934347,0,42.36517023,-71.02934347,0,0,Night,0,2,Summer,3,2,Other,1,10.0,0.0,0.0,0.0,1.0
I172053247,423,Aggravated Assault,ASSAULT - AGGRAVATED,C6,186,,2017-07-02T12:33:00.000-04:00,2017,7,Sunday,12,Part One,ALLSTATE RD,,,0,42.18246397604247,-70.85870749757449,1,1,Afternoon,1,3,Summer,3,7,Violent,0,5.0,2.0,0.0,3.0,2.0
I172090606,3410,Towed,TOWED MOTOR VEHICLE,C11,243,,2017-10-30T05:32:00.000-04:00,2017,10,Monday,5,Part Three,MORRILL ST,42.31633114,-71.06035002,0,42.31633114,-71.06035002,0,0,Night,0,1,Fall,4,1,Other,0,1.0,0.0,2.0,0.0,0.0
I172068119,3201,Property Lost,PROPERTY - LOST,A1,121,,2017-08-18T01:00:00.000-04:00,2017,8,Friday,1,Part Three,STUART ST,42.35106637,-71.06549569,0,42.35106637,-71.06549569,0,0,Night,0,1,Summer,3,5,Other,1,4.0,0.0,0.0,0.0,0.0
I182017613,3301,Verbal Disputes,VERBAL DISPUTE,D4,624,,2018-03-07T22:18:00.000-05:00,2018,3,Wednesday,22,Part Three,PETERBOROUGH ST,42.34402604,-71.09615503,0,42.34402604,-71.09615503,0,0,Night,0,1,Spring,1,3,Other,1,3.0,0.0,1.0,0.0,0.0
I162088848,3115,Investigate Person,INVESTIGATE PERSON,B3,430,,2016-10-30T12:30:00.000-04:00,2016,10,Sunday,12,Part Three,BLUE HILL AVE,42.28548568,-71.09090863,0,42.28548568,-71.09090863,0,0,Afternoon,1,1,Fall,4,7,Other,0,2.0,2.0,2.0,0.0,0.0
I172032830,1402,Vandalism,VANDALISM,B3,432,,2017-04-26T21:00:00.000-04:00,2017,4,Wednesday,21,Part Two,OAKHURST ST,42.28803351,-71.08241673,0,42.28803351,-71.08241673,0,0,Night,0,2,Spring,2,3,Property,0,2.0,0.0,1.0,1.0,1.0
I182053256,1830,Drug Violation,DRUGS - SICK ASSIST - HEROIN,B2,321,,2018-07-06T21:37:00.000-04:00,2018,7,Friday,21,Part Two,WARREN ST,42.31250552,-71.08314735,0,42.31250552,-71.08314735,0,0,Night,0,2,Summer,3,5,Drug,0,0.0,0.0,0.0,4.0,1.0
I162024973,520,Residential Burglary,BURGLARY - RESIDENTIAL - FORCE,E18,940,,2016-03-31T06:40:00.000-04:00,2016,3,Thursday,6,Part One,WOODGLEN RD,42.24383959,-71.12160124,0,42.24383959,-71.12160124,0,0,Morning,0,3,Spring,1,4,Property,0,7.0,3.0,1.0,1.0,2.0
I172086595,3007,Medical Assistance,SUDDEN DEATH,D4,146,,2017-10-17T08:34:00.000-04:00,2017,10,Tuesday,8,Part Three,HUNTINGTON AVE,42.3473098,-71.07915167,0,42.3473098,-71.07915167,0,0,Morning,0,1,Fall,4,2,Other,0,3.0,3.0,2.0,0.0,0.0
I172085974,3801,Motor Vehicle Accident Response,M/V ACCIDENT - OTHER,B3,434,,2017-10-15T01:08:00.000-04:00,2017,10,Sunday,1,Part Three,NORFOLK ST,42.28634708,-71.07954782,0,42.28634708,-71.07954782,0,0,Night,1,1,Fall,4,7,Traffic,1,2.0,0.0,2.0,2.0,0.0
I152074922,1849,Drug Violation,"DRUGS - POSS CLASS B - COCAINE, ETC.",B3,426,,2015-09-09T14:20:00.000-04:00,2015,9,Wednesday,14,Part Two,RIVER ST,42.26956689,-71.09075049,0,42.26956689,-71.09075049,0,0,Afternoon,0,2,Fall,3,3,Drug,0,2.0,2.0,2.0,4.0,1.0
I162090352,614,Larceny From Motor Vehicle,LARCENY THEFT FROM MV - NON-ACCESSORY,C6,201,,2016-11-03T23:55:00.000-04:00,2016,11,Thursday,23,Part One,W THIRD ST,42.34007996,-71.05069754,0,42.34007996,-71.05069754,0,0,Night,0,3,Fall,4,4,Property,1,5.0,0.0,2.0,1.0,2.0
I172010935,3410,Towed,TOWED MOTOR VEHICLE,A7,16,,2017-02-09T00:20:00.000-05:00,2017,2,Thursday,0,Part Three,CONDOR ST,42.38257493,-71.03026362,0,42.38257493,-71.03026362,0,0,Night,0,1,Winter,1,4,Other,1,10.0,0.0,3.0,0.0,0.0
I152059250,3801,Motor Vehicle Accident Response,M/V ACCIDENT - OTHER,C11,243,,2015-07-15T07:10:00.000-04:00,2015,7,Wednesday,7,Part Three,SALCOMBE ST,42.31511978,-71.06089032,0,42.31511978,-71.06089032,0,0,Morning,0,1,Summer,3,3,Traffic,0,1.0,3.0,0.0,2.0,0.0
I182064479,3301,Verbal Disputes,VERBAL DISPUTE,B3,441,,2018-08-13T14:50:00.000-04:00,2018,8,Monday,14,Part Three,NIGHTINGALE ST,42.29540175,-71.08237834,0,42.29540175,-71.08237834,0,0,Afternoon,0,1,Summer,3,1,Other,0,2.0,2.0,0.0,0.0,0.0
I152090388,1402,Vandalism,VANDALISM,C11,340,,2015-10-31T19:44:00.000-04:00,2015,10,Saturday,19,Part Two,MOUNT IDA RD,42.30629091,-71.06512497,0,42.30629091,-71.06512497,0,0,Evening,1,2,Fall,4,6,Property,0,1.0,1.0,2.0,1.0,1.0
I182060021,617,Larceny,LARCENY THEFT FROM BUILDING,A1,77,,2018-07-30T03:14:00.000-04:00,2018,7,Monday,3,Part One,BOWKER ST,42.36242887,-71.06054873,0,42.36242887,-71.06054873,0,0,Night,0,3,Summer,3,1,Property,1,4.0,0.0,0.0,1.0,2.0
I182028480,3501,Missing Person Reported,MISSING PERSON,A7,23,,2018-04-15T18:00:00.000-04:00,2018,4,Sunday,18,Part Three,LEXINGTON ST,42.37773566,-71.03743771,0,42.37773566,-71.03743771,0,0,Evening,1,1,Spring,2,7,Other,0,10.0,1.0,1.0,0.0,0.0
I172014422,2629,Harassment,HARASSMENT,B2,258,,2017-02-02T08:01:00.000-05:00,2017,2,Thursday,8,Part Two,PLEASANT ST,42.31544307,-71.059799,0,42.31544307,-71.059799,0,0,Morning,0,2,Winter,1,4,Other,0,0.0,3.0,3.0,0.0,1.0
I162096364,3006,Medical Assistance,SICK/INJURED/MEDICAL - PERSON,C11,356,,2016-11-25T15:40:00.000-05:00,2016,11,Friday,15,Part Three,GENEVA AVE,42.29848866,-71.06313294,0,42.29848866,-71.06313294,0,0,Afternoon,0,1,Fall,4,5,Other,0,1.0,2.0,2.0,0.0,0.0
I182035401,2647,Other,THREATS TO DO BODILY HARM,C11,354,,2018-05-09T15:37:00.000-04:00,2018,5,Wednesday,15,Part Two,PARK ST,42.30050125,-71.05511587,0,42.30050125,-71.05511587,0,0,Afternoon,0,2,Spring,2,3,Other,0,1.0,2.0,1.0,0.0,1.0
I162042809,3803,Motor Vehicle Accident Response,M/V ACCIDENT - PERSONAL INJURY,B2,281,,2016-05-31T18:58:00.000-04:00,2016,5,Tuesday,18,Part Three,DUDLEY ST,42.32849143,-71.08121253,0,42.32849143,-71.08121253,0,0,Evening,0,1,Spring,2,2,Traffic,0,0.0,1.0,1.0,2.0,0.0
I162105266,1402,Vandalism,VANDALISM,C6,915,,2016-12-24T13:00:00.000-05:00,2016,12,Saturday,13,Part Two,COLUMBIA RD,42.33032684,-71.04982159,0,42.33032684,-71.04982159,0,0,Afternoon,1,2,Winter,4,6,Property,0,5.0,2.0,3.0,1.0,1.0
I182046821,802,Simple Assault,ASSAULT SIMPLE - BATTERY,D4,138,,2018-06-16T01:05:00.000-04:00,2018,6,Saturday,1,Part Two,BOYLSTON ST,42.34862382,-71.08277637,0,42.34862382,-71.08277637,0,0,Night,1,2,Summer,2,6,Violent,1,3.0,0.0,0.0,3.0,1.0
I172105346,3115,Investigate Person,INVESTIGATE PERSON,A7,28,,2017-12-21T16:43:00.000-05:00,2017,12,Thursday,16,Part Three,PARIS ST,42.37081805,-71.03929078,0,42.37081805,-71.03929078,0,0,Afternoon,0,1,Winter,4,4,Other,0,10.0,2.0,3.0,0.0,0.0
I172068712,3125,Warrant Arrests,WARRANT ARREST,C11,334,,2017-08-20T12:40:00.000-04:00,2017,8,Sunday,12,Part Three,HANCOCK ST,42.31269827,-71.06459218,0,42.31269827,-71.06459218,0,0,Afternoon,1,1,Summer,3,7,Other,0,1.0,2.0,0.0,0.0,0.0
I162025941,619,Larceny,LARCENY ALL OTHERS,A1,"",,2016-04-04T02:19:00.000-04:00,2016,4,Monday,2,Part One,UNKNOWN,,,0,42.18246397604247,-70.85870749757449,1,1,Night,0,3,Spring,2,1,Property,1,4.0,0.0,1.0,1.0,2.0
I182026529,3006,Medical Assistance,SICK/INJURED/MEDICAL - PERSON,B3,"",,2018-04-09T19:09:17.000-04:00,2018,4,Monday,19,Part Three,BLUE HILL AVE,,,0,42.18246397604247,-70.85870749757449,1,1,Evening,0,1,Spring,2,1,Other,0,2.0,1.0,1.0,0.0,0.0
I182029563,2647,Other,THREATS TO DO BODILY HARM,D14,811,,2018-04-20T14:46:00.000-04:00,2018,4,Friday,14,Part Two,WESTFORD PL,42.36225823,-71.13438762,0,42.36225823,-71.13438762,0,0,Afternoon,0,2,Spring,2,5,Other,0,8.0,2.0,1.0,0.0,1.0
I152067980,3301,Verbal Disputes,VERBAL DISPUTE,B2,329,,2015-08-17T08:08:00.000-04:00,2015,8,Monday,8,Part Three,DEVON ST,42.3092779,-71.07868791,0,42.3092779,-71.07868791,0,0,Morning,0,1,Summer,3,1,Other,0,0.0,3.0,0.0,0.0,0.0
I172096797,3125,Warrant Arrests,WARRANT ARREST,C11,333,,2017-11-20T11:34:00.000-05:00,2017,11,Monday,11,Part Three,COLUMBIA RD,42.31069804,-71.07119068,0,42.31069804,-71.07119068,0,0,Morning,0,1,Fall,4,1,Other,0,1.0,3.0,2.0,0.0,0.0
I162057837,423,Aggravated Assault,ASSAULT - AGGRAVATED,B3,"",,2016-07-20T15:20:00.000-04:00,2016,7,Wednesday,15,Part One,BLUE HILL AVE,,,0,42.18246397604247,-70.85870749757449,1,1,Afternoon,0,3,Summer,3,3,Violent,0,2.0,2.0,0.0,3.0,2.0
I172093383,1402,Vandalism,VANDALISM,B2,289,,2017-11-08T08:00:00.000-05:00,2017,11,Wednesday,8,Part Two,MALCOLM X BLVD,42.33123776,-71.09140736,0,42.33123776,-71.09140736,0,0,Morning,0,2,Fall,4,3,Property,0,0.0,3.0,2.0,1.0,1.0
I172048501,3114,Investigate Property,INVESTIGATE PROPERTY,B2,615,,2017-06-17T12:00:00.000-04:00,2017,6,Saturday,12,Part Three,AVENUE LOUIS PASTEUR,42.33830258,-71.10235253,0,42.33830258,-71.10235253,0,0,Afternoon,1,1,Summer,2,6,Other,0,0.0,2.0,0.0,0.0,0.0
I162046902,3018,Medical Assistance,SICK/INJURED/MEDICAL - POLICE,E18,541,,2016-06-14T01:55:00.000-04:00,2016,6,Tuesday,1,Part Three,WINSLOW ST,42.25353031,-71.13086205,0,42.25353031,-71.13086205,0,0,Night,0,1,Summer,2,2,Other,1,7.0,0.0,0.0,0.0,0.0
I152078059,3006,Medical Assistance,SICK/INJURED/MEDICAL - PERSON,A15,38,,2015-09-19T16:22:00.000-04:00,2015,9,Saturday,16,Part Three,FIRST AVE,42.37749764,-71.05031219,0,42.37749764,-71.05031219,0,0,Afternoon,1,1,Fall,3,6,Other,0,11.0,2.0,2.0,0.0,0.0
I182028561,3805,Motor Vehicle Accident Response,M/V ACCIDENT - POLICE VEHICLE,E13,510,,2018-04-17T09:20:00.000-04:00,2018,4,Tuesday,9,Part Three,MORTON ST,42.30056444,-71.11016791,0,42.30056444,-71.11016791,0,0,Morning,0,1,Spring,2,2,Traffic,0,6.0,3.0,1.0,2.0,0.0
I172084003,617,Larceny,LARCENY THEFT FROM BUILDING,A1,108,,2017-10-08T17:02:00.000-04:00,2017,10,Sunday,17,Part One,HIGH ST,42.35407456,-71.05533533,0,42.35407456,-71.05533533,0,0,Evening,1,3,Fall,4,7,Property,0,4.0,1.0,2.0,1.0,2.0
I162088985,3301,Verbal Disputes,VERBAL DISPUTE,B2,312,,2016-10-31T02:26:00.000-04:00,2016,10,Monday,2,Part Three,HOLLANDER ST,42.3156892,-71.08951391,0,42.3156892,-71.08951391,0,0,Night,0,1,Fall,4,1,Other,1,0.0,0.0,2.0,0.0,0.0
I182003523,801,Simple Assault,ASSAULT - SIMPLE,B2,911,,2018-01-13T23:00:00.000-05:00,2018,1,Saturday,23,Part Two,ANNUNCIATION RD,42.33506218,-71.09316781,0,42.33506218,-71.09316781,0,0,Night,1,2,Winter,1,6,Violent,1,0.0,0.0,3.0,3.0,1.0
I172006536,2907,Violations,VAL - OPERATING AFTER REV/SUSP.,C11,334,,2017-01-24T19:27:00.000-05:00,2017,1,Tuesday,19,Part Two,TOVAR ST,42.3102849,-71.06348374,0,42.3102849,-71.06348374,0,0,Evening,0,2,Winter,1,2,Other,0,1.0,1.0,3.0,0.0,1.0
I172093872,3201,Property Lost,PROPERTY - LOST,B2,297,,2017-11-09T18:46:00.000-05:00,2017,11,Thursday,18,Part Three,WALNUT AVE,42.32217348,-71.08506711,0,42.32217348,-71.08506711,0,0,Evening,0,1,Fall,4,4,Other,0,0.0,1.0,2.0,0.0,0.0
I182009527,1107,Fraud,FRAUD - IMPERSONATION,E18,490,,2017-12-01T09:00:00.000-05:00,2017,12,Friday,9,Part Two,ROANOKE RD,42.27112941,-71.11089554,0,42.27112941,-71.11089554,0,0,Morning,0,2,Winter,4,5,Other,0,7.0,3.0,3.0,0.0,1.0
I152052547,3410,Towed,TOWED MOTOR VEHICLE,D4,273,,2015-06-25T12:10:00.000-04:00,2015,6,Thursday,12,Part Three,NORTHAMPTON ST,42.33798932,-71.08003746,0,42.33798932,-71.08003746,0,0,Afternoon,0,1,Summer,2,4,Other,0,3.0,2.0,0.0,0.0,0.0
I182069976,2647,Other,THREATS TO DO BODILY HARM,C11,355,,2018-08-30T19:22:00.000-04:00,2018,8,Thursday,19,Part Two,DORCHESTER AVE,42.29919694,-71.06046974,0,42.29919694,-71.06046974,0,0,Evening,0,2,Summer,3,4,Other,0,1.0,1.0,0.0,0.0,1.0
I162047916,3502,Missing Person Located,MISSING PERSON - LOCATED,D4,273,,2016-06-16T17:45:00.000-04:00,2016,6,Thursday,17,Part Three,MASSACHUSETTS AVE,42.33755715,-71.07836018,0,42.33755715,-71.07836018,0,0,Evening,0,1,Summer,2,4,Other,0,3.0,1.0,0.0,0.0,0.0
I162008807,1501,Firearm Violations,"WEAPON - FIREARM - CARRYING / POSSESSING, ETC",E18,540,,2016-02-02T08:17:00.000-05:00,2016,2,Tuesday,8,Part Two,RIVER ST,42.25050448,-71.13090444,0,42.25050448,-71.13090444,0,0,Morning,0,2,Winter,1,2,Other,0,7.0,3.0,3.0,0.0,1.0
I182022506,2646,Liquor Violation,LIQUOR - DRINKING IN PUBLIC,C11,355,,2018-03-26T13:30:00.000-04:00,2018,3,Monday,13,Part Two,DORCHESTER AVE,42.29721224,-71.06104499,0,42.29721224,-71.06104499,0,0,Afternoon,0,2,Spring,1,1,Other,0,1.0,2.0,1.0,0.0,1.0
I172027566,802,Simple Assault,ASSAULT SIMPLE - BATTERY,B2,611,,2017-04-09T11:19:00.000-04:00,2017,4,Sunday,11,Part Two,NEW WHITNEY ST,42.3347809,-71.1094777,0,42.3347809,-71.1094777,0,0,Morning,1,2,Spring,2,7,Violent,0,0.0,3.0,1.0,3.0,1.0
I152071548,3830,Motor Vehicle Accident Response,M/V - LEAVING SCENE - PERSONAL INJURY,E18,518,,2015-08-28T22:34:00.000-04:00,2015,8,Friday,22,Part Three,GARFIELD AVE,42.2471031,-71.12162577,0,42.2471031,-71.12162577,0,0,Night,0,1,Summer,3,5,Traffic,1,7.0,0.0,0.0,2.0,0.0
I172092475,3410,Towed,TOWED MOTOR VEHICLE,D14,794,,2017-11-05T01:09:00.000-05:00,2017,11,Sunday,1,Part Three,ALLSTON ST,42.35127685,-71.13587892,0,42.35127685,-71.13587892,0,0,Night,1,1,Fall,4,7,Other,1,8.0,0.0,2.0,0.0,0.0
I182012392,2646,Liquor Violation,LIQUOR - DRINKING IN PUBLIC,B2,288,,2018-02-16T12:12:00.000-05:00,2018,2,Friday,12,Part Two,WASHINGTON ST,42.32925905,-71.08482402,0,42.32925905,-71.08482402,0,0,Afternoon,0,2,Winter,1,5,Other,0,0.0,2.0,3.0,0.0,1.0
I172103194,613,Larceny,LARCENY SHOPLIFTING,D4,143,,2017-12-13T15:41:00.000-05:00,2017,12,Wednesday,15,Part One,BOYLSTON ST,42.34862382,-71.08277637,0,42.34862382,-71.08277637,0,0,Afternoon,0,3,Winter,4,3,Property,0,3.0,2.0,3.0,1.0,2.0
I162082506,613,Larceny,LARCENY SHOPLIFTING,D4,138,,2016-10-08T14:00:00.000-04:00,2016,10,Saturday,14,Part One,BOYLSTON ST,42.34862382,-71.08277637,0,42.34862382,-71.08277637,0,0,Afternoon,1,3,Fall,4,6,Property,0,3.0,2.0,2.0,1.0,2.0
I172041971,1402,Vandalism,VANDALISM,UNKNOWN,"",,2017-01-17T13:00:00.000-05:00,2017,1,Tuesday,13,Part Two,PUBLIC ALLEY NO. 420,42.35411213,-71.07568185,0,42.35411213,-71.07568185,0,0,Afternoon,0,2,Winter,1,2,Property,0,12.0,2.0,3.0,1.0,1.0
I172027493,802,Simple Assault,ASSAULT SIMPLE - BATTERY,E13,639,,2017-04-09T00:30:00.000-04:00,2017,4,Sunday,0,Part Two,ROBINWOOD AVE,42.31624019,-71.11267011,0,42.31624019,-71.11267011,0,0,Night,1,2,Spring,2,7,Violent,1,6.0,0.0,1.0,3.0,1.0
I182060536,619,Larceny,LARCENY ALL OTHERS,C6,215,,2018-07-31T16:37:00.000-04:00,2018,7,Tuesday,16,Part One,E ST,42.33539376,-71.05212586,0,42.33539376,-71.05212586,0,0,Afternoon,0,3,Summer,3,2,Property,0,5.0,2.0,0.0,1.0,2.0
I152056738,1842,Drug Violation,"DRUGS - POSS CLASS A - HEROIN, ETC.",B3,444,,2015-07-09T18:17:00.000-04:00,2015,7,Thursday,18,Part Two,AMERICAN LEGION HWY,42.29817919,-71.08692159,0,42.29817919,-71.08692159,0,0,Evening,0,2,Summer,3,4,Drug,0,2.0,1.0,0.0,4.0,1.0
I182045985,3831,Motor Vehicle Accident Response,M/V - LEAVING SCENE - PROPERTY DAMAGE,C11,365,,2018-06-12T16:00:00.000-04:00,2018,6,Tuesday,16,Part Three,SAINT MARKS RD,42.29144845,-71.06171936,0,42.29144845,-71.06171936,0,0,Afternoon,0,1,Summer,2,2,Traffic,0,1.0,2.0,0.0,2.0,0.0
I162070511,3502,Missing Person Located,MISSING PERSON - LOCATED,B3,434,,2016-08-29T12:00:00.000-04:00,2016,8,Monday,12,Part Three,CAPEN ST,42.28387658,-71.08099354,0,42.28387658,-71.08099354,0,0,Afternoon,0,1,Summer,3,1,Other,0,2.0,2.0,0.0,0.0,0.0
I162073140,727,Auto Theft,AUTO THEFT - LEASED/RENTED VEHICLE,A1,95,,2016-07-02T11:36:00.000-04:00,2016,7,Saturday,11,Part One,ATLANTIC AVE,42.35746445,-71.05098164,0,42.35746445,-71.05098164,0,0,Morning,1,3,Summer,3,6,Property,0,4.0,3.0,0.0,1.0,2.0
I182059748,614,Larceny From Motor Vehicle,LARCENY THEFT FROM MV - NON-ACCESSORY,D4,621,,2018-07-28T23:20:00.000-04:00,2018,7,Saturday,23,Part One,COMMONWEALTH AVE,42.3492468,-71.08956259,0,42.3492468,-71.08956259,0,0,Night,1,3,Summer,3,6,Property,1,3.0,0.0,0.0,1.0,2.0
I172063732,3114,Investigate Property,INVESTIGATE PROPERTY,B3,465,,2017-08-04T17:39:41.000-04:00,2017,8,Friday,17,Part Three,BLUE HILL AVE,42.28482577,-71.09137369,0,42.28482577,-71.09137369,0,0,Evening,0,1,Summer,3,5,Other,0,2.0,1.0,0.0,0.0,0.0
I162014134,2604,Other,EXTORTION OR BLACKMAIL,B3,455,,2016-02-22T14:41:00.000-05:00,2016,2,Monday,14,Part Two,RADCLIFFE ST,42.30020194,-71.07835353,0,42.30020194,-71.07835353,0,0,Afternoon,0,2,Winter,1,1,Other,0,2.0,2.0,3.0,0.0,1.0
I162004469,3802,Motor Vehicle Accident Response,M/V ACCIDENT - PROPERTY  DAMAGE,C6,221,,2016-01-17T03:19:00.000-05:00,2016,1,Sunday,3,Part Three,E BROADWAY,42.33554421,-71.0407501,0,42.33554421,-71.0407501,0,0,Night,1,1,Winter,1,7,Traffic,1,5.0,0.0,3.0,2.0,0.0
I172032263,3805,Motor Vehicle Accident Response,M/V ACCIDENT - POLICE VEHICLE,C11,367,,2017-04-25T17:11:00.000-04:00,2017,4,Tuesday,17,Part Three,GIBSON ST,42.29755533,-71.0597091,0,42.29755533,-71.0597091,0,0,Evening,0,1,Spring,2,2,Traffic,0,1.0,1.0,1.0,2.0,0.0
I162037733,413,Aggravated Assault,ASSAULT - AGGRAVATED - BATTERY,C11,333,,2016-05-14T20:21:00.000-04:00,2016,5,Saturday,20,Part One,MOUNT EVERETT ST,42.31013569,-71.0702931,0,42.31013569,-71.0702931,0,0,Evening,1,3,Spring,2,6,Violent,0,1.0,1.0,1.0,3.0,2.0
I172034099,3201,Property Lost,PROPERTY - LOST,D4,620,,2017-04-28T02:00:00.000-04:00,2017,4,Friday,2,Part Three,HEMENWAY ST,42.34669151,-71.08915488,0,42.34669151,-71.08915488,0,0,Night,0,1,Spring,2,5,Other,1,3.0,0.0,1.0,0.0,0.0
I172028026,3114,Investigate Property,INVESTIGATE PROPERTY,UNKNOWN,"",,2017-04-11T02:21:00.000-04:00,2017,4,Tuesday,2,Part Three,COAST GUARD BASE,-1.0,-1.0,0,-1.0,-1.0,0,0,Night,0,1,Spring,2,2,Other,1,12.0,0.0,1.0,0.0,0.0
I162042899,3301,Verbal Disputes,VERBAL DISPUTE,B3,437,,2016-06-01T00:50:00.000-04:00,2016,6,Wednesday,0,Part Three,DARLINGTON ST,42.28927826,-71.07581493,0,42.28927826,-71.07581493,0,0,Night,0,1,Summer,2,3,Other,1,2.0,0.0,0.0,0.0,0.0
I172012468,3201,Property Lost,PROPERTY - LOST,A1,"",,2017-02-15T17:08:00.000-05:00,2017,2,Wednesday,17,Part Three,UNKNOWN,,,0,42.18246397604247,-70.85870749757449,1,1,Evening,0,1,Winter,1,3,Other,0,4.0,1.0,3.0,0.0,0.0
I162097464,2662,Ballistics,BALLISTICS EVIDENCE/FOUND,C11,414,,2016-11-29T17:58:00.000-05:00,2016,11,Tuesday,17,Part Two,WASHINGTON ST,42.2760195,-71.06952614,0,42.2760195,-71.06952614,0,0,Evening,0,2,Fall,4,2,Other,0,1.0,1.0,2.0,0.0,1.0
I182006191,3805,Motor Vehicle Accident Response,M/V ACCIDENT - POLICE VEHICLE,B2,313,,2018-01-24T09:36:00.000-05:00,2018,1,Wednesday,9,Part Three,HOLBORN ST,42.3153083,-71.08333147,0,42.3153083,-71.08333147,0,0,Morning,0,1,Winter,1,3,Traffic,0,0.0,3.0,3.0,2.0,0.0
I182004927,2900,Other,VAL - VIOLATION OF AUTO LAW - OTHER,D4,150,,2018-01-19T11:09:00.000-05:00,2018,1,Friday,11,Part Two,CHANDLER ST,42.34615178,-71.07404347,0,42.34615178,-71.07404347,0,0,Morning,0,2,Winter,1,5,Other,0,3.0,3.0,3.0,0.0,1.0
I182061852,3115,Investigate Person,INVESTIGATE PERSON,A7,14,,2018-08-04T18:40:00.000-04:00,2018,8,Saturday,18,Part Three,BENNINGTON ST,42.38359791,-71.01565007,0,42.38359791,-71.01565007,0,0,Evening,1,1,Summer,3,6,Other,0,10.0,1.0,0.0,0.0,0.0
I182023037,3006,Medical Assistance,SICK/INJURED/MEDICAL - PERSON,A7,34,,2018-03-28T11:03:00.000-04:00,2018,3,Wednesday,11,Part Three,MARGINAL ST,42.36423833,-71.03344046,0,42.36423833,-71.03344046,0,0,Morning,0,1,Spring,1,3,Other,0,10.0,3.0,1.0,0.0,0.0
I172029653,3115,Investigate Person,INVESTIGATE PERSON,E18,524,,2017-04-16T11:37:00.000-04:00,2017,4,Sunday,11,Part Three,BADGER RD,42.24159827,-71.1252447,0,42.24159827,-71.1252447,0,0,Morning,1,1,Spring,2,7,Other,0,7.0,3.0,1.0,0.0,0.0
I162081990,2618,Explosives,EXPLOSIVES - POSSESSION OR USE,E18,533,,2016-10-06T20:44:00.000-04:00,2016,10,Thursday,20,Part Two,ALVARADO AVE,42.24637931,-71.13627572,0,42.24637931,-71.13627572,0,0,Evening,0,2,Fall,4,4,Other,0,7.0,1.0,2.0,0.0,1.0
I182014165,3502,Missing Person Located,MISSING PERSON - LOCATED,B3,441,,2018-02-23T00:43:00.000-05:00,2018,2,Friday,0,Part Three,NIGHTINGALE ST,42.29540175,-71.08237834,0,42.29540175,-71.08237834,0,0,Night,0,1,Winter,1,5,Other,1,2.0,0.0,3.0,0.0,0.0
I162039270,2610,Other,TRESPASSING,B3,426,,2016-05-19T22:00:00.000-04:00,2016,5,Thursday,22,Part Two,HARRISON AVE,42.33555954,-71.07436364,0,42.33555954,-71.07436364,0,0,Night,0,2,Spring,2,4,Other,1,2.0,0.0,1.0,0.0,1.0
I172027262,3125,Warrant Arrests,WARRANT ARREST,C11,367,,2017-04-08T07:51:00.000-04:00,2017,4,Saturday,7,Part Three,GIBSON ST,42.29755533,-71.0597091,0,42.29755533,-71.0597091,0,0,Morning,1,1,Spring,2,6,Other,0,1.0,3.0,1.0,0.0,0.0
I182000530,3803,Motor Vehicle Accident Response,M/V ACCIDENT - PERSONAL INJURY,D4,"",,2018-01-03T02:30:00.000-05:00,2018,1,Wednesday,2,Part Three,HERALD ST,,,0,42.18246397604247,-70.85870749757449,1,1,Night,0,1,Winter,1,3,Traffic,1,3.0,0.0,3.0,2.0,0.0
I162036190,3006,Medical Assistance,SICK/INJURED/MEDICAL - PERSON,E5,724,,2016-05-09T19:42:00.000-04:00,2016,5,Monday,19,Part Three,VFW PKWY,42.26932098,-71.17204938,0,42.26932098,-71.17204938,0,0,Evening,0,1,Spring,2,1,Other,0,9.0,1.0,1.0,0.0,0.0
I172044086,3831,Motor Vehicle Accident Response,M/V - LEAVING SCENE - PROPERTY DAMAGE,A1,83,,2017-06-03T17:33:00.000-04:00,2017,6,Saturday,17,Part Three,HANOVER ST,42.36569936,-71.05289203,0,42.36569936,-71.05289203,0,0,Evening,1,1,Summer,2,6,Traffic,0,4.0,1.0,0.0,2.0,0.0
I172045803,619,Larceny,LARCENY ALL OTHERS,A15,900,,2017-06-08T18:00:00.000-04:00,2017,6,Thursday,18,Part One,BUNKER HILL ST,42.37736388,-71.05791376,0,42.37736388,-71.05791376,0,0,Evening,0,3,Summer,2,4,Property,0,11.0,1.0,0.0,1.0,2.0
I182062618,1102,Fraud,FRAUD - FALSE PRETENSE / SCHEME,C11,342,,2018-07-31T00:00:00.000-04:00,2018,7,Tuesday,0,Part Two,GENEVA AVE,42.30209614,-71.06922842,0,42.30209614,-71.06922842,0,0,Night,0,2,Summer,3,2,Other,1,1.0,0.0,0.0,0.0,1.0
I162017670,522,Residential Burglary,BURGLARY - RESIDENTIAL - NO FORCE,A15,38,,2016-03-06T04:00:00.000-05:00,2016,3,Sunday,4,Part One,EIGHTH ST,42.37474921,-71.05270605,0,42.37474921,-71.05270605,0,0,Night,1,3,Spring,1,7,Property,0,11.0,0.0,1.0,1.0,2.0
I182021895,361,Robbery,ROBBERY - OTHER,E18,940,,2018-03-24T00:47:36.000-04:00,2018,3,Saturday,0,Part One,NEWACRE RD,42.24550885,-71.11889368,0,42.24550885,-71.11889368,0,0,Night,1,3,Spring,1,6,Violent,1,7.0,0.0,1.0,3.0,2.0
I162010201,802,Simple Assault,ASSAULT SIMPLE - BATTERY,B2,320,,2016-02-07T08:15:00.000-05:00,2016,2,Sunday,8,Part Two,CHENEY ST,42.30882778,-71.0841498,0,42.30882778,-71.0841498,0,0,Morning,1,2,Winter,1,7,Violent,0,0.0,3.0,3.0,3.0,1.0
I162078920,611,Larceny,LARCENY PICK-POCKET,B2,288,,2016-09-26T18:45:00.000-04:00,2016,9,Monday,18,Part One,WASHINGTON ST,42.32925905,-71.08482402,0,42.32925905,-71.08482402,0,0,Evening,0,3,Fall,3,1,Property,0,0.0,1.0,2.0,1.0,2.0
I152069457,3501,Missing Person Reported,MISSING PERSON,E5,822,,2015-08-21T22:00:00.000-04:00,2015,8,Friday,22,Part Three,GEORGETOWNE DR,42.25943465,-71.14798064,0,42.25943465,-71.14798064,0,0,Night,0,1,Summer,3,5,Other,1,9.0,0.0,0.0,0.0,0.0
I152053401,3625,Other,DANGEROUS OR HAZARDOUS CONDITION,E13,644,,2015-06-28T06:09:00.000-04:00,2015,6,Sunday,6,Part Three,HOLBROOK ST,42.31030262,-71.11729257,0,42.31030262,-71.11729257,0,0,Morning,1,1,Summer,2,7,Other,0,6.0,3.0,0.0,0.0,0.0
I172026603,3114,Investigate Property,INVESTIGATE PROPERTY,A1,111,,2017-04-05T21:56:00.000-04:00,2017,4,Wednesday,21,Part Three,WINTER ST,42.35602373,-71.06177615,0,42.35602373,-71.06177615,0,0,Night,0,1,Spring,2,3,Other,0,4.0,0.0,1.0,0.0,0.0
I172082831,802,Simple Assault,ASSAULT SIMPLE - BATTERY,C6,193,,2017-10-04T18:10:00.000-04:00,2017,10,Wednesday,18,Part Two,COLUMBIA ROAD ROTARY,42.329318,-71.052626,0,42.329318,-71.052626,0,0,Evening,0,2,Fall,4,3,Violent,0,5.0,1.0,2.0,3.0,1.0
I172101545,706,Auto Theft,AUTO THEFT - MOTORCYCLE / SCOOTER,B2,281,,2017-12-01T08:00:00.000-05:00,2017,12,Friday,8,Part One,DUDLEY ST,42.32849143,-71.08121253,0,42.32849143,-71.08121253,0,0,Morning,0,3,Winter,4,5,Property,0,0.0,3.0,3.0,1.0,2.0
I172077229,3115,Investigate Person,INVESTIGATE PERSON,B2,566,,2017-09-16T21:59:00.000-04:00,2017,9,Saturday,21,Part Three,BLUE HILL AVE,42.30391522,-71.08510251,0,42.30391522,-71.08510251,0,0,Night,1,1,Fall,3,6,Other,0,0.0,0.0,2.0,0.0,0.0
I182056962,361,Robbery,ROBBERY - OTHER,E13,906,,2018-07-19T20:21:00.000-04:00,2018,7,Thursday,20,Part One,WALDEN ST,42.32561013,-71.10449956,0,42.32561013,-71.10449956,0,0,Evening,0,3,Summer,3,4,Violent,0,6.0,1.0,0.0,3.0,2.0
I162102494,3201,Property Lost,PROPERTY - LOST,B3,444,,2016-12-16T14:00:00.000-05:00,2016,12,Friday,14,Part Three,WEST ST,42.35500441,-71.06300728,0,42.35500441,-71.06300728,0,0,Afternoon,0,1,Winter,4,5,Other,0,2.0,2.0,3.0,0.0,0.0
I152106811,619,Larceny,LARCENY ALL OTHERS,B3,463,,2015-12-27T17:48:00.000-05:00,2015,12,Sunday,17,Part One,BLUE HILL AVE,42.2973366,-71.08729604,0,42.2973366,-71.08729604,0,0,Evening,1,3,Winter,4,7,Property,0,2.0,1.0,3.0,1.0,2.0
I162053790,614,Larceny From Motor Vehicle,LARCENY THEFT FROM MV - NON-ACCESSORY,B2,179,,2016-07-03T04:00:00.000-04:00,2016,7,Sunday,4,Part One,READING ST,42.33110748,-71.07357194,0,42.33110748,-71.07357194,0,0,Night,1,3,Summer,3,7,Property,0,0.0,0.0,0.0,1.0,2.0
I152088273,3501,Missing Person Reported,MISSING PERSON,B3,446,,2015-10-23T18:00:00.000-04:00,2015,10,Friday,18,Part Three,ATHELWOLD ST,42.29603943,-71.07717023,0,42.29603943,-71.07717023,0,0,Evening,0,1,Fall,4,5,Other,0,2.0,1.0,2.0,0.0,0.0
I172038517,3802,Motor Vehicle Accident Response,M/V ACCIDENT - PROPERTY  DAMAGE,B3,"",,2017-05-16T16:23:00.000-04:00,2017,5,Tuesday,16,Part Three,CUMMINS HWY,,,0,42.18246397604247,-70.85870749757449,1,1,Afternoon,0,1,Spring,2,2,Traffic,0,2.0,2.0,1.0,2.0,0.0
I162071129,3410,Towed,TOWED MOTOR VEHICLE,A1,80,,2016-09-01T10:47:00.000-04:00,2016,9,Thursday,10,Part Three,HULL ST,42.36700659,-71.05629777,0,42.36700659,-71.05629777,0,0,Morning,0,1,Fall,3,4,Other,0,4.0,3.0,2.0,0.0,0.0
I152071977,614,Larceny From Motor Vehicle,LARCENY THEFT FROM MV - NON-ACCESSORY,D4,626,,2015-08-29T12:00:00.000-04:00,2015,8,Saturday,12,Part One,QUEENSBERRY ST,42.34255587,-71.09807867,0,42.34255587,-71.09807867,0,0,Afternoon,1,3,Summer,3,6,Property,0,3.0,2.0,0.0,1.0,2.0
I152094824,3115,Investigate Person,INVESTIGATE PERSON,C11,348,,2015-11-15T03:06:00.000-05:00,2015,11,Sunday,3,Part Three,DORCHESTER AVE,42.30559368,-71.05887861,0,42.30559368,-71.05887861,0,0,Night,1,1,Fall,4,7,Other,1,1.0,0.0,2.0,0.0,0.0
I182013825,2629,Harassment,HARASSMENT,B3,417,,2018-02-21T14:00:00.000-05:00,2018,2,Wednesday,14,Part Two,STOCKTON ST,42.28265604,-71.07374541,0,42.28265604,-71.07374541,0,0,Afternoon,0,2,Winter,1,3,Other,0,2.0,2.0,3.0,0.0,1.0
I172014642,3502,Missing Person Located,MISSING PERSON - LOCATED,B2,304,,2017-02-21T18:00:00.000-05:00,2017,2,Tuesday,18,Part Three,WASHINGTON ST,42.31851534,-71.09560596,0,42.31851534,-71.09560596,0,0,Evening,0,1,Winter,1,2,Other,0,0.0,1.0,3.0,0.0,0.0
I152104892,2900,Other,VAL - VIOLATION OF AUTO LAW - OTHER,C11,360,,2015-12-20T12:32:00.000-05:00,2015,12,Sunday,12,Part Two,DORCHESTER AVE,42.29861807,-71.06064186,0,42.29861807,-71.06064186,0,0,Afternoon,1,2,Winter,4,7,Other,0,1.0,2.0,3.0,0.0,1.0
I172029907,3803,Motor Vehicle Accident Response,M/V ACCIDENT - PERSONAL INJURY,E5,724,,2017-04-17T12:10:00.000-04:00,2017,4,Monday,12,Part Three,VFW PKWY,42.2711311,-71.17267965,0,42.2711311,-71.17267965,0,0,Afternoon,0,1,Spring,2,1,Traffic,0,9.0,2.0,1.0,2.0,0.0
I152052784,3160,Fire Related Reports,"FIRE REPORT - CAR, BRUSH, ETC.",B3,465,,2015-06-26T04:46:00.000-04:00,2015,6,Friday,4,Part Three,BAIRD ST,42.28555729,-71.0911249,0,42.28555729,-71.0911249,0,0,Night,0,1,Summer,2,5,Other,0,2.0,0.0,0.0,0.0,0.0
I172085395,3115,Investigate Person,INVESTIGATE PERSON,C11,340,,2017-10-13T05:40:10.000-04:00,2017,10,Friday,5,Part Three,FOX ST,42.30665904,-71.06256742,0,42.30665904,-71.06256742,0,0,Night,0,1,Fall,4,5,Other,0,1.0,0.0,2.0,0.0,0.0
I152061008,802,Simple Assault,ASSAULT SIMPLE - BATTERY,B2,184,,2015-07-23T20:36:00.000-04:00,2015,7,Thursday,20,Part Two,HUMPHREYS ST,42.31949081,-71.06627425,0,42.31949081,-71.06627425,0,0,Evening,0,2,Summer,3,4,Violent,0,0.0,1.0,0.0,3.0,1.0
I172055964,301,Robbery,ROBBERY - STREET,A1,101,,2017-07-11T09:56:00.000-04:00,2017,7,Tuesday,9,Part One,INDIA ST,42.35847666,-71.05324087,0,42.35847666,-71.05324087,0,0,Morning,0,3,Summer,3,2,Violent,0,4.0,3.0,0.0,3.0,2.0
I162083148,3410,Towed,TOWED MOTOR VEHICLE,E5,564,,2016-10-10T21:37:00.000-04:00,2016,10,Monday,21,Part Three,WASHINGTON ST,42.29492396,-71.11910662,0,42.29492396,-71.11910662,0,0,Night,0,1,Fall,4,1,Other,0,9.0,0.0,2.0,0.0,0.0
I162013725,802,Simple Assault,ASSAULT SIMPLE - BATTERY,D4,156,,2016-02-21T03:44:00.000-05:00,2016,2,Sunday,3,Part Two,W SPRINGFIELD ST,42.33795319,-71.0774931,0,42.33795319,-71.0774931,0,0,Night,1,2,Winter,1,7,Violent,1,3.0,0.0,3.0,3.0,1.0
I182058675,3115,Investigate Person,INVESTIGATE PERSON,C6,225,,2018-07-25T14:16:00.000-04:00,2018,7,Wednesday,14,Part Three,G ST,42.33418306,-71.0442171,0,42.33418306,-71.0442171,0,0,Afternoon,0,1,Summer,3,3,Other,0,5.0,2.0,0.0,0.0,0.0
I162000583,1402,Vandalism,VANDALISM,A15,41,,2016-01-02T18:30:00.000-05:00,2016,1,Saturday,18,Part Two,FERRIN ST,42.3758558,-71.05659842,0,42.3758558,-71.05659842,0,0,Evening,1,2,Winter,1,6,Property,0,11.0,1.0,3.0,1.0,1.0
I182052176,3125,Warrant Arrests,WARRANT ARREST,B2,280,,2018-07-03T12:23:00.000-04:00,2018,7,Tuesday,12,Part Three,MARTIN LUTHER KING JR BLV,42.31860134,-71.08405792,0,42.31860134,-71.08405792,0,0,Afternoon,0,1,Summer,3,2,Other,0,0.0,2.0,0.0,0.0,0.0
I152064745,3109,Police Service Incidents,SERVICE TO OTHER PD INSIDE OF MA.,C6,207,,2015-08-05T17:12:00.000-04:00,2015,8,Wednesday,17,Part Three,COURTHOUSE WAY,42.35404844,-71.04639023,0,42.35404844,-71.04639023,0,0,Evening,0,1,Summer,3,3,Other,0,5.0,1.0,0.0,0.0,0.0
I182060691,619,Larceny,LARCENY ALL OTHERS,E13,579,,2018-07-27T11:00:00.000-04:00,2018,7,Friday,11,Part One,CENTRE ST,42.32287413,-71.10155354,0,42.32287413,-71.10155354,0,0,Morning,0,3,Summer,3,5,Property,0,6.0,3.0,0.0,1.0,2.0
I172019259,423,Aggravated Assault,ASSAULT - AGGRAVATED,E5,563,,2017-03-11T08:13:00.000-05:00,2017,3,Saturday,8,Part One,WASHINGTON ST,42.28915799,-71.12522353,0,42.28915799,-71.12522353,0,0,Morning,1,3,Spring,1,6,Violent,0,9.0,3.0,1.0,3.0,2.0
I152083575,3301,Verbal Disputes,VERBAL DISPUTE,C11,462,,2015-10-08T04:45:25.000-04:00,2015,10,Thursday,4,Part Three,BOWDOIN ST,42.30291764,-71.07150861,0,42.30291764,-71.07150861,0,0,Night,0,1,Fall,4,4,Other,0,1.0,0.0,2.0,0.0,0.0
I172064744,3001,Medical Assistance,DEATH INVESTIGATION,C11,382,,2017-08-08T01:48:00.000-04:00,2017,8,Tuesday,1,Part Three,MYRTLEBANK AVE,42.27993887,-71.05290417,0,42.27993887,-71.05290417,0,0,Night,0,1,Summer,3,2,Other,1,1.0,0.0,0.0,0.0,0.0
I162034384,3109,Police Service Incidents,SERVICE TO OTHER PD INSIDE OF MA.,B2,289,,2016-05-03T15:35:00.000-04:00,2016,5,Tuesday,15,Part Three,SCHROEDER PLZ,42.33367922,-71.09187755,0,42.33367922,-71.09187755,0,0,Afternoon,0,1,Spring,2,2,Other,0,0.0,2.0,1.0,0.0,0.0
I162053164,3018,Medical Assistance,SICK/INJURED/MEDICAL - POLICE,A15,900,,2016-07-04T22:36:00.000-04:00,2016,7,Monday,22,Part Three,MCNULTY CT,42.37865852,-71.05769433,0,42.37865852,-71.05769433,0,0,Night,0,1,Summer,3,1,Other,1,11.0,0.0,0.0,0.0,0.0
I162064959,3201,Property Lost,PROPERTY - LOST,E18,480,,2016-08-12T17:05:00.000-04:00,2016,8,Friday,17,Part Three,FAIRLAWN AVE,42.26788791,-71.10067012,0,42.26788791,-71.10067012,0,0,Evening,0,1,Summer,3,5,Other,0,7.0,1.0,0.0,0.0,0.0
I162010819,3501,Missing Person Reported,MISSING PERSON,E13,582,,2016-02-09T14:50:00.000-05:00,2016,2,Tuesday,14,Part Three,WARREN ST,42.34946444,-71.14270449,0,42.34946444,-71.14270449,0,0,Afternoon,0,1,Winter,1,2,Other,0,6.0,2.0,3.0,0.0,0.0
I152090288,617,Larceny,LARCENY THEFT FROM BUILDING,A7,23,,2015-10-31T11:15:00.000-04:00,2015,10,Saturday,11,Part One,LEXINGTON ST,42.37773566,-71.03743771,0,42.37773566,-71.03743771,0,0,Morning,1,3,Fall,4,6,Property,0,10.0,3.0,2.0,1.0,2.0
I172054992,3006,Medical Assistance,SICK/INJURED/MEDICAL - PERSON,B3,472,,2017-07-07T23:19:00.000-04:00,2017,7,Friday,23,Part Three,BLUE HILL AVE,42.27386225,-71.09369539,0,42.27386225,-71.09369539,0,0,Night,0,1,Summer,3,5,Other,1,2.0,0.0,0.0,0.0,0.0
I172051656,613,Larceny,LARCENY SHOPLIFTING,A1,94,,2017-06-27T11:19:00.000-04:00,2017,6,Tuesday,11,Part One,STATE ST,42.35942556,-71.05288819,0,42.35942556,-71.05288819,0,0,Morning,0,3,Summer,2,2,Property,0,4.0,3.0,0.0,1.0,2.0
I152057511,614,Larceny From Motor Vehicle,LARCENY THEFT FROM MV - NON-ACCESSORY,D4,160,,2015-07-11T19:00:00.000-04:00,2015,7,Saturday,19,Part One,SHAWMUT AVE,42.34277705,-71.06952709,0,42.34277705,-71.06952709,0,0,Evening,1,3,Summer,3,6,Property,0,3.0,1.0,0.0,1.0,2.0
I172022090,3831,Motor Vehicle Accident Response,M/V - LEAVING SCENE - PROPERTY DAMAGE,E18,490,,2017-03-20T20:30:00.000-04:00,2017,3,Monday,20,Part Three,WOOD AVE,42.27127997,-71.11028729,0,42.27127997,-71.11028729,0,0,Evening,0,1,Spring,1,1,Traffic,0,7.0,1.0,1.0,2.0,0.0
I152070555,3115,Investigate Person,INVESTIGATE PERSON,A7,25,,2015-08-25T18:32:00.000-04:00,2015,8,Tuesday,18,Part Three,W EAGLE ST,42.38135785,-71.03768163,0,42.38135785,-71.03768163,0,0,Evening,0,1,Summer,3,2,Other,0,10.0,1.0,0.0,0.0,0.0
I162003915,2907,Violations,VAL - OPERATING AFTER REV/SUSP.,B2,586,,2016-01-15T08:18:00.000-05:00,2016,1,Friday,8,Part Two,NEW HEATH ST,42.326372,-71.09971,0,42.326372,-71.09971,0,0,Morning,0,2,Winter,1,5,Other,0,0.0,3.0,3.0,0.0,1.0
I172048930,542,Commercial Burglary,BURGLARY - COMMERICAL - NO FORCE,D14,803,,2017-06-19T03:57:00.000-04:00,2017,6,Monday,3,Part One,BRAINTREE ST,42.35631415,-71.13567792,0,42.35631415,-71.13567792,0,0,Night,0,3,Summer,2,1,Property,1,8.0,0.0,0.0,1.0,2.0
I182012177,802,Simple Assault,ASSAULT SIMPLE - BATTERY,D14,780,,2018-02-15T15:40:00.000-05:00,2018,2,Thursday,15,Part Two,MARKET ST,42.35580706,-71.14932167,0,42.35580706,-71.14932167,0,0,Afternoon,0,2,Winter,1,4,Violent,0,8.0,2.0,3.0,3.0,1.0
I162025639,617,Larceny,LARCENY THEFT FROM BUILDING,D4,628,,2016-04-02T20:51:00.000-04:00,2016,4,Saturday,20,Part One,BROOKLINE AVE,42.34698823,-71.09874531,0,42.34698823,-71.09874531,0,0,Evening,1,3,Spring,2,6,Property,0,3.0,1.0,1.0,1.0,2.0
I182060406,724,Auto Theft,AUTO THEFT,C6,219,,2018-07-30T10:00:00.000-04:00,2018,7,Monday,10,Part One,TELEGRAPH ST,42.33294507,-71.04863673,0,42.33294507,-71.04863673,0,0,Morning,0,3,Summer,3,1,Property,0,5.0,3.0,0.0,1.0,2.0
I182008784,2007,Restraining Order Violations,VIOL. OF RESTRAINING ORDER W NO ARREST,D4,594,,2018-02-01T21:05:00.000-05:00,2018,2,Thursday,21,Part Two,SAINT BOTOLPH ST,42.3414751,-71.08495034,0,42.3414751,-71.08495034,0,0,Night,0,2,Winter,1,4,Other,0,3.0,0.0,3.0,0.0,1.0
I172078501,2405,Disorderly Conduct,DISORDERLY CONDUCT,B2,289,,2017-09-21T07:45:00.000-04:00,2017,9,Thursday,7,Part Two,MALCOLM X BLVD,42.33123776,-71.09140736,0,42.33123776,-71.09140736,0,0,Morning,0,2,Fall,3,4,Other,0,0.0,3.0,2.0,0.0,1.0
I162053758,617,Larceny,LARCENY THEFT FROM BUILDING,C6,913,,2016-06-30T17:20:00.000-04:00,2016,6,Thursday,17,Part One,BEACH POINT PL,42.31887581,-71.03999474,0,42.31887581,-71.03999474,0,0,Evening,0,3,Summer,2,4,Property,0,5.0,1.0,0.0,1.0,2.0
I182018576,3006,Medical Assistance,SICK/INJURED/MEDICAL - PERSON,C11,356,,2018-03-11T16:53:00.000-04:00,2018,3,Sunday,16,Part Three,GENEVA AVE,42.29848866,-71.06313294,0,42.29848866,-71.06313294,0,0,Afternoon,1,1,Spring,1,7,Other,0,1.0,2.0,1.0,0.0,0.0
I172005202,3831,Motor Vehicle Accident Response,M/V - LEAVING SCENE - PROPERTY DAMAGE,D4,130,,2017-01-18T18:45:00.000-05:00,2017,1,Wednesday,18,Part Three,BOYLSTON ST,42.34980175,-71.07840978,0,42.34980175,-71.07840978,0,0,Evening,0,1,Winter,1,3,Traffic,0,3.0,1.0,3.0,2.0,0.0
I172085671,3831,Motor Vehicle Accident Response,M/V - LEAVING SCENE - PROPERTY DAMAGE,D14,"",,2017-10-13T22:33:00.000-04:00,2017,10,Friday,22,Part Three,CAMBRIDGE ST,,,0,42.18246397604247,-70.85870749757449,1,1,Night,0,1,Fall,4,5,Traffic,1,8.0,0.0,2.0,2.0,0.0
I152090266,3831,Motor Vehicle Accident Response,M/V - LEAVING SCENE - PROPERTY DAMAGE,B2,268,,2015-10-31T11:58:00.000-04:00,2015,10,Saturday,11,Part Three,EUSTIS ST,42.32854498,-71.07726702,0,42.32854498,-71.07726702,0,0,Morning,1,1,Fall,4,6,Traffic,0,0.0,3.0,2.0,2.0,0.0
I152070393,2900,Other,VAL - VIOLATION OF AUTO LAW - OTHER,B2,310,,2015-08-25T11:00:00.000-04:00,2015,8,Tuesday,11,Part Two,UNKNOWN,,,0,42.18246397604247,-70.85870749757449,1,1,Morning,0,2,Summer,3,2,Other,0,0.0,3.0,0.0,0.0,1.0
I152077217,3830,Motor Vehicle Accident Response,M/V - LEAVING SCENE - PERSONAL INJURY,B3,426,,2015-09-17T01:25:00.000-04:00,2015,9,Thursday,1,Part Three,BLUE HILL AVE,42.267716,-71.093708,0,42.267716,-71.093708,0,0,Night,0,1,Fall,3,4,Traffic,1,2.0,0.0,2.0,2.0,0.0
I152054572,520,Residential Burglary,BURGLARY - RESIDENTIAL - FORCE,D4,148,,2015-07-02T08:57:00.000-04:00,2015,7,Thursday,8,Part One,COLUMBUS AVE,42.34242808,-71.07952412,0,42.34242808,-71.07952412,0,0,Morning,0,3,Summer,3,4,Property,0,3.0,3.0,0.0,1.0,2.0
I162038718,3115,Investigate Person,INVESTIGATE PERSON,C11,362,,2016-05-18T09:49:00.000-04:00,2016,5,Wednesday,9,Part Three,KENWOOD ST,42.29191251,-71.07049431,0,42.29191251,-71.07049431,0,0,Morning,0,1,Spring,2,3,Other,0,1.0,3.0,1.0,0.0,0.0
I182036280,3301,Verbal Disputes,VERBAL DISPUTE,C11,334,,2018-05-13T09:19:00.000-04:00,2018,5,Sunday,9,Part Three,HOWE ST,42.31136188,-71.0644231,0,42.31136188,-71.0644231,0,0,Morning,1,1,Spring,2,7,Other,0,1.0,3.0,1.0,0.0,0.0
I172042347,802,Simple Assault,ASSAULT SIMPLE - BATTERY,D4,618,,2017-05-28T20:00:00.000-04:00,2017,5,Sunday,20,Part Two,HUNTINGTON AVE,42.34091586,-71.08771531,0,42.34091586,-71.08771531,0,0,Evening,1,2,Spring,2,7,Violent,0,3.0,1.0,1.0,3.0,1.0
I172061654,615,Larceny From Motor Vehicle,LARCENY THEFT OF MV PARTS & ACCESSORIES,C11,342,,2017-07-29T13:54:00.000-04:00,2017,7,Saturday,13,Part One,HOMES AVE,42.30288397,-71.06918798,0,42.30288397,-71.06918798,0,0,Afternoon,1,3,Summer,3,6,Property,0,1.0,2.0,0.0,1.0,2.0
I182053049,2647,Other,THREATS TO DO BODILY HARM,D4,168,,2018-07-05T16:00:00.000-04:00,2018,7,Thursday,16,Part Two,WASHINGTON ST,42.33816387,-71.07461217,0,42.33816387,-71.07461217,0,0,Afternoon,0,2,Summer,3,4,Other,0,3.0,2.0,0.0,0.0,1.0
I162102376,3125,Warrant Arrests,WARRANT ARREST,A7,17,,2016-12-16T10:44:00.000-05:00,2016,12,Friday,10,Part Three,PRINCETON ST,42.38043397,-71.02817842,0,42.38043397,-71.02817842,0,0,Morning,0,1,Winter,4,5,Other,0,10.0,3.0,3.0,0.0,0.0
I152095169,1831,Drug Violation,DRUGS - SICK ASSIST - OTHER NARCOTIC,D4,"",,2015-11-16T14:11:12.000-05:00,2015,11,Monday,14,Part Two,UNKNOWN,,,0,42.18246397604247,-70.85870749757449,1,1,Afternoon,0,2,Fall,4,1,Drug,0,3.0,2.0,2.0,4.0,1.0
I152089826,3301,Verbal Disputes,VERBAL DISPUTE,C11,336,,2015-10-29T20:26:00.000-04:00,2015,10,Thursday,20,Part Three,HAMILTON ST,42.30816879,-71.06964861,0,42.30816879,-71.06964861,0,0,Evening,0,1,Fall,4,4,Other,0,1.0,1.0,2.0,0.0,0.0
I162057998,3114,Investigate Property,INVESTIGATE PROPERTY,B2,325,,2016-07-21T01:12:00.000-04:00,2016,7,Thursday,1,Part Three,HUMPHREYS PL,,,0,42.18246397604247,-70.85870749757449,1,1,Night,0,1,Summer,3,4,Other,1,0.0,0.0,0.0,0.0,0.0
I182032395,3502,Missing Person Located,MISSING PERSON - LOCATED,B2,281,,2018-04-30T16:49:00.000-04:00,2018,4,Monday,16,Part Three,GREENVILLE ST,42.32696802,-71.08051941,0,42.32696802,-71.08051941,0,0,Afternoon,0,1,Spring,2,1,Other,0,0.0,2.0,1.0,0.0,0.0
I172002215,2647,Other,THREATS TO DO BODILY HARM,C6,936,,2017-01-06T14:40:00.000-05:00,2017,1,Friday,14,Part Two,D ST,42.33794261,-71.05184093,0,42.33794261,-71.05184093,0,0,Afternoon,0,2,Winter,1,5,Other,0,5.0,2.0,3.0,0.0,1.0
I162003662,613,Larceny,LARCENY SHOPLIFTING,D4,142,,2016-01-14T10:10:00.000-05:00,2016,1,Thursday,10,Part One,NEWBURY ST,42.34840576,-71.08688339,0,42.34840576,-71.08688339,0,0,Morning,0,3,Winter,1,4,Property,0,3.0,3.0,3.0,1.0,2.0
I182046307,3006,Medical Assistance,SICK/INJURED/MEDICAL - PERSON,E5,723,,2018-06-14T15:23:00.000-04:00,2018,6,Thursday,15,Part Three,GOULD ST,42.27126158,-71.16762399,0,42.27126158,-71.16762399,0,0,Afternoon,0,1,Summer,2,4,Other,0,9.0,2.0,0.0,0.0,0.0
I162015431,3803,Motor Vehicle Accident Response,M/V ACCIDENT - PERSONAL INJURY,E18,"",,2016-02-27T05:56:00.000-05:00,2016,2,Saturday,5,Part Three,UNKNOWN,,,0,42.18246397604247,-70.85870749757449,1,1,Night,1,1,Winter,1,6,Traffic,0,7.0,0.0,3.0,2.0,0.0
I162042886,802,Simple Assault,ASSAULT SIMPLE - BATTERY,A1,105,,2016-05-31T21:30:00.000-04:00,2016,5,Tuesday,21,Part Two,FRUIT ST,42.36240281,-71.06954652,0,42.36240281,-71.06954652,0,0,Night,0,2,Spring,2,2,Violent,0,4.0,0.0,1.0,3.0,1.0
I162014745,3301,Verbal Disputes,VERBAL DISPUTE,C6,915,,2016-02-24T20:46:00.000-05:00,2016,2,Wednesday,20,Part Three,PATTERSON WAY,42.33042505,-71.05237796,0,42.33042505,-71.05237796,0,0,Evening,0,1,Winter,1,3,Other,0,5.0,1.0,3.0,0.0,0.0
I152058031,2905,Violations,VAL - OPERATING WITHOUT LICENSE,C11,254,,2015-07-14T00:46:00.000-04:00,2015,7,Tuesday,0,Part Two,DORCHESTER AVE,42.30854728,-71.05821219,0,42.30854728,-71.05821219,0,0,Night,0,2,Summer,3,2,Other,1,1.0,0.0,0.0,0.0,1.0
I182016771,3115,Investigate Person,INVESTIGATE PERSON,C11,389,,2018-03-04T19:14:00.000-05:00,2018,3,Sunday,19,Part Three,GRANITE AVE,42.28221207,-71.05556154,0,42.28221207,-71.05556154,0,0,Evening,1,1,Spring,1,7,Other,0,1.0,1.0,1.0,0.0,0.0
I172043403,2647,Other,THREATS TO DO BODILY HARM,C6,914,,2017-06-01T14:33:00.000-04:00,2017,6,Thursday,14,Part Two,OLD COLONY AVE,42.32335251,-71.05241954,0,42.32335251,-71.05241954,0,0,Afternoon,0,2,Summer,2,4,Other,0,5.0,2.0,0.0,0.0,1.0
I182000884,3001,Medical Assistance,DEATH INVESTIGATION,D4,905,,2018-01-04T10:16:00.000-05:00,2018,1,Thursday,10,Part Three,HARRISON AVE,42.33555954,-71.07436364,0,42.33555954,-71.07436364,0,0,Morning,0,1,Winter,1,4,Other,0,3.0,3.0,3.0,0.0,0.0
I162047573,3205,License Plate Related Incidents,M/V PLATES - LOST,E18,485,,2016-06-16T02:05:00.000-04:00,2016,6,Thursday,2,Part Three,ALPINE ST,42.26461393,-71.10173362,0,42.26461393,-71.10173362,0,0,Night,0,1,Summer,2,4,Other,1,7.0,0.0,0.0,0.0,0.0
I172008518,617,Larceny,LARCENY THEFT FROM BUILDING,E18,784,,2017-01-31T17:32:00.000-05:00,2017,1,Tuesday,17,Part One,WARREN ST,42.34988575,-71.14522971,0,42.34988575,-71.14522971,0,0,Evening,0,3,Winter,1,2,Property,0,7.0,1.0,3.0,1.0,2.0
I162030240,3006,Medical Assistance,SICK/INJURED/MEDICAL - PERSON,E5,726,,2016-04-19T08:55:00.000-04:00,2016,4,Tuesday,8,Part Three,SPRING ST,42.27757964,-71.16274799,0,42.27757964,-71.16274799,0,0,Morning,0,1,Spring,2,2,Other,0,9.0,3.0,1.0,0.0,0.0
I182028605,735,Auto Theft Recovery,RECOVERED - MV RECOVERED IN BOSTON (STOLEN OUTSIDE BOSTON),B2,267,,2018-04-17T10:50:00.000-04:00,2018,4,Tuesday,10,Other,FOREST ST,42.32681883,-71.07779112,0,42.32681883,-71.07779112,0,0,Morning,0,0,Spring,2,2,Property,0,0.0,3.0,1.0,1.0,3.0
I172045251,3810,Motor Vehicle Accident Response,M/V ACCIDENT - INVOLVING  BICYCLE - INJURY,E13,"",,2017-06-07T17:21:00.000-04:00,2017,6,Wednesday,17,Part Three,UNKNOWN,42.32610989,-71.10461123,0,42.32610989,-71.10461123,0,0,Evening,0,1,Summer,2,3,Traffic,0,6.0,1.0,0.0,2.0,0.0
I162078457,3115,Investigate Person,INVESTIGATE PERSON,D4,594,,2016-09-25T09:29:00.000-04:00,2016,9,Sunday,9,Part Three,MASSACHUSETTS AVE,42.34186952,-71.0837219,0,42.34186952,-71.0837219,0,0,Morning,1,1,Fall,3,7,Other,0,3.0,3.0,2.0,0.0,0.0
I162080257,2647,Other,THREATS TO DO BODILY HARM,C11,339,,2016-10-01T01:28:00.000-04:00,2016,10,Saturday,1,Part Two,CHURCH ST,42.30811624,-71.05961129,0,42.30811624,-71.05961129,0,0,Night,1,2,Fall,4,6,Other,1,1.0,0.0,2.0,0.0,1.0
I172098993,1402,Vandalism,VANDALISM,C11,357,,2017-11-28T22:49:00.000-05:00,2017,11,Tuesday,22,Part Two,WESTVILLE ST,42.30010597,-71.0710271,0,42.30010597,-71.0710271,0,0,Night,0,2,Fall,4,2,Property,1,1.0,0.0,2.0,1.0,1.0
I172051061,619,Larceny,LARCENY ALL OTHERS,D14,804,,2017-06-25T17:03:00.000-04:00,2017,6,Sunday,17,Part One,HICHBORN ST,42.35558007,-71.14378251,0,42.35558007,-71.14378251,0,0,Evening,1,3,Summer,2,7,Property,0,8.0,1.0,0.0,1.0,2.0
I172054242,613,Larceny,LARCENY SHOPLIFTING,C6,186,,2017-07-05T16:15:00.000-04:00,2017,7,Wednesday,16,Part One,ALLSTATE RD,42.32696647,-71.06198607,0,42.32696647,-71.06198607,0,0,Afternoon,0,3,Summer,3,3,Property,0,5.0,2.0,0.0,1.0,2.0
I182045532,3802,Motor Vehicle Accident Response,M/V ACCIDENT - PROPERTY  DAMAGE,C6,199,,2018-06-11T11:00:00.000-04:00,2018,6,Monday,11,Part Three,B ST,42.34009911,-71.05476254,0,42.34009911,-71.05476254,0,0,Morning,0,1,Summer,2,1,Traffic,0,5.0,3.0,0.0,2.0,0.0
I162031906,413,Aggravated Assault,ASSAULT - AGGRAVATED - BATTERY,B3,445,,2016-04-24T20:17:00.000-04:00,2016,4,Sunday,20,Part One,GREENWOOD ST,42.30007731,-71.07990164,0,42.30007731,-71.07990164,0,0,Evening,1,3,Spring,2,7,Violent,0,2.0,1.0,1.0,3.0,2.0
I172039865,2405,Disorderly Conduct,DISORDERLY CONDUCT,D4,171,,2017-05-20T15:33:00.000-04:00,2017,5,Saturday,15,Part Two,ALBANY ST,42.33428841,-71.07239518,0,42.33428841,-71.07239518,0,0,Afternoon,1,2,Spring,2,6,Other,0,3.0,2.0,1.0,0.0,1.0
I152063090,3111,License Violation,LICENSE PREMISE VIOLATION,E13,608,,2015-07-30T23:50:00.000-04:00,2015,7,Thursday,23,Part Three,S HUNTINGTON AVE,42.33136931,-71.11185116,0,42.33136931,-71.11185116,0,0,Night,0,1,Summer,3,4,Other,1,6.0,0.0,0.0,0.0,0.0
I172075484,3006,Medical Assistance,SICK/INJURED/MEDICAL - PERSON,B3,416,,2017-09-11T16:28:00.000-04:00,2017,9,Monday,16,Part Three,WILMINGTON AVE,42.2799304,-71.0741148,0,42.2799304,-71.0741148,0,0,Afternoon,0,1,Fall,3,1,Other,0,2.0,2.0,2.0,0.0,0.0
I182059648,802,Simple Assault,ASSAULT SIMPLE - BATTERY,C11,337,,2018-07-29T12:15:00.000-04:00,2018,7,Sunday,12,Part Two,OLNEY ST,42.30512773,-71.07370747,0,42.30512773,-71.07370747,0,0,Afternoon,1,2,Summer,3,7,Violent,0,1.0,2.0,0.0,3.0,1.0
I162044658,3114,Investigate Property,INVESTIGATE PROPERTY,C11,250,,2016-06-06T21:03:00.000-04:00,2016,6,Monday,21,Part Three,SAVIN HILL AVE,42.31219746,-71.05204833,0,42.31219746,-71.05204833,0,0,Night,0,1,Summer,2,1,Other,0,1.0,0.0,0.0,0.0,0.0
I162034790,613,Larceny,LARCENY SHOPLIFTING,A1,111,,2016-05-05T07:00:00.000-04:00,2016,5,Thursday,7,Part One,WASHINGTON ST,42.35272948,-71.06256291,0,42.35272948,-71.06256291,0,0,Morning,0,3,Spring,2,4,Property,0,4.0,3.0,1.0,1.0,2.0
I162088381,3114,Investigate Property,INVESTIGATE PROPERTY,D14,794,,2016-10-28T18:05:00.000-04:00,2016,10,Friday,18,Part Three,PRICE RD,42.34980866,-71.13513832,0,42.34980866,-71.13513832,0,0,Evening,0,1,Fall,4,5,Other,0,8.0,1.0,2.0,0.0,0.0
I182002195,617,Larceny,LARCENY THEFT FROM BUILDING,A1,125,,2018-01-09T15:15:00.000-05:00,2018,1,Tuesday,15,Part One,STUART ST,42.35064439,-71.06811584,0,42.35064439,-71.06811584,0,0,Afternoon,0,3,Winter,1,2,Property,0,4.0,2.0,3.0,1.0,2.0
I182016670,1402,Vandalism,VANDALISM,A1,73,,2018-03-01T20:00:00.000-05:00,2018,3,Thursday,20,Part Two,CENTER PLZ,42.35988372,-71.06016189,0,42.35988372,-71.06016189,0,0,Evening,0,2,Spring,1,4,Property,0,4.0,1.0,1.0,1.0,1.0
I162065463,3301,Verbal Disputes,VERBAL DISPUTE,C6,915,,2016-08-14T11:32:00.000-04:00,2016,8,Sunday,11,Part Three,PATTERSON WAY,42.33042505,-71.05237796,0,42.33042505,-71.05237796,0,0,Morning,1,1,Summer,3,7,Other,0,5.0,3.0,0.0,0.0,0.0
I172001666,2647,Other,THREATS TO DO BODILY HARM,C11,337,,2017-01-06T21:00:00.000-05:00,2017,1,Friday,21,Part Two,DEVON ST,42.30724276,-71.07558677,0,42.30724276,-71.07558677,0,0,Night,0,2,Winter,1,5,Other,0,1.0,0.0,3.0,0.0,1.0
I172038753,423,Aggravated Assault,ASSAULT - AGGRAVATED,D4,"",,2017-05-17T10:00:00.000-04:00,2017,5,Wednesday,10,Part One,ALBANY ST,,,0,42.18246397604247,-70.85870749757449,1,1,Morning,0,3,Spring,2,3,Violent,0,3.0,3.0,1.0,3.0,2.0
I162032387,3201,Property Lost,PROPERTY - LOST,A1,122,,2016-04-24T20:00:00.000-04:00,2016,4,Sunday,20,Part Three,TREMONT ST,42.35079907,-71.06500775,0,42.35079907,-71.06500775,0,0,Evening,1,1,Spring,2,7,Other,0,4.0,1.0,1.0,0.0,0.0
I162001582,1848,Drug Violation,DRUGS - POSS CLASS D - INTENT TO MFR DIST DISP,B3,465,,2016-01-06T18:31:00.000-05:00,2016,1,Wednesday,18,Part Two,BLUE HILL AVE,42.28482577,-71.09137369,0,42.28482577,-71.09137369,0,0,Evening,0,2,Winter,1,3,Drug,0,2.0,1.0,3.0,4.0,1.0
I162027802,613,Larceny,LARCENY SHOPLIFTING,D4,137,,2016-04-10T17:52:00.000-04:00,2016,4,Sunday,17,Part One,NEWBURY ST,42.35059717,-71.07881031,0,42.35059717,-71.07881031,0,0,Evening,1,3,Spring,2,7,Property,0,3.0,1.0,1.0,1.0,2.0
I172002217,3831,Motor Vehicle Accident Response,M/V - LEAVING SCENE - PROPERTY DAMAGE,E5,562,,2017-01-09T11:10:00.000-05:00,2017,1,Monday,11,Part Three,CUMMINS HWY,42.28621569,-71.1277758,0,42.28621569,-71.1277758,0,0,Morning,0,1,Winter,1,1,Traffic,0,9.0,3.0,3.0,2.0,0.0
I182001756,802,Simple Assault,ASSAULT SIMPLE - BATTERY,A1,"",,2018-01-08T08:00:00.000-05:00,2018,1,Monday,8,Part Two,CHARLES ST,42.36251648,-71.0706685,0,42.36251648,-71.0706685,0,0,Morning,0,2,Winter,1,1,Violent,0,4.0,3.0,3.0,3.0,1.0
I172071907,614,Larceny From Motor Vehicle,LARCENY THEFT FROM MV - NON-ACCESSORY,E13,508,,2017-08-29T22:00:00.000-04:00,2017,8,Tuesday,22,Part One,WACHUSETT ST,42.29438065,-71.11573641,0,42.29438065,-71.11573641,0,0,Night,0,3,Summer,3,2,Property,1,6.0,0.0,0.0,1.0,2.0
I152100107,3201,Property Lost,PROPERTY - LOST,B3,469,,2015-12-04T11:49:00.000-05:00,2015,12,Friday,11,Part Three,MULVEY ST,42.27924052,-71.09667382,0,42.27924052,-71.09667382,0,0,Morning,0,1,Winter,4,5,Other,0,2.0,3.0,3.0,0.0,0.0
I162069833,3410,Towed,TOWED MOTOR VEHICLE,D4,598,,2016-08-28T07:22:00.000-04:00,2016,8,Sunday,7,Part Three,MASSACHUSETTS AVE,42.34676463,-71.08747789,0,42.34676463,-71.08747789,0,0,Morning,1,1,Summer,3,7,Other,0,3.0,3.0,0.0,0.0,0.0
I182052185,3114,Investigate Property,INVESTIGATE PROPERTY,D4,131,,2018-07-03T13:12:00.000-04:00,2018,7,Tuesday,13,Part Three,BEACON ST,42.35505244,-71.07390742,0,42.35505244,-71.07390742,0,0,Afternoon,0,1,Summer,3,2,Other,0,3.0,2.0,0.0,0.0,0.0
I182001573,2102,Operating Under the Influence,OPERATING UNDER THE INFLUENCE DRUGS,D4,156,,2018-01-07T11:09:00.000-05:00,2018,1,Sunday,11,Part Two,MASSACHUSETTS AVE,42.33903373,-71.07997273,0,42.33903373,-71.07997273,0,0,Morning,1,2,Winter,1,7,Other,0,3.0,3.0,3.0,0.0,1.0
I182033464,801,Simple Assault,ASSAULT - SIMPLE,A1,"",,2018-05-03T23:00:00.000-04:00,2018,5,Thursday,23,Part Two,UNKNOWN,42.36483322,-71.06231414,0,42.36483322,-71.06231414,0,0,Night,0,2,Spring,2,4,Violent,1,4.0,0.0,1.0,3.0,1.0
I182069575,2905,Violations,VAL - OPERATING WITHOUT LICENSE,C11,349,,2018-08-30T09:31:00.000-04:00,2018,8,Thursday,9,Part Two,DORCHESTER AVE,42.30254239,-71.0595669,0,42.30254239,-71.0595669,0,0,Morning,0,2,Summer,3,4,Other,0,1.0,3.0,0.0,0.0,1.0
I162082291,3114,Investigate Property,INVESTIGATE PROPERTY,B3,445,,2016-10-07T21:59:00.000-04:00,2016,10,Friday,21,Part Three,GREENWOOD ST,42.29716347,-71.07954018,0,42.29716347,-71.07954018,0,0,Night,0,1,Fall,4,5,Other,0,2.0,0.0,2.0,0.0,0.0
I162020048,3301,Verbal Disputes,VERBAL DISPUTE,E13,906,,2016-03-14T18:54:00.000-04:00,2016,3,Monday,18,Part Three,WALDEN ST,42.32561013,-71.10449956,0,42.32561013,-71.10449956,0,0,Evening,0,1,Spring,1,1,Other,0,6.0,1.0,1.0,0.0,0.0
I172025733,3115,Investigate Person,INVESTIGATE PERSON,C11,372,,2017-03-19T18:00:00.000-04:00,2017,3,Sunday,18,Part Three,WALNUT ST,42.28791697,-71.04001774,0,42.28791697,-71.04001774,0,0,Evening,1,1,Spring,1,7,Other,0,1.0,1.0,1.0,0.0,0.0
I172010062,3205,License Plate Related Incidents,M/V PLATES - LOST,E18,492,,2017-01-31T17:55:00.000-05:00,2017,1,Tuesday,17,Part Three,HUNTINGTON AVE,42.26560754,-71.11608448,0,42.26560754,-71.11608448,0,0,Evening,0,1,Winter,1,2,Other,0,7.0,1.0,3.0,0.0,0.0
I172073032,3115,Investigate Person,INVESTIGATE PERSON,E13,307,,2017-09-03T11:52:00.000-04:00,2017,9,Sunday,11,Part Three,WALNUT PARK,42.31591905,-71.09691295,0,42.31591905,-71.09691295,0,0,Morning,1,1,Fall,3,7,Other,0,6.0,3.0,2.0,0.0,0.0
I182043685,2647,Other,THREATS TO DO BODILY HARM,C11,402,,2018-06-06T12:29:00.000-04:00,2018,6,Wednesday,12,Part Two,DORCHESTER AVE,42.28526024,-71.06444063,0,42.28526024,-71.06444063,0,0,Afternoon,0,2,Summer,2,3,Other,0,1.0,2.0,0.0,0.0,1.0
I152096579,2660,Other,OTHER OFFENSE,A1,109,,2015-11-21T01:11:00.000-05:00,2015,11,Saturday,1,Part Two,FRANKLIN ST,42.35706352,-71.05308003,0,42.35706352,-71.05308003,0,0,Night,1,2,Fall,4,6,Other,1,4.0,0.0,2.0,0.0,1.0
I162099996,2907,Violations,VAL - OPERATING AFTER REV/SUSP.,B2,319,,2016-12-08T02:38:00.000-05:00,2016,12,Thursday,2,Part Two,BLUE HILL AVE,42.30557347,-71.08471265,0,42.30557347,-71.08471265,0,0,Night,0,2,Winter,4,4,Other,1,0.0,0.0,3.0,0.0,1.0
I172008474,423,Aggravated Assault,ASSAULT - AGGRAVATED,A1,68,,2017-01-30T19:05:00.000-05:00,2017,1,Monday,19,Part One,BOWDOIN ST,42.36038173,-71.06285769,0,42.36038173,-71.06285769,0,0,Evening,0,3,Winter,1,1,Violent,0,4.0,1.0,3.0,3.0,2.0
I172090274,3201,Property Lost,PROPERTY - LOST,C6,"",,2017-10-28T21:18:00.000-04:00,2017,10,Saturday,21,Part Three,UNKNOWN,,,0,42.18246397604247,-70.85870749757449,1,1,Night,1,1,Fall,4,6,Other,0,5.0,0.0,2.0,0.0,0.0
I172083555,2403,Disorderly Conduct,DISTURBING THE PEACE,B2,605,,2017-10-07T01:01:00.000-04:00,2017,10,Saturday,1,Part Two,STOCKWELL ST,42.33203421,-71.10688839,0,42.33203421,-71.10688839,0,0,Night,1,2,Fall,4,6,Other,1,0.0,0.0,2.0,0.0,1.0
I152096996,1874,Drug Violation,DRUGS - OTHER,A1,117,,2015-11-22T17:45:00.000-05:00,2015,11,Sunday,17,Part Two,BOYLSTON ST,42.3523414,-71.06296987,0,42.3523414,-71.06296987,0,0,Evening,1,2,Fall,4,7,Drug,0,4.0,1.0,2.0,4.0,1.0
I182032558,3803,Motor Vehicle Accident Response,M/V ACCIDENT - PERSONAL INJURY,B2,179,,2018-05-01T08:52:00.000-04:00,2018,5,Tuesday,8,Part Three,GERARD ST,42.33062755,-71.07210653,0,42.33062755,-71.07210653,0,0,Morning,0,1,Spring,2,2,Traffic,0,0.0,3.0,1.0,2.0,0.0
I182044338,3006,Medical Assistance,SICK/INJURED/MEDICAL - PERSON,E13,577,,2018-06-08T11:47:00.000-04:00,2018,6,Friday,11,Part Three,SCHOOL ST,42.31712353,-71.10144222,0,42.31712353,-71.10144222,0,0,Morning,0,1,Summer,2,5,Other,0,6.0,3.0,0.0,0.0,0.0
I172007954,3006,Medical Assistance,SICK/INJURED/MEDICAL - PERSON,D4,161,,2017-01-29T15:05:00.000-05:00,2017,1,Sunday,15,Part Three,VILLAGE CT,42.34569316,-71.06857257,0,42.34569316,-71.06857257,0,0,Afternoon,1,1,Winter,1,7,Other,0,3.0,2.0,3.0,0.0,0.0
I152095505,3803,Motor Vehicle Accident Response,M/V ACCIDENT - PERSONAL INJURY,D4,"",,2015-11-17T15:55:00.000-05:00,2015,11,Tuesday,15,Part Three,UNKNOWN,,,0,42.18246397604247,-70.85870749757449,1,1,Afternoon,0,1,Fall,4,2,Traffic,0,3.0,2.0,2.0,2.0,0.0
I172066143,540,Commercial Burglary,BURGLARY - COMMERICAL - FORCE,B3,426,,2017-08-12T09:00:00.000-04:00,2017,8,Saturday,9,Part One,RIVER ST,42.268024,-71.09301057,0,42.268024,-71.09301057,0,0,Morning,1,3,Summer,3,6,Property,0,2.0,3.0,0.0,1.0,2.0
I172061962,3006,Medical Assistance,SICK/INJURED/MEDICAL - PERSON,A1,312,,2017-07-30T15:08:23.000-04:00,2017,7,Sunday,15,Part Three,TOWNSEND ST,42.31788176,-71.08911975,0,42.31788176,-71.08911975,0,0,Afternoon,1,1,Summer,3,7,Other,0,4.0,2.0,0.0,0.0,0.0
I172005135,3114,Investigate Property,INVESTIGATE PROPERTY,D4,137,,2017-01-20T00:03:00.000-05:00,2017,1,Friday,0,Part Three,NEWBURY ST,42.3494205,-71.083158,0,42.3494205,-71.083158,0,0,Night,0,1,Winter,1,5,Other,1,3.0,0.0,3.0,0.0,0.0
I152103749,3410,Towed,TOWED MOTOR VEHICLE,C11,246,,2015-12-16T13:41:00.000-05:00,2015,12,Wednesday,13,Part Three,ROMSEY ST,42.31619008,-71.05587937,0,42.31619008,-71.05587937,0,0,Afternoon,0,1,Winter,4,3,Other,0,1.0,2.0,3.0,0.0,0.0
I172080249,615,Larceny From Motor Vehicle,LARCENY THEFT OF MV PARTS & ACCESSORIES,D4,159,,2017-09-26T11:42:00.000-04:00,2017,9,Tuesday,11,Part One,WALTHAM ST,42.34345486,-71.07091946,0,42.34345486,-71.07091946,0,0,Morning,0,3,Fall,3,2,Property,0,3.0,3.0,2.0,1.0,2.0
I172032938,3115,Investigate Person,INVESTIGATE PERSON,E13,572,,2017-04-27T21:09:00.000-04:00,2017,4,Thursday,21,Part Three,WASHINGTON ST,42.31538436,-71.09870021,0,42.31538436,-71.09870021,0,0,Night,0,1,Spring,2,4,Other,0,6.0,0.0,1.0,0.0,0.0
I152057255,3115,Investigate Person,INVESTIGATE PERSON,B2,319,,2015-07-10T23:00:00.000-04:00,2015,7,Friday,23,Part Three,NAZING CT,42.3075244,-71.08720471,0,42.3075244,-71.08720471,0,0,Night,0,1,Summer,3,5,Other,1,0.0,0.0,0.0,0.0,0.0
I162054762,3831,Motor Vehicle Accident Response,M/V - LEAVING SCENE - PROPERTY DAMAGE,A1,109,,2016-07-09T23:06:00.000-04:00,2016,7,Saturday,23,Part Three,POST OFFICE SQ,42.35632205,-71.0556614,0,42.35632205,-71.0556614,0,0,Night,1,1,Summer,3,6,Traffic,1,4.0,0.0,0.0,2.0,0.0
I152058925,617,Larceny,LARCENY THEFT FROM BUILDING,C11,337,,2015-07-16T19:20:00.000-04:00,2015,7,Thursday,19,Part One,OLNEY ST,42.30512773,-71.07370747,0,42.30512773,-71.07370747,0,0,Evening,0,3,Summer,3,4,Property,0,1.0,1.0,0.0,1.0,2.0
I182029750,2403,Disorderly Conduct,DISTURBING THE PEACE,C11,364,,2018-04-21T02:44:20.000-04:00,2018,4,Saturday,2,Part Two,CENTRE ST,42.29472426,-71.057981,0,42.29472426,-71.057981,0,0,Night,1,2,Spring,2,6,Other,1,1.0,0.0,1.0,0.0,1.0
I152097661,3301,Verbal Disputes,VERBAL DISPUTE,C6,915,,2015-11-25T07:59:00.000-05:00,2015,11,Wednesday,7,Part Three,E NINTH ST,42.33214285,-71.05121359,0,42.33214285,-71.05121359,0,0,Morning,0,1,Fall,4,3,Other,0,5.0,3.0,2.0,0.0,0.0
I162005315,3109,Police Service Incidents,SERVICE TO OTHER PD INSIDE OF MA.,D14,768,,2016-01-17T13:00:00.000-05:00,2016,1,Sunday,13,Part Three,N BEACON ST,42.35666076,-71.15104267,0,42.35666076,-71.15104267,0,0,Afternoon,1,1,Winter,1,7,Other,0,8.0,2.0,3.0,0.0,0.0
I182003034,3803,Motor Vehicle Accident Response,M/V ACCIDENT - PERSONAL INJURY,B3,466,,2018-01-12T10:22:00.000-05:00,2018,1,Friday,10,Part Three,DEERING RD,42.28414025,-71.09305138,0,42.28414025,-71.09305138,0,0,Morning,0,1,Winter,1,5,Traffic,0,2.0,3.0,3.0,2.0,0.0
I172002486,3831,Motor Vehicle Accident Response,M/V - LEAVING SCENE - PROPERTY DAMAGE,E13,573,,2017-01-09T14:05:00.000-05:00,2017,1,Monday,14,Part Three,AMORY ST,42.30740521,-71.10909189,0,42.30740521,-71.10909189,0,0,Afternoon,0,1,Winter,1,1,Traffic,0,6.0,2.0,3.0,2.0,0.0
I172081251,3115,Investigate Person,INVESTIGATE PERSON,C11,388,,2017-09-26T23:29:00.000-04:00,2017,9,Tuesday,23,Part Three,ADAMS ST,42.27230624,-71.06721386,0,42.27230624,-71.06721386,0,0,Night,0,1,Fall,3,2,Other,1,1.0,0.0,2.0,0.0,0.0
I162042752,3115,Investigate Person,INVESTIGATE PERSON,A1,100,,2016-05-31T17:21:00.000-04:00,2016,5,Tuesday,17,Part Three,STATE ST,42.35902548,-71.05567996,0,42.35902548,-71.05567996,0,0,Evening,0,1,Spring,2,2,Other,0,4.0,1.0,1.0,0.0,0.0
I172088338,423,Aggravated Assault,ASSAULT - AGGRAVATED,B3,428,,2017-10-22T17:37:00.000-04:00,2017,10,Sunday,17,Part One,MORTON ST,42.28187061,-71.08751152,0,42.28187061,-71.08751152,0,0,Evening,1,3,Fall,4,7,Violent,0,2.0,1.0,2.0,3.0,2.0
I162041251,1832,Drug Violation,DRUGS - SICK ASSIST - OTHER HARMFUL DRUG,E13,644,,2016-05-26T16:31:00.000-04:00,2016,5,Thursday,16,Part Two,ORCHARD ST,42.31198261,-71.12050835,0,42.31198261,-71.12050835,0,0,Afternoon,0,2,Spring,2,4,Drug,0,6.0,2.0,1.0,4.0,1.0
I162055221,3201,Property Lost,PROPERTY - LOST,A1,93,,2016-07-09T01:30:00.000-04:00,2016,7,Saturday,1,Part Three,FANEUIL HALL MARKETPLACE,42.35997967,-71.05474135,0,42.35997967,-71.05474135,0,0,Night,1,1,Summer,3,6,Other,1,4.0,0.0,0.0,0.0,0.0
I162008690,1402,Vandalism,VANDALISM,C11,337,,2016-02-01T16:30:00.000-05:00,2016,2,Monday,16,Part Two,DAVIDSON AVE,42.30633571,-71.07060386,0,42.30633571,-71.07060386,0,0,Afternoon,0,2,Winter,1,1,Property,0,1.0,2.0,3.0,1.0,1.0
I172019772,3130,Search Warrants,SEARCH WARRANT,C11,351,,2017-03-13T12:38:00.000-04:00,2017,3,Monday,12,Part Three,ADAMS ST,42.29963709,-71.05851176,0,42.29963709,-71.05851176,0,0,Afternoon,0,1,Spring,1,1,Other,0,1.0,2.0,1.0,0.0,0.0
I152054340,2907,Violations,VAL - OPERATING AFTER REV/SUSP.,C11,959,,2015-07-01T13:19:00.000-04:00,2015,7,Wednesday,13,Part Two,DORCHESTER AVE,42.28717863,-71.06390668,0,42.28717863,-71.06390668,0,0,Afternoon,0,2,Summer,3,3,Other,0,1.0,2.0,0.0,0.0,1.0
I162045674,3501,Missing Person Reported,MISSING PERSON,D4,146,,2016-06-09T21:16:00.000-04:00,2016,6,Thursday,21,Part Three,FOLLEN ST,42.34508761,-71.07985732,0,42.34508761,-71.07985732,0,0,Night,0,1,Summer,2,4,Other,0,3.0,0.0,0.0,0.0,0.0
