INCIDENT_NUMBER,OFFENSE_CODE,OFFENSE_CODE_GROUP,OFFENSE_DESCRIPTION,DISTRICT,REPORTING_AREA,SHOOTING,OCCURRED_ON_DATE,YEAR,MONTH,DAY_OF_WEEK,HOUR,UCR_PART,STREET,Lat,Long,Location
I182032558,3803,Motor Vehicle Accident Response,M/V ACCIDENT - PERSONAL INJURY,B2,179,,2018-05-01 08:52:00,2018,5,Tuesday,8,Part Three,GERARD ST,42.33062755,-71.07210653,"(42.33062755, -71.07210653)"
I152102923,614,Larceny From Motor Vehicle,LARCENY THEFT FROM MV - NON-ACCESSORY,D4,170,,2015-12-13 17:07:00,2015,12,Sunday,17,Part One,MASSACHUSETTS AVE,42.33562126,-71.07582361,"(42.33562126, -71.07582361)"
I172098993,1402,Vandalism,VANDALISM,C11,357,,2017-11-28 22:49:00,2017,11,Tuesday,22,Part Two,WESTVILLE ST,42.30010597,-71.0710271,"(42.30010597, -71.07102710)"
I182069871,802,Simple Assault,ASSAULT SIMPLE - BATTERY,B2,319,,2018-08-31 08:22:06,2018,8,Friday,8,Part Two,SEAVER ST,42.30603974,-71.0862124,"(42.30603974, -71.08621240)"
I152049968,3301,Verbal Disputes,VERBAL DISPUTE,D14,939,,2015-06-16 17:25:00,2015,6,Tuesday,17,Part Three,FANEUIL ST,42.35555336,-71.15274721,"(42.35555336, -71.15274721)"
I172078196,2647,Other,THREATS TO DO BODILY HARM,B2,319,,2017-09-19 17:00:00,2017,9,Tuesday,17,Part Two,WAYNE ST,42.3072423,-71.08551704,"(42.30724230, -71.08551704)"
I162005612,3201,Property Lost,PROPERTY - LOST,C6,175,,2016-01-20 15:30:00,2016,1,Wednesday,15,Part Three,SOUTHAMPTON ST,42.3309164,-71.06415106,"(42.33091640, -71.06415106)"
I162052917,3207,Property Found,PROPERTY - FOUND,A1,109,,2016-07-04 00:59:00,2016,7,Monday,0,Part Three,FRANKLIN ST,42.35633324,-71.05440282,"(42.35633324, -71.05440282)"
I182035097,2905,Violations,VAL - OPERATING WITHOUT LICENSE,C11,235,,2018-05-09 10:13:00,2018,5,Wednesday,10,Part Two,BUTTONWOOD ST,42.3198696,-71.05582786,"(42.31986960, -71.05582786)"
I172048930,542,Commercial Burglary,BURGLARY - COMMERICAL - NO FORCE,D14,803,,2017-06-19 03:57:00,2017,6,Monday,3,Part One,BRAINTREE ST,42.35631415,-71.13567792,"(42.35631415, -71.13567792)"
I182028293,3006,Medical Assistance,SICK/INJURED/MEDICAL - PERSON,D14,797,,2018-04-15 21:48:00,2018,4,Sunday,21,Part Three,COMMONWEALTH AVE,42.35170571,-71.11989956,"(42.35170571, -71.11989956)"
I172051061,619,Larceny,LARCENY ALL OTHERS,D14,804,,2017-06-25 17:03:00,2017,6,Sunday,17,Part One,HICHBORN ST,42.35558007,-71.14378251,"(42.35558007, -71.14378251)"
I152085307,3502,Missing Person Located,MISSING PERSON - LOCATED,C11,347,,2015-10-14 01:11:00,2015,10,Wednesday,1,Part Three,LYON ST,42.30638323,-71.06021218,"(42.30638323, -71.06021218)"
I162101024,724,Auto Theft,AUTO THEFT,D4, ,,2016-12-10 20:00:00,2016,12,Saturday,20,Part One,,,,"(0.00000000, 0.00000000)"
I172071907,614,Larceny From Motor Vehicle,LARCENY THEFT FROM MV - NON-ACCESSORY,E13,508,,2017-08-29 22:00:00,2017,8,Tuesday,22,Part One,WACHUSETT ST,42.29438065,-71.11573641,"(42.29438065, -71.11573641)"
I152052784,3160,Fire Related Reports,"FIRE REPORT - CAR, BRUSH, ETC.",B3,465,,2015-06-26 04:46:00,2015,6,Friday,4,Part Three,BAIRD ST,42.28555729,-71.0911249,"(42.28555729, -71.09112490)"
I162009038,3803,Motor Vehicle Accident Response,M/V ACCIDENT - PERSONAL INJURY,C11,918,,2016-02-02 01:00:00,2016,2,Tuesday,1,Part Three,DAWES ST,42.31814671,-71.06075377,"(42.31814671, -71.06075377)"
I162089196,2905,Violations,VAL - OPERATING WITHOUT LICENSE,A1,118,,2016-10-31 17:17:00,2016,10,Monday,17,Part Two,CHARLES ST S,42.35094628,-71.06685604,"(42.35094628, -71.06685604)"
I172087028,2629,Harassment,HARASSMENT,E18,498,,2017-10-18 16:17:00,2017,10,Wednesday,16,Part Two,HYDE PARK AVE,42.27380942,-71.11996035,"(42.27380942, -71.11996035)"
I172075974,2647,Other,THREATS TO DO BODILY HARM,A1,117,,2017-09-13 05:30:00,2017,9,Wednesday,5,Part Two,BOYLSTON ST,42.3523119,-71.0637051,"(42.35231190, -71.06370510)"
I162025251,3125,Warrant Arrests,WARRANT ARREST,A1,102,,2016-04-01 16:46:00,2016,4,Friday,16,Part Three,TREMONT ST,42.356585,-71.06189505,"(42.35658500, -71.06189505)"
I162053652,1102,Fraud,FRAUD - FALSE PRETENSE / SCHEME,D4,130,,2016-07-06 10:01:00,2016,7,Wednesday,10,Part Two,HUNTINGTON AVE,42.34852918,-71.07805107,"(42.34852918, -71.07805107)"
I162002346,3114,Investigate Property,INVESTIGATE PROPERTY,B3,450,,2016-01-09 09:45:00,2016,1,Saturday,9,Part Three,ROSEDALE ST,42.29244178,-71.07320696,"(42.29244178, -71.07320696)"
I182030279,3805,Motor Vehicle Accident Response,M/V ACCIDENT - POLICE VEHICLE,C6,175,,2018-04-23 10:40:00,2018,4,Monday,10,Part Three,GIBSON ST,42.29755533,-71.0597091,"(42.29755533, -71.05970910)"
I182030814,3114,Investigate Property,INVESTIGATE PROPERTY,B2,262,,2018-04-24 23:06:00,2018,4,Tuesday,23,Part Three,BLUE HILL AVE,42.32094361,-71.07761042,"(42.32094361, -71.07761042)"
I182069394,3006,Medical Assistance,SICK/INJURED/MEDICAL - PERSON,E13,636,,2018-08-29 16:37:00,2018,8,Wednesday,16,Part Three,CENTRE ST,42.31949472,-71.11161967,"(42.31949472, -71.11161967)"
I172014913,423,Aggravated Assault,ASSAULT - AGGRAVATED,D4,130,,2017-02-23 22:50:00,2017,2,Thursday,22,Part One,HUNTINGTON AVE,42.34749899,-71.07925506,"(42.34749899, -71.07925506)"
I172103194,613,Larceny,LARCENY SHOPLIFTING,D4,143,,2017-12-13 15:41:00,2017,12,Wednesday,15,Part One,BOYLSTON ST,42.34862382,-71.08277637,"(42.34862382, -71.08277637)"
I162057632,2907,Violations,VAL - OPERATING AFTER REV/SUSP.,B3,474,,2016-07-19 18:58:00,2016,7,Tuesday,18,Part Two,ITASCA ST,42.27246009,-71.10352421,"(42.27246009, -71.10352421)"
I172000115,3006,Medical Assistance,SICK/INJURED/MEDICAL - PERSON,B2,294,,2017-01-01 09:22:00,2017,1,Sunday,9,Part Three,SAINT JAMES ST,42.32703627,-71.08687838,"(42.32703627, -71.08687838)"
I162082506,613,Larceny,LARCENY SHOPLIFTING,D4,138,,2016-10-08 14:00:00,2016,10,Saturday,14,Part One,BOYLSTON ST,42.34862382,-71.08277637,"(42.34862382, -71.08277637)"
I182049240,3831,Motor Vehicle Accident Response,M/V - LEAVING SCENE - PROPERTY DAMAGE,B2,318,,2018-06-23 22:36:00,2018,6,Saturday,22,Part Three,HUTCHINGS ST,42.31026891,-71.08931055,"(42.31026891, -71.08931055)"
I182048833,3115,Investigate Person,INVESTIGATE PERSON,B3,464,,2018-06-22 15:09:00,2018,6,Friday,15,Part Three,BROOKVIEW ST,42.2887411,-71.09117797,"(42.28874110, -71.09117797)"
I182010917,3410,Towed,TOWED MOTOR VEHICLE,D14,760,,2018-02-10 17:13:00,2018,2,Saturday,17,Part Three,FAIRBANKS ST,42.35071344,-71.16296497,"(42.35071344, -71.16296497)"
I162026687,3810,Motor Vehicle Accident Response,M/V ACCIDENT - INVOLVING  BICYCLE - INJURY,E13,645,,2016-04-06 18:20:00,2016,4,Wednesday,18,Part Three,CENTRE ST,42.31265126,-71.11414509,"(42.31265126, -71.11414509)"
I152088044,301,Robbery,ROBBERY - STREET,D14,799,,2015-10-22 23:50:00,2015,10,Thursday,23,Part One,ASHFORD ST,42.35434576,-71.1251569,"(42.35434576, -71.12515690)"
I152055073,2007,Restraining Order Violations,VIOL. OF RESTRAINING ORDER W NO ARREST,C11,364,,2015-07-04 00:00:00,2015,7,Saturday,0,Part Two,CENTRE ST,42.29506405,-71.05672533,"(42.29506405, -71.05672533)"
I182043685,2647,Other,THREATS TO DO BODILY HARM,C11,402,,2018-06-06 12:29:00,2018,6,Wednesday,12,Part Two,DORCHESTER AVE,42.28526024,-71.06444063,"(42.28526024, -71.06444063)"
I162102494,3201,Property Lost,PROPERTY - LOST,B3,444,,2016-12-16 14:00:00,2016,12,Friday,14,Part Three,WEST ST,42.35500441,-71.06300728,"(42.35500441, -71.06300728)"
I172068712,3125,Warrant Arrests,WARRANT ARREST,C11,334,,2017-08-20 12:40:00,2017,8,Sunday,12,Part Three,HANCOCK ST,42.31269827,-71.06459218,"(42.31269827, -71.06459218)"
I172043403,2647,Other,THREATS TO DO BODILY HARM,C6,914,,2017-06-01 14:33:00,2017,6,Thursday,14,Part Two,OLD COLONY AVE,42.32335251,-71.05241954,"(42.32335251, -71.05241954)"
I172088208,619,Larceny,LARCENY ALL OTHERS,C6,256,,2017-10-21 15:00:00,2017,10,Saturday,15,Part One,WILLIAM T MORRISSEY BLVD,42.30851521,-71.04557965,"(42.30851521, -71.04557965)"
I162033553,3301,Verbal Disputes,VERBAL DISPUTE,E18,522,,2016-04-30 16:33:00,2016,4,Saturday,16,Part Three,WILTON ST,42.24891703,-71.12588341,"(42.24891703, -71.12588341)"
I172041884,3114,Investigate Property,INVESTIGATE PROPERTY,A1,112,,2017-05-27 10:21:00,2017,5,Saturday,10,Part Three,AVENUE DE LAFAYETTE,42.35331987,-71.06102314,"(42.35331987, -71.06102314)"
I182053248,413,Aggravated Assault,ASSAULT - AGGRAVATED - BATTERY,B2,282,,2018-07-06 21:09:00,2018,7,Friday,21,Part One,WARREN ST,42.32832226,-71.08321495,"(42.32832226, -71.08321495)"
I172058767,3831,Motor Vehicle Accident Response,M/V - LEAVING SCENE - PROPERTY DAMAGE,C6,227,,2017-07-19 17:00:00,2017,7,Wednesday,17,Part Three,E BROADWAY,42.33568411,-71.03231905,"(42.33568411, -71.03231905)"
I162052827,3114,Investigate Property,INVESTIGATE PROPERTY,A1,64,,2016-07-03 18:08:00,2016,7,Sunday,18,Part Three,CHARLES ST,42.36192792,-71.07081974,"(42.36192792, -71.07081974)"
I162074741,3831,Motor Vehicle Accident Response,M/V - LEAVING SCENE - PROPERTY DAMAGE,D14,802,,2016-09-13 16:24:00,2016,9,Tuesday,16,Part Three,HARVARD AVE,42.35375411,-71.13225621,"(42.35375411, -71.13225621)"
I172016891,521,Residential Burglary,BURGLARY - RESIDENTIAL - ATTEMPT,E13,912,,2017-03-02 16:11:00,2017,3,Thursday,16,Part One,CENTRE ST,42.32287413,-71.10155354,"(42.32287413, -71.10155354)"
I162025941,619,Larceny,LARCENY ALL OTHERS,A1, ,,2016-04-04 02:19:00,2016,4,Monday,2,Part One,,,,"(0.00000000, 0.00000000)"
I152067980,3301,Verbal Disputes,VERBAL DISPUTE,B2,329,,2015-08-17 08:08:00,2015,8,Monday,8,Part Three,DEVON ST,42.3092779,-71.07868791,"(42.30927790, -71.07868791)"
I172007037,3302,Assembly or Gathering Violations,GATHERING CAUSING ANNOYANCE,A1, ,,2017-01-26 14:59:00,2017,1,Thursday,14,Part Three,,,,"(0.00000000, 0.00000000)"
I182035626,3301,Verbal Disputes,VERBAL DISPUTE,C6,958,,2018-05-10 17:40:26,2018,5,Thursday,17,Part Three,BELLFLOWER ST,42.32445145,-71.0581068,"(42.32445145, -71.05810680)"
I162042593,615,Larceny From Motor Vehicle,LARCENY THEFT OF MV PARTS & ACCESSORIES,B3,467,,2016-05-31 10:45:00,2016,5,Tuesday,10,Part One,WESTMORE RD,42.28277812,-71.09806504,"(42.28277812, -71.09806504)"
I162046732,3006,Medical Assistance,SICK/INJURED/MEDICAL - PERSON,B2,458,,2016-06-13 15:06:00,2016,6,Monday,15,Part Three,BLUE HILL AVE,42.30938437,-71.08262277,"(42.30938437, -71.08262277)"
I172101448,1402,Vandalism,VANDALISM,C6,208,,2017-12-07 07:51:00,2017,12,Thursday,7,Part Two,E FIRST ST,42.33827835,-71.02724171,"(42.33827835, -71.02724171)"
I172032830,1402,Vandalism,VANDALISM,B3,432,,2017-04-26 21:00:00,2017,4,Wednesday,21,Part Two,OAKHURST ST,42.28803351,-71.08241673,"(42.28803351, -71.08241673)"
I162026340,3115,Investigate Person,INVESTIGATE PERSON,B2,288,,2016-04-05 16:03:00,2016,4,Tuesday,16,Part Three,MALCOLM X BLVD,42.33056715,-71.08806813,"(42.33056715, -71.08806813)"
I172021740,2629,Harassment,HARASSMENT,B2,291,,2017-03-22 09:18:00,2017,3,Wednesday,9,Part Two,LINWOOD ST,42.32783258,-71.09262005,"(42.32783258, -71.09262005)"
I182027098,3114,Investigate Property,INVESTIGATE PROPERTY,A1,117,,2018-04-11 13:00:00,2018,4,Wednesday,13,Part Three,ESSEX ST,42.35246671,-71.06167002,"(42.35246671, -71.06167002)"
I172095070,560,Other Burglary,BURGLARY - OTHER - FORCE,B3,565,,2017-11-10 15:00:00,2017,11,Friday,15,Part One,AMERICAN LEGION HWY,42.29385183,-71.09373071,"(42.29385183, -71.09373071)"
I162067080,3803,Motor Vehicle Accident Response,M/V ACCIDENT - PERSONAL INJURY,D4, ,,2016-08-19 05:31:00,2016,8,Friday,5,Part Three,,,,"(0.00000000, 0.00000000)"
I172040091,802,Simple Assault,ASSAULT SIMPLE - BATTERY,B3,416,,2017-05-21 12:00:00,2017,5,Sunday,12,Part Two,FULLER ST,42.28154388,-71.07350542,"(42.28154388, -71.07350542)"
I182015841,3114,Investigate Property,INVESTIGATE PROPERTY,B2,288,,2018-03-01 08:10:00,2018,3,Thursday,8,Part Three,MALCOLM X BLVD,42.33056715,-71.08806813,"(42.33056715, -71.08806813)"
I162095794,3018,Medical Assistance,SICK/INJURED/MEDICAL - POLICE,B2,257,,2016-11-23 00:52:00,2016,11,Wednesday,0,Part Three,STOUGHTON ST,42.3166175,-71.06407827,"(42.31661750, -71.06407827)"
I182023026,3410,Towed,TOWED MOTOR VEHICLE,A7,11,,2018-03-28 10:07:00,2018,3,Wednesday,10,Part Three,WILLIAM F MCCLELLAN HWY,42.38777475,-71.01769231,"(42.38777475, -71.01769231)"
I182003523,801,Simple Assault,ASSAULT - SIMPLE,B2,911,,2018-01-13 23:00:00,2018,1,Saturday,23,Part Two,ANNUNCIATION RD,42.33506218,-71.09316781,"(42.33506218, -71.09316781)"
I182012209,2647,Other,THREATS TO DO BODILY HARM,B3,417,,2018-02-15 17:09:00,2018,2,Thursday,17,Part Two,MORA ST,42.28208198,-71.07364875,"(42.28208198, -71.07364875)"
I162099075,617,Larceny,LARCENY THEFT FROM BUILDING,D14,773,,2016-12-02 07:00:00,2016,12,Friday,7,Part One,COMMONWEALTH AVE,42.33991974,-71.1587571,"(42.33991974, -71.15875710)"
I152096579,2660,Other,OTHER OFFENSE,A1,109,,2015-11-21 01:11:00,2015,11,Saturday,1,Part Two,FRANKLIN ST,42.35706352,-71.05308003,"(42.35706352, -71.05308003)"
I172002215,2647,Other,THREATS TO DO BODILY HARM,C6,936,,2017-01-06 14:40:00,2017,1,Friday,14,Part Two,D ST,42.33794261,-71.05184093,"(42.33794261, -71.05184093)"
I152087067,617,Larceny,LARCENY THEFT FROM BUILDING,A1,92,,2015-10-08 14:14:00,2015,10,Thursday,14,Part One,CITY HALL PLZ,42.35972137,-71.0585236,"(42.35972137, -71.05852360)"
I162055438,3106,Property Related Damage,PROPERTY - ACCIDENTAL DAMAGE,E18,512,,2016-07-12 14:04:00,2016,7,Tuesday,14,Part Three,WARREN AVE,42.25246653,-71.11683569,"(42.25246653, -71.11683569)"
I162014552,3125,Warrant Arrests,WARRANT ARREST,C6,936,,2016-02-22 09:00:00,2016,2,Monday,9,Part Three,B ST,42.339621,-71.05533044,"(42.33962100, -71.05533044)"
I162005315,3109,Police Service Incidents,SERVICE TO OTHER PD INSIDE OF MA.,D14,768,,2016-01-17 13:00:00,2016,1,Sunday,13,Part Three,N BEACON ST,42.35666076,-71.15104267,"(42.35666076, -71.15104267)"
I182007254,413,Aggravated Assault,ASSAULT - AGGRAVATED - BATTERY,B3,448,Y,2018-01-28 01:23:00,2018,1,Sunday,1,Part One,MILLET ST,42.29368748,-71.07692422,"(42.29368748, -71.07692422)"
I162020309,614,Larceny From Motor Vehicle,LARCENY THEFT FROM MV - NON-ACCESSORY,E13,639,,2016-03-14 20:00:00,2016,3,Monday,20,Part One,ROCKVIEW ST,42.31553561,-71.10945644,"(42.31553561, -71.10945644)"
I172037866,3112,Landlord/Tenant Disputes,LANDLORD - TENANT SERVICE,B3,476,,2017-05-14 12:01:00,2017,5,Sunday,12,Part Three,REXFORD ST,42.26984836,-71.09532394,"(42.26984836, -71.09532394)"
I152063082,3201,Property Lost,PROPERTY - LOST,B2,297,,2015-07-30 03:00:00,2015,7,Thursday,3,Part Three,ROCKLAND AVE,42.32141482,-71.08406055,"(42.32141482, -71.08406055)"
I152107163,522,Residential Burglary,BURGLARY - RESIDENTIAL - NO FORCE,D14,772,,2015-12-29 03:08:00,2015,12,Tuesday,3,Part One,CHESTNUT HILL AVE,42.34697615,-71.1535894,"(42.34697615, -71.15358940)"
I172099917,2403,Disorderly Conduct,DISTURBING THE PEACE,A1, ,,2017-12-01 21:40:00,2017,12,Friday,21,Part Two,ESSEX ST,,,"(0.00000000, 0.00000000)"
I182053256,1830,Drug Violation,DRUGS - SICK ASSIST - HEROIN,B2,321,,2018-07-06 21:37:00,2018,7,Friday,21,Part Two,WARREN ST,42.31250552,-71.08314735,"(42.31250552, -71.08314735)"
I162003662,613,Larceny,LARCENY SHOPLIFTING,D4,142,,2016-01-14 10:10:00,2016,1,Thursday,10,Part One,NEWBURY ST,42.34840576,-71.08688339,"(42.34840576, -71.08688339)"
I162030240,3006,Medical Assistance,SICK/INJURED/MEDICAL - PERSON,E5,726,,2016-04-19 08:55:00,2016,4,Tuesday,8,Part Three,SPRING ST,42.27757964,-71.16274799,"(42.27757964, -71.16274799)"
I162074350,2647,Other,THREATS TO DO BODILY HARM,B3,452,,2016-09-11 21:46:00,2016,9,Sunday,21,Part Two,WASHINGTON ST,42.29628785,-71.0722251,"(42.29628785, -71.07222510)"
I152054572,520,Residential Burglary,BURGLARY - RESIDENTIAL - FORCE,D4,148,,2015-07-02 08:57:00,2015,7,Thursday,8,Part One,COLUMBUS AVE,42.34242808,-71.07952412,"(42.34242808, -71.07952412)"
I162059218,3125,Warrant Arrests,WARRANT ARREST,A1,116,,2016-07-25 08:10:00,2016,7,Monday,8,Part Three,HARRISON AVE,42.35195238,-71.06124486,"(42.35195238, -71.06124486)"
I172070683,3301,Verbal Disputes,VERBAL DISPUTE,B3,428,,2017-08-26 17:04:00,2017,8,Saturday,17,Part Three,LANDOR RD,42.28319809,-71.09098657,"(42.28319809, -71.09098657)"
I162005845,802,Simple Assault,ASSAULT SIMPLE - BATTERY,C11,235,,2016-01-22 10:08:00,2016,1,Friday,10,Part Two,MOSELEY ST,42.32086661,-71.05411113,"(42.32086661, -71.05411113)"
I172059471,3207,Property Found,PROPERTY - FOUND,C6,177,,2017-07-22 12:45:00,2017,7,Saturday,12,Part Three,NEW SUDBURY ST,42.36183857,-71.05976489,"(42.36183857, -71.05976489)"
I162076947,3831,Motor Vehicle Accident Response,M/V - LEAVING SCENE - PROPERTY DAMAGE,B2,458,,2016-09-20 13:47:00,2016,9,Tuesday,13,Part Three,BLUE HILL AVE,42.30938437,-71.08262277,"(42.30938437, -71.08262277)"
I172090606,3410,Towed,TOWED MOTOR VEHICLE,C11,243,,2017-10-30 05:32:00,2017,10,Monday,5,Part Three,MORRILL ST,42.31633114,-71.06035002,"(42.31633114, -71.06035002)"
I172073032,3115,Investigate Person,INVESTIGATE PERSON,E13,307,,2017-09-03 11:52:00,2017,9,Sunday,11,Part Three,WALNUT PARK,42.31591905,-71.09691295,"(42.31591905, -71.09691295)"
I172078501,2405,Disorderly Conduct,DISORDERLY CONDUCT,B2,289,,2017-09-21 07:45:00,2017,9,Thursday,7,Part Two,MALCOLM X BLVD,42.33123776,-71.09140736,"(42.33123776, -71.09140736)"
I182055475,3801,Motor Vehicle Accident Response,M/V ACCIDENT - OTHER,E18,523,,2018-07-14 15:48:00,2018,7,Saturday,15,Part Three,HYDE PARK AVE,42.24260011,-71.13035022,"(42.24260011, -71.13035022)"
I162073226,2629,Harassment,HARASSMENT,B3,422,,2016-09-08 15:36:00,2016,9,Thursday,15,Part Two,RIVER ST,42.27133005,-71.08299865,"(42.27133005, -71.08299865)"
I162049040,2007,Restraining Order Violations,VIOL. OF RESTRAINING ORDER W NO ARREST,B3,421,,2016-06-20 16:00:00,2016,6,Monday,16,Part Two,RICH ST,42.27586847,-71.08852892,"(42.27586847, -71.08852892)"
I182027570,3125,Warrant Arrests,WARRANT ARREST,E13,912,,2018-04-13 11:10:00,2018,4,Friday,11,Part Three,CENTRE ST,42.32290252,-71.10220402,"(42.32290252, -71.10220402)"
I162097026,613,Larceny,LARCENY SHOPLIFTING,D14,763,,2016-11-28 10:37:00,2016,11,Monday,10,Part One,WASHINGTON ST,42.34910076,-71.1561239,"(42.34910076, -71.15612390)"
I182056714,3207,Property Found,PROPERTY - FOUND,B2,288,,2018-07-19 01:06:00,2018,7,Thursday,1,Part Three,ROXBURY ST,42.32952036,-71.08530641,"(42.32952036, -71.08530641)"
I152094708,3111,License Violation,LICENSE PREMISE VIOLATION,A1,128,,2015-11-14 19:42:00,2015,11,Saturday,19,Part Three,COLUMBUS AVE,42.34944475,-71.07072461,"(42.34944475, -71.07072461)"
I172002012,3301,Verbal Disputes,VERBAL DISPUTE,D4,270,,2017-01-08 12:07:00,2017,1,Sunday,12,Part Three,NORTHAMPTON ST,42.33395125,-71.07538939,"(42.33395125, -71.07538939)"
I162001582,1848,Drug Violation,DRUGS - POSS CLASS D - INTENT TO MFR DIST DISP,B3,465,,2016-01-06 18:31:00,2016,1,Wednesday,18,Part Two,BLUE HILL AVE,42.28482577,-71.09137369,"(42.28482577, -71.09137369)"
I162069833,3410,Towed,TOWED MOTOR VEHICLE,D4,598,,2016-08-28 07:22:00,2016,8,Sunday,7,Part Three,MASSACHUSETTS AVE,42.34676463,-71.08747789,"(42.34676463, -71.08747789)"
I152056119,619,Larceny,LARCENY ALL OTHERS,A1,61,,2015-07-07 18:08:00,2015,7,Tuesday,18,Part One,CAUSEWAY ST,42.3653748,-71.06154162,"(42.36537480, -71.06154162)"
I172107629,3125,Warrant Arrests,WARRANT ARREST,A1,123,,2017-12-31 15:10:00,2017,12,Sunday,15,Part Three,WASHINGTON ST,42.34997256,-71.06348817,"(42.34997256, -71.06348817)"
I172016448,2403,Disorderly Conduct,DISTURBING THE PEACE,C11,384,,2017-03-01 09:06:00,2017,3,Wednesday,9,Part Two,BELTON ST,42.28161505,-71.04946953,"(42.28161505, -71.04946953)"
I172067827,619,Larceny,LARCENY ALL OTHERS,C6,186,,2017-08-17 13:29:00,2017,8,Thursday,13,Part One,BOSTON ST,42.32593682,-71.05885279,"(42.32593682, -71.05885279)"
I172073656,3018,Medical Assistance,SICK/INJURED/MEDICAL - POLICE,E5,691,,2017-09-05 19:36:00,2017,9,Tuesday,19,Part Three,CENTRE ST,42.28709355,-71.14822128,"(42.28709355, -71.14822128)"
I172049402,3130,Search Warrants,SEARCH WARRANT,A1,93,,2017-06-20 16:01:00,2017,6,Tuesday,16,Part Three,UNION ST,42.36068787,-71.05687293,"(42.36068787, -71.05687293)"
I182045985,3831,Motor Vehicle Accident Response,M/V - LEAVING SCENE - PROPERTY DAMAGE,C11,365,,2018-06-12 16:00:00,2018,6,Tuesday,16,Part Three,SAINT MARKS RD,42.29144845,-71.06171936,"(42.29144845, -71.06171936)"
I162010267,3115,Investigate Person,INVESTIGATE PERSON,B3,409,,2016-02-07 11:26:00,2016,2,Sunday,11,Part Three,CEDAR ST,42.27237694,-71.07524224,"(42.27237694, -71.07524224)"
I172045522,413,Aggravated Assault,ASSAULT - AGGRAVATED - BATTERY,D4,134,,2017-06-08 15:14:00,2017,6,Thursday,15,Part One,DARTMOUTH ST,42.35029374,-71.07744671,"(42.35029374, -71.07744671)"
I182040308,3115,Investigate Person,INVESTIGATE PERSON,B2,295,,2018-05-26 08:00:00,2018,5,Saturday,8,Part Three,REGENT ST,42.32591891,-71.08366216,"(42.32591891, -71.08366216)"
I162045765,3410,Towed,TOWED MOTOR VEHICLE,D4,284,,2016-06-10 10:20:00,2016,6,Friday,10,Part Three,COLUMBUS AVE,42.3372465,-71.0864465,"(42.33724650, -71.08644650)"
I172054242,613,Larceny,LARCENY SHOPLIFTING,C6,186,,2017-07-05 16:15:00,2017,7,Wednesday,16,Part One,ALLSTATE RD,42.32696647,-71.06198607,"(42.32696647, -71.06198607)"
I172079695,3007,Medical Assistance,SUDDEN DEATH,A1,63,,2017-09-24 19:04:00,2017,9,Sunday,19,Part Three,LONGFELLOW PL,42.3635655,-71.06449385,"(42.36356550, -71.06449385)"
I182068465,619,Larceny,LARCENY ALL OTHERS,E5,691,,2018-08-24 10:00:00,2018,8,Friday,10,Part One,CENTRE ST,42.28709355,-71.14822128,"(42.28709355, -71.14822128)"
I182012165,619,Larceny,LARCENY ALL OTHERS,A7,20,,2018-02-15 14:57:00,2018,2,Thursday,14,Part One,CHELSEA ST,42.37638326,-71.03124103,"(42.37638326, -71.03124103)"
I162018510,3111,License Violation,LICENSE PREMISE VIOLATION,D4,143,,2016-03-09 13:38:00,2016,3,Wednesday,13,Part Three,BOYLSTON ST,42.34862382,-71.08277637,"(42.34862382, -71.08277637)"
I172090850,3125,Warrant Arrests,WARRANT ARREST,D4,142,,2017-10-30 19:12:00,2017,10,Monday,19,Part Three,NEWBURY ST,42.34840576,-71.08688339,"(42.34840576, -71.08688339)"
I172037459,3115,Investigate Person,INVESTIGATE PERSON,E18,529,,2017-05-12 20:41:00,2017,5,Friday,20,Part Three,DANNY RD,42.24133823,-71.13894909,"(42.24133823, -71.13894909)"
I162078021,3111,License Violation,LICENSE PREMISE VIOLATION,D4,129,,2016-09-23 20:32:00,2016,9,Friday,20,Part Three,SAINT JAMES AVE,42.35074192,-71.07146111,"(42.35074192, -71.07146111)"
I162042899,3301,Verbal Disputes,VERBAL DISPUTE,B3,437,,2016-06-01 00:50:00,2016,6,Wednesday,0,Part Three,DARLINGTON ST,42.28927826,-71.07581493,"(42.28927826, -71.07581493)"
I172045162,2907,Violations,VAL - OPERATING AFTER REV/SUSP.,C11,352,,2017-06-07 12:09:00,2017,6,Wednesday,12,Part Two,GENEVA AVE,42.30046668,-71.06647544,"(42.30046668, -71.06647544)"
I162070412,3301,Verbal Disputes,VERBAL DISPUTE,B2,185,,2016-08-30 02:15:00,2016,8,Tuesday,2,Part Three,MASSACHUSETTS AVE,42.32198656,-71.06280666,"(42.32198656, -71.06280666)"
I182040999,1843,Drug Violation,DRUGS - POSS CLASS B - INTENT TO MFR DIST DISP,A1,117,,2018-05-28 19:03:00,2018,5,Monday,19,Part Two,BOYLSTON ST,42.3523414,-71.06296987,"(42.35234140, -71.06296987)"
I182066487,2914,Violations,VAL - OPERATING W/O AUTHORIZATION LAWFUL,B3,436,,2018-08-10 00:00:00,2018,8,Friday,0,Part Two,WITHINGTON ST,42.28784229,-71.07263066,"(42.28784229, -71.07263066)"
I182024191,3114,Investigate Property,INVESTIGATE PROPERTY,E13,912,,2018-04-01 13:55:00,2018,4,Sunday,13,Part Three,CENTRE ST,42.32283759,-71.10096723,"(42.32283759, -71.10096723)"
I182046307,3006,Medical Assistance,SICK/INJURED/MEDICAL - PERSON,E5,723,,2018-06-14 15:23:00,2018,6,Thursday,15,Part Three,GOULD ST,42.27126158,-71.16762399,"(42.27126158, -71.16762399)"
I172087758,616,Larceny,LARCENY THEFT OF BICYCLE,D4,129,,2017-10-19 09:00:00,2017,10,Thursday,9,Part One,SAINT JAMES AVE,42.35074192,-71.07146111,"(42.35074192, -71.07146111)"
I162076410,3006,Medical Assistance,SICK/INJURED/MEDICAL - PERSON,B3,450,,2016-09-18 20:25:00,2016,9,Sunday,20,Part Three,WHEATLAND AVE,42.29350272,-71.07344862,"(42.29350272, -71.07344862)"
I152067740,613,Larceny,LARCENY SHOPLIFTING,D4,627,,2015-08-16 06:39:00,2015,8,Sunday,6,Part One,KILMARNOCK ST,42.34353469,-71.09980109,"(42.34353469, -71.09980109)"
I182060461,3208,Property Lost,PROPERTY - MISSING,D4,146,,2018-07-31 00:00:00,2018,7,Tuesday,0,Part Three,SAINT BOTOLPH ST,42.34561901,-71.07990847,"(42.34561901, -71.07990847)"
I152058879,2647,Other,THREATS TO DO BODILY HARM,B2,282,,2015-07-16 17:45:00,2015,7,Thursday,17,Part Two,WASHINGTON ST,42.32866284,-71.08563401,"(42.32866284, -71.08563401)"
I182002410,1402,Vandalism,VANDALISM,D14,788,,2018-01-08 20:00:00,2018,1,Monday,20,Part Two,CHISWICK RD,42.33928823,-71.15006824,"(42.33928823, -71.15006824)"
I162059365,3301,Verbal Disputes,VERBAL DISPUTE,B2,265,,2016-07-25 13:49:00,2016,7,Monday,13,Part Three,PERRIN ST,42.32274491,-71.07799077,"(42.32274491, -71.07799077)"
I182049165,3803,Motor Vehicle Accident Response,M/V ACCIDENT - PERSONAL INJURY,E18, ,,2018-06-23 16:20:00,2018,6,Saturday,16,Part Three,CUMMINS HWY,,,"(0.00000000, 0.00000000)"
I172056032,3801,Motor Vehicle Accident Response,M/V ACCIDENT - OTHER,E18, ,,2017-07-11 13:19:00,2017,7,Tuesday,13,Part Three,HYDE PARK AVE,,,"(0.00000000, 0.00000000)"
I172105256,3130,Search Warrants,SEARCH WARRANT,D14,939,,2017-12-21 10:04:00,2017,12,Thursday,10,Part Three,FANEUIL ST,42.35555336,-71.15274721,"(42.35555336, -71.15274721)"
I162063389,1300,Recovered Stolen Property,STOLEN PROPERTY - BUYING / RECEIVING / POSSESSING,A1,123,,2016-08-07 15:33:00,2016,8,Sunday,15,Part Two,WASHINGTON ST,42.34997256,-71.06348817,"(42.34997256, -71.06348817)"
I182048956,3109,Police Service Incidents,SERVICE TO OTHER PD INSIDE OF MA.,B3,445,,2018-06-22 23:29:00,2018,6,Friday,23,Part Three,GREENWOOD ST,42.29716347,-71.07954018,"(42.29716347, -71.07954018)"
I152084123,3006,Medical Assistance,SICK/INJURED/MEDICAL - PERSON,B2,305,,2015-10-09 20:39:00,2015,10,Friday,20,Part Three,KENSINGTON ST,42.3206268,-71.09108856,"(42.32062680, -71.09108856)"
I182063104,3111,License Violation,LICENSE PREMISE VIOLATION,A1,94,,2018-08-09 00:15:00,2018,8,Thursday,0,Part Three,CHATHAM ST,42.35969525,-71.05401301,"(42.35969525, -71.05401301)"
I182059277,613,Larceny,LARCENY SHOPLIFTING,D4,137,,2018-07-27 13:41:00,2018,7,Friday,13,Part One,NEWBURY ST,42.34999733,-71.0810344,"(42.34999733, -71.08103440)"
I152106811,619,Larceny,LARCENY ALL OTHERS,B3,463,,2015-12-27 17:48:00,2015,12,Sunday,17,Part One,BLUE HILL AVE,42.2973366,-71.08729604,"(42.29733660, -71.08729604)"
I162095395,1849,Drug Violation,"DRUGS - POSS CLASS B - COCAINE, ETC.",B3, ,,2016-11-21 18:35:28,2016,11,Monday,18,Part Two,WESTVIEW ST AND AMES,,,"(0.00000000, 0.00000000)"
I152083575,3301,Verbal Disputes,VERBAL DISPUTE,C11,462,,2015-10-08 04:45:25,2015,10,Thursday,4,Part Three,BOWDOIN ST,42.30291764,-71.07150861,"(42.30291764, -71.07150861)"
I182059748,614,Larceny From Motor Vehicle,LARCENY THEFT FROM MV - NON-ACCESSORY,D4,621,,2018-07-28 23:20:00,2018,7,Saturday,23,Part One,COMMONWEALTH AVE,42.3492468,-71.08956259,"(42.34924680, -71.08956259)"
I172027454,3006,Medical Assistance,SICK/INJURED/MEDICAL - PERSON,A7,23,,2017-04-08 21:35:00,2017,4,Saturday,21,Part Three,SARATOGA ST,42.37704396,-71.03518074,"(42.37704396, -71.03518074)"
I152053529,3830,Motor Vehicle Accident Response,M/V - LEAVING SCENE - PERSONAL INJURY,B3,430,,2015-06-27 12:45:00,2015,6,Saturday,12,Part Three,BLUE HILL AVE,42.28451318,-71.09125682,"(42.28451318, -71.09125682)"
I172098426,3006,Medical Assistance,SICK/INJURED/MEDICAL - PERSON,B2,263,,2017-11-26 22:52:00,2017,11,Sunday,22,Part Three,BLUE HILL AVE,42.32324394,-71.07642483,"(42.32324394, -71.07642483)"
I162011365,802,Simple Assault,ASSAULT SIMPLE - BATTERY,C6,913,,2016-02-05 03:35:00,2016,2,Friday,3,Part Two,OCEAN VIEW DR,42.31855308,-71.03860648,"(42.31855308, -71.03860648)"
I162027802,613,Larceny,LARCENY SHOPLIFTING,D4,137,,2016-04-10 17:52:00,2016,4,Sunday,17,Part One,NEWBURY ST,42.35059717,-71.07881031,"(42.35059717, -71.07881031)"
I162001551,520,Residential Burglary,BURGLARY - RESIDENTIAL - FORCE,E5,707,,2016-01-06 11:00:00,2016,1,Wednesday,11,Part One,WASHINGTON ST,42.26999391,-71.14791416,"(42.26999391, -71.14791416)"
I172006536,2907,Violations,VAL - OPERATING AFTER REV/SUSP.,C11,334,,2017-01-24 19:27:00,2017,1,Tuesday,19,Part Two,TOVAR ST,42.3102849,-71.06348374,"(42.31028490, -71.06348374)"
I172086814,3115,Investigate Person,INVESTIGATE PERSON,B3,455,,2017-10-17 21:00:00,2017,10,Tuesday,21,Part Three,NORWELL ST,42.30132851,-71.07870873,"(42.30132851, -71.07870873)"
I162019961,1848,Drug Violation,DRUGS - POSS CLASS D - INTENT TO MFR DIST DISP,B2,329,,2016-03-14 14:01:00,2016,3,Monday,14,Part Two,,,,"(0.00000000, 0.00000000)"
I162070326,3301,Verbal Disputes,VERBAL DISPUTE,E5,557,,2016-08-29 19:14:00,2016,8,Monday,19,Part Three,POPLAR ST,42.28175144,-71.12708183,"(42.28175144, -71.12708183)"
I162053758,617,Larceny,LARCENY THEFT FROM BUILDING,C6,913,,2016-06-30 17:20:00,2016,6,Thursday,17,Part One,BEACH POINT PL,42.31887581,-71.03999474,"(42.31887581, -71.03999474)"
I162081274,2905,Violations,VAL - OPERATING WITHOUT LICENSE,D4,903,,2016-10-04 14:37:00,2016,10,Tuesday,14,Part Two,SHAWMUT AVE,42.33543394,-71.08076738,"(42.33543394, -71.08076738)"
I172027262,3125,Warrant Arrests,WARRANT ARREST,C11,367,,2017-04-08 07:51:00,2017,4,Saturday,7,Part Three,GIBSON ST,42.29755533,-71.0597091,"(42.29755533, -71.05970910)"
I172054992,3006,Medical Assistance,SICK/INJURED/MEDICAL - PERSON,B3,472,,2017-07-07 23:19:00,2017,7,Friday,23,Part Three,BLUE HILL AVE,42.27386225,-71.09369539,"(42.27386225, -71.09369539)"
I182051649,3502,Missing Person Located,MISSING PERSON - LOCATED,B3,421,,2018-06-28 05:00:00,2018,6,Thursday,5,Part Three,FRENCH ST,42.27450175,-71.09042183,"(42.27450175, -71.09042183)"
I162043236,3130,Search Warrants,SEARCH WARRANT,B2,325,,2016-06-02 06:23:00,2016,6,Thursday,6,Part Three,DACIA ST,42.31484522,-71.07738943,"(42.31484522, -71.07738943)"
I152091755,3410,Towed,TOWED MOTOR VEHICLE,C11,255,,2015-11-05 02:50:00,2015,11,Thursday,2,Part Three,DORCHESTER AVE,42.31249706,-71.05731757,"(42.31249706, -71.05731757)"
I152106368,617,Larceny,LARCENY THEFT FROM BUILDING,B2,328,,2015-12-25 12:00:00,2015,12,Friday,12,Part One,INTERVALE ST,42.30942147,-71.07460029,"(42.30942147, -71.07460029)"
I162095529,1843,Drug Violation,DRUGS - POSS CLASS B - INTENT TO MFR DIST DISP,A1,115,,2016-11-22 08:40:00,2016,11,Tuesday,8,Part Two,BOYLSTON ST,42.3523119,-71.0637051,"(42.35231190, -71.06370510)"
I182000884,3001,Medical Assistance,DEATH INVESTIGATION,D4,905,,2018-01-04 10:16:00,2018,1,Thursday,10,Part Three,HARRISON AVE,42.33555954,-71.07436364,"(42.33555954, -71.07436364)"
I182052185,3114,Investigate Property,INVESTIGATE PROPERTY,D4,131,,2018-07-03 13:12:00,2018,7,Tuesday,13,Part Three,BEACON ST,42.35505244,-71.07390742,"(42.35505244, -71.07390742)"
I152106826,2647,Other,THREATS TO DO BODILY HARM,C6,222,,2015-12-27 19:03:00,2015,12,Sunday,19,Part Two,E THIRD ST,42.33644187,-71.03898738,"(42.33644187, -71.03898738)"
I162041848,3803,Motor Vehicle Accident Response,M/V ACCIDENT - PERSONAL INJURY,C11,335,,2016-05-28 14:27:00,2016,5,Saturday,14,Part Three,COLEMAN ST,42.30859269,-71.06570888,"(42.30859269, -71.06570888)"
I172074305,3501,Missing Person Reported,MISSING PERSON,B2,308,,2017-09-07 19:44:00,2017,9,Thursday,19,Part Three,WALNUT AVE,42.31966035,-71.08946896,"(42.31966035, -71.08946896)"
I182001573,2102,Operating Under the Influence,OPERATING UNDER THE INFLUENCE DRUGS,D4,156,,2018-01-07 11:09:00,2018,1,Sunday,11,Part Two,MASSACHUSETTS AVE,42.33903373,-71.07997273,"(42.33903373, -71.07997273)"
I182030621,3501,Missing Person Reported,MISSING PERSON,A7,30,,2018-04-12 13:00:00,2018,4,Thursday,13,Part Three,EVERETT ST,42.3680977,-71.03606404,"(42.36809770, -71.03606404)"
I162045152,1846,Drug Violation,DRUGS - POSS CLASS E,D4, ,,2016-06-08 10:40:00,2016,6,Wednesday,10,Part Two,,,,"(0.00000000, 0.00000000)"
I172057273,520,Residential Burglary,BURGLARY - RESIDENTIAL - FORCE,E13,571,,2017-07-15 13:36:00,2017,7,Saturday,13,Part One,PARK LN,42.31078736,-71.09885578,"(42.31078736, -71.09885578)"
I172001646,3114,Investigate Property,INVESTIGATE PROPERTY,B2,289,,2017-01-06 19:51:00,2017,1,Friday,19,Part Three,MALCOLM X BLVD,42.33123776,-71.09140736,"(42.33123776, -71.09140736)"
I182057476,3410,Towed,TOWED MOTOR VEHICLE,E18,519,,2018-07-21 13:47:00,2018,7,Saturday,13,Part Three,RIVER ST,42.25604138,-71.12102424,"(42.25604138, -71.12102424)"
I182000530,3803,Motor Vehicle Accident Response,M/V ACCIDENT - PERSONAL INJURY,D4, ,,2018-01-03 02:30:00,2018,1,Wednesday,2,Part Three,HERALD ST,,,"(0.00000000, 0.00000000)"
I172000764,2670,Criminal Harassment,CRIMINAL HARASSMENT,C11,341,,2017-01-03 20:53:00,2017,1,Tuesday,20,Part Two,SPEEDWELL ST,42.30406722,-71.06760042,"(42.30406722, -71.06760042)"
I162104253,3301,Verbal Disputes,VERBAL DISPUTE,C11,379,,2016-12-22 21:07:00,2016,12,Thursday,21,Part Three,ADAMS ST,42.28397463,-71.05553564,"(42.28397463, -71.05553564)"
I182045547,423,Aggravated Assault,ASSAULT - AGGRAVATED,D4,130,,2018-06-12 12:12:00,2018,6,Tuesday,12,Part One,DARTMOUTH ST,42.34842775,-71.07646876,"(42.34842775, -71.07646876)"
I162067529,802,Simple Assault,ASSAULT SIMPLE - BATTERY,D4,134,,2016-08-10 02:00:00,2016,8,Wednesday,2,Part Two,BOYLSTON ST,42.3503787,-71.07626098,"(42.35037870, -71.07626098)"
I172041971,1402,Vandalism,VANDALISM,, ,,2017-01-17 13:00:00,2017,1,Tuesday,13,Part Two,PUBLIC ALLEY NO. 420,42.35411213,-71.07568185,"(42.35411213, -71.07568185)"
I152097944,802,Simple Assault,ASSAULT SIMPLE - BATTERY,B2,605,,2015-11-26 02:20:00,2015,11,Thursday,2,Part Two,PARKER HILL AVE,42.33093363,-71.10956443,"(42.33093363, -71.10956443)"
I162094272,3125,Warrant Arrests,WARRANT ARREST,B3,456,,2016-11-17 20:42:00,2016,11,Thursday,20,Part Three,GREENWOOD ST,42.30262129,-71.07918399,"(42.30262129, -71.07918399)"
I172005135,3114,Investigate Property,INVESTIGATE PROPERTY,D4,137,,2017-01-20 00:03:00,2017,1,Friday,0,Part Three,NEWBURY ST,42.3494205,-71.083158,"(42.34942050, -71.08315800)"
I172105977,3114,Investigate Property,INVESTIGATE PROPERTY,B2,258,,2017-12-24 05:31:00,2017,12,Sunday,5,Part Three,COLUMBIA RD,42.315969,-71.066253,"(42.31596900, -71.06625300)"
I172012468,3201,Property Lost,PROPERTY - LOST,A1, ,,2017-02-15 17:08:00,2017,2,Wednesday,17,Part Three,,,,"(0.00000000, 0.00000000)"
I182003034,3803,Motor Vehicle Accident Response,M/V ACCIDENT - PERSONAL INJURY,B3,466,,2018-01-12 10:22:00,2018,1,Friday,10,Part Three,DEERING RD,42.28414025,-71.09305138,"(42.28414025, -71.09305138)"
I162071019,301,Robbery,ROBBERY - STREET,B2, ,,2016-08-31 22:20:00,2016,8,Wednesday,22,Part One,,,,"(0.00000000, 0.00000000)"
I182042691,3410,Towed,TOWED MOTOR VEHICLE,C6,231,,2018-06-02 20:46:52,2018,6,Saturday,20,Part Three,MONKS ST,42.33276043,-71.03257621,"(42.33276043, -71.03257621)"
I182004571,3410,Towed,TOWED MOTOR VEHICLE,C11,336,,2018-01-17 19:01:00,2018,1,Wednesday,19,Part Three,BOWDOIN ST,42.30406551,-71.0700332,"(42.30406551, -71.07003320)"
I172013733,1402,Vandalism,VANDALISM,B3,459,,2017-02-19 21:37:00,2017,2,Sunday,21,Part Two,COLUMBIA RD,42.30391611,-71.08259618,"(42.30391611, -71.08259618)"
I162076154,3006,Medical Assistance,SICK/INJURED/MEDICAL - PERSON,D14,282,,2016-09-18 01:33:00,2016,9,Sunday,1,Part Three,WASHINGTON ST,42.32866284,-71.08563401,"(42.32866284, -71.08563401)"
I162006735,3108,Fire Related Reports,"FIRE REPORT - HOUSE, BUILDING, ETC.",C11,334,,2016-01-25 19:09:00,2016,1,Monday,19,Part Three,BOWDOIN ST,42.30839354,-71.06473124,"(42.30839354, -71.06473124)"
I152051986,1874,Drug Violation,DRUGS - OTHER,C11,367,,2015-06-23 16:52:00,2015,6,Tuesday,16,Part Two,HANCOCK ST,42.310434,-71.0613401,"(42.31043400, -71.06134010)"
I172062656,520,Residential Burglary,BURGLARY - RESIDENTIAL - FORCE,E18,481,,2017-08-01 15:53:00,2017,8,Tuesday,15,Part One,CUMMINS HWY,42.26911567,-71.09647122,"(42.26911567, -71.09647122)"
I152107541,3006,Medical Assistance,SICK/INJURED/MEDICAL - PERSON,C11,333,,2015-12-30 15:58:00,2015,12,Wednesday,15,Part Three,MOUNT EVERETT ST,42.31013569,-71.0702931,"(42.31013569, -71.07029310)"
I152087209,301,Robbery,ROBBERY - STREET,B3,443,,2015-10-20 16:45:00,2015,10,Tuesday,16,Part One,GREENWOOD ST,42.29659575,-71.07945406,"(42.29659575, -71.07945406)"
I162024312,1874,Drug Violation,DRUGS - OTHER,B2,282,,2016-03-29 18:51:00,2016,3,Tuesday,18,Part Two,WASHINGTON ST,42.32866284,-71.08563401,"(42.32866284, -71.08563401)"
I182027282,2401,Disorderly Conduct,AFFRAY,C11,356,,2018-04-12 12:12:00,2018,4,Thursday,12,Part Two,GENEVA AVE,42.29848866,-71.06313294,"(42.29848866, -71.06313294)"
I162049833,3810,Motor Vehicle Accident Response,M/V ACCIDENT - INVOLVING  BICYCLE - INJURY,D4,630,,2016-06-21 18:00:00,2016,6,Tuesday,18,Part Three,BEACON ST,42.347265,-71.102949,"(42.34726500, -71.10294900)"
I162048802,802,Simple Assault,ASSAULT SIMPLE - BATTERY,C11,246,,2016-06-20 05:32:00,2016,6,Monday,5,Part Two,ROMSEY ST,42.31619008,-71.05587937,"(42.31619008, -71.05587937)"
I182058318,3502,Missing Person Located,MISSING PERSON - LOCATED,B3,418,,2018-07-24 12:51:00,2018,7,Tuesday,12,Part Three,FULLER ST,42.28009279,-71.0800541,"(42.28009279, -71.08005410)"
I172056778,3115,Investigate Person,INVESTIGATE PERSON,D4,618,,2017-07-13 19:11:00,2017,7,Thursday,19,Part Three,HEMENWAY ST,42.3414661,-71.09082781,"(42.34146610, -71.09082781)"
I162009157,3201,Property Lost,PROPERTY - LOST,B2,612,,2016-02-01 10:00:00,2016,2,Monday,10,Part Three,LONGWOOD AVE,42.33744152,-71.10428096,"(42.33744152, -71.10428096)"
I162053306,1402,Vandalism,VANDALISM,C11,337,,2016-07-04 16:00:00,2016,7,Monday,16,Part Two,BEECHWOOD ST,42.30524412,-71.074838,"(42.30524412, -71.07483800)"
I162047573,3205,License Plate Related Incidents,M/V PLATES - LOST,E18,485,,2016-06-16 02:05:00,2016,6,Thursday,2,Part Three,ALPINE ST,42.26461393,-71.10173362,"(42.26461393, -71.10173362)"
I162035674,3831,Motor Vehicle Accident Response,M/V - LEAVING SCENE - PROPERTY DAMAGE,D14, ,,2016-05-07 14:30:00,2016,5,Saturday,14,Part Three,,,,"(0.00000000, 0.00000000)"
I162081813,3803,Motor Vehicle Accident Response,M/V ACCIDENT - PERSONAL INJURY,C11, ,,2016-10-06 09:55:00,2016,10,Thursday,9,Part Three,,42.29832707,-71.04832313,"(42.29832707, -71.04832313)"
I172085996,735,Auto Theft Recovery,RECOVERED - MV RECOVERED IN BOSTON (STOLEN OUTSIDE BOSTON),B3,457,,2017-10-15 00:47:00,2017,10,Sunday,0,Other,MCLELLAN ST,42.30084929,-71.08522128,"(42.30084929, -71.08522128)"
I172064744,3001,Medical Assistance,DEATH INVESTIGATION,C11,382,,2017-08-08 01:48:00,2017,8,Tuesday,1,Part Three,MYRTLEBANK AVE,42.27993887,-71.05290417,"(42.27993887, -71.05290417)"
I162030470,614,Larceny From Motor Vehicle,LARCENY THEFT FROM MV - NON-ACCESSORY,B2,319,,2016-04-19 19:15:00,2016,4,Tuesday,19,Part One,BLUE HILL AVE,42.30803768,-71.08359213,"(42.30803768, -71.08359213)"
I162014745,3301,Verbal Disputes,VERBAL DISPUTE,C6,915,,2016-02-24 20:46:00,2016,2,Wednesday,20,Part Three,PATTERSON WAY,42.33042505,-71.05237796,"(42.33042505, -71.05237796)"
I172024907,1504,Other,WEAPON - OTHER - OTHER VIOLATION,E5,563,,2017-03-31 10:08:00,2017,3,Friday,10,Part Two,FAWNDALE RD,42.28906908,-71.12116753,"(42.28906908, -71.12116753)"
I162058907,802,Simple Assault,ASSAULT SIMPLE - BATTERY,D14,755,,2016-07-23 22:30:00,2016,7,Saturday,22,Part Two,CHAMPNEY ST,42.35087213,-71.16877157,"(42.35087213, -71.16877157)"
I182004007,802,Simple Assault,ASSAULT SIMPLE - BATTERY,E13,577,,2018-01-15 19:45:00,2018,1,Monday,19,Part Two,WASHINGTON ST,42.31538436,-71.09870021,"(42.31538436, -71.09870021)"
I162061599,2900,Other,VAL - VIOLATION OF AUTO LAW - OTHER,B3,455,,2016-08-01 15:40:00,2016,8,Monday,15,Part Two,CARMEN ST,42.30068856,-71.07854838,"(42.30068856, -71.07854838)"
I182064017,1402,Vandalism,VANDALISM,D4,167,,2018-08-11 17:15:00,2018,8,Saturday,17,Part Two,HARRISON AVE,42.33954199,-71.06940877,"(42.33954199, -71.06940877)"
I162062282,3301,Verbal Disputes,VERBAL DISPUTE,E5,696,,2016-08-03 18:49:00,2016,8,Wednesday,18,Part Three,CENTRE ST,42.28728494,-71.15306857,"(42.28728494, -71.15306857)"
I152052762,3114,Investigate Property,INVESTIGATE PROPERTY,E18,481,,2015-06-26 01:34:00,2015,6,Friday,1,Part Three,RIVER ST,42.26633004,-71.09746447,"(42.26633004, -71.09746447)"
I162056067,2647,Other,THREATS TO DO BODILY HARM,B3,565,,2016-07-14 16:56:00,2016,7,Thursday,16,Part Two,SNOWDEN WAY,42.29071406,-71.09234897,"(42.29071406, -71.09234897)"
I162099246,3805,Motor Vehicle Accident Response,M/V ACCIDENT - POLICE VEHICLE,D14,779,,2016-12-05 19:19:00,2016,12,Monday,19,Part Three,ARLINGTON ST,42.35164054,-71.15192725,"(42.35164054, -71.15192725)"
I182023179,3130,Search Warrants,SEARCH WARRANT,B2,321,,2018-03-28 19:30:00,2018,3,Wednesday,19,Part Three,BLUE HILL AVE,42.31162834,-71.08094294,"(42.31162834, -71.08094294)"
I172099650,3115,Investigate Person,INVESTIGATE PERSON,B3,452,,2017-12-01 02:13:00,2017,12,Friday,2,Part Three,KENBERMA RD,42.29574022,-71.07322638,"(42.29574022, -71.07322638)"
I172062132,3301,Verbal Disputes,VERBAL DISPUTE,D4,271,,2017-07-31 08:17:00,2017,7,Monday,8,Part Three,MASSACHUSETTS AVE,42.335482,-71.07586449,"(42.33548200, -71.07586449)"
I172071579,2900,Other,VAL - VIOLATION OF AUTO LAW - OTHER,, ,,2017-08-29 16:26:00,2017,8,Tuesday,16,Part Two,MCLELLAN,-1.0,-1.0,"(-1.00000000, -1.00000000)"
I172090858,613,Larceny,LARCENY SHOPLIFTING,A1,111,,2017-10-29 15:00:00,2017,10,Sunday,15,Part One,WASHINGTON ST,42.35272948,-71.06256291,"(42.35272948, -71.06256291)"
I172106616,3115,Investigate Person,INVESTIGATE PERSON,A7,7,,2017-11-26 10:00:00,2017,11,Sunday,10,Part Three,ANTRIM ST,42.38753773,-71.00573267,"(42.38753773, -71.00573267)"
I172101812,802,Simple Assault,ASSAULT SIMPLE - BATTERY,B2,294,,2017-12-08 12:42:00,2017,12,Friday,12,Part Two,REGENT ST,42.32499184,-71.08510544,"(42.32499184, -71.08510544)"
I172070588,2907,Violations,VAL - OPERATING AFTER REV/SUSP.,B2,266,,2017-08-26 11:42:00,2017,8,Saturday,11,Part Two,WINTHROP ST,42.32506222,-71.0789508,"(42.32506222, -71.07895080)"
I162035967,3831,Motor Vehicle Accident Response,M/V - LEAVING SCENE - PROPERTY DAMAGE,D14,794,,2016-05-08 18:30:00,2016,5,Sunday,18,Part Three,BRIGHTON AVE,42.35310166,-71.13342247,"(42.35310166, -71.13342247)"
I182016396,3410,Towed,TOWED MOTOR VEHICLE,C6,219,,2018-03-03 07:30:00,2018,3,Saturday,7,Part Three,GATES ST,42.33208391,-71.04823023,"(42.33208391, -71.04823023)"
I152097389,3803,Motor Vehicle Accident Response,M/V ACCIDENT - PERSONAL INJURY,C11,823,,2015-11-24 06:01:00,2015,11,Tuesday,6,Part Three,STOUGHTON ST,42.31551723,-71.06171688,"(42.31551723, -71.06171688)"
I162028464,2905,Violations,VAL - OPERATING WITHOUT LICENSE,E13,582,,2016-04-12 19:58:00,2016,4,Tuesday,19,Part Two,CENTRE ST,42.32262869,-71.10583347,"(42.32262869, -71.10583347)"
I172010935,3410,Towed,TOWED MOTOR VEHICLE,A7,16,,2017-02-09 00:20:00,2017,2,Thursday,0,Part Three,CONDOR ST,42.38257493,-71.03026362,"(42.38257493, -71.03026362)"
I182057559,3810,Motor Vehicle Accident Response,M/V ACCIDENT - INVOLVING  BICYCLE - INJURY,A15,51,,2018-07-21 19:53:00,2018,7,Saturday,19,Part Three,MAIN ST,42.38409897,-71.0729656,"(42.38409897, -71.07296560)"
I182037368,3006,Medical Assistance,SICK/INJURED/MEDICAL - PERSON,B3,435,,2018-05-17 00:48:00,2018,5,Thursday,0,Part Three,EDSON ST,42.28623708,-71.07768279,"(42.28623708, -71.07768279)"
I172085671,3831,Motor Vehicle Accident Response,M/V - LEAVING SCENE - PROPERTY DAMAGE,D14, ,,2017-10-13 22:33:00,2017,10,Friday,22,Part Three,CAMBRIDGE ST,,,"(0.00000000, 0.00000000)"
I172054922,3106,Property Related Damage,PROPERTY - ACCIDENTAL DAMAGE,B2,280,,2017-07-07 14:50:00,2017,7,Friday,14,Part Three,WASHINGTON ST,42.32925905,-71.08482402,"(42.32925905, -71.08482402)"
I162059177,2647,Other,THREATS TO DO BODILY HARM,B2,328,,2016-07-25 00:15:00,2016,7,Monday,0,Part Two,NORMANDY ST,42.31071077,-71.07876813,"(42.31071077, -71.07876813)"
I162047235,3410,Towed,TOWED MOTOR VEHICLE,E13,639,,2016-06-15 06:42:00,2016,6,Wednesday,6,Part Three,CHESTNUT AVE,42.31290884,-71.10986001,"(42.31290884, -71.10986001)"
I162013725,802,Simple Assault,ASSAULT SIMPLE - BATTERY,D4,156,,2016-02-21 03:44:00,2016,2,Sunday,3,Part Two,W SPRINGFIELD ST,42.33795319,-71.0774931,"(42.33795319, -71.07749310)"
I152091766,3820,Motor Vehicle Accident Response,M/V ACCIDENT INVOLVING PEDESTRIAN - INJURY,C11,357,,2015-11-05 05:54:00,2015,11,Thursday,5,Part Three,WASHINGTON ST,42.2969072,-71.07233558,"(42.29690720, -71.07233558)"
I172065781,3301,Verbal Disputes,VERBAL DISPUTE,B3,432,,2017-08-11 01:54:00,2017,8,Friday,1,Part Three,MASCOT ST,42.28424514,-71.08452739,"(42.28424514, -71.08452739)"
I182007488,724,Auto Theft,AUTO THEFT,C11,918,,2018-01-28 21:30:00,2018,1,Sunday,21,Part One,SUMNER ST,42.31777605,-71.0619754,"(42.31777605, -71.06197540)"
I162090953,3114,Investigate Property,INVESTIGATE PROPERTY,C6,936,,2016-11-06 07:36:00,2016,11,Sunday,7,Part Three,W SEVENTH ST,42.33750921,-71.05582443,"(42.33750921, -71.05582443)"
I162038718,3115,Investigate Person,INVESTIGATE PERSON,C11,362,,2016-05-18 09:49:00,2016,5,Wednesday,9,Part Three,KENWOOD ST,42.29191251,-71.07049431,"(42.29191251, -71.07049431)"
I152104632,3201,Property Lost,PROPERTY - LOST,C6,186,,2015-12-19 11:55:00,2015,12,Saturday,11,Part Three,ALLSTATE RD,42.32696647,-71.06198607,"(42.32696647, -71.06198607)"
I162026949,3502,Missing Person Located,MISSING PERSON - LOCATED,B3,429,,2016-04-09 20:00:00,2016,4,Saturday,20,Part Three,HARWOOD ST,42.2857651,-71.08763245,"(42.28576510, -71.08763245)"
I162012263,802,Simple Assault,ASSAULT SIMPLE - BATTERY,B3,470,,2016-02-15 19:33:00,2016,2,Monday,19,Part Two,ALABAMA ST,42.27639356,-71.10175026,"(42.27639356, -71.10175026)"
I182026529,3006,Medical Assistance,SICK/INJURED/MEDICAL - PERSON,B3, ,,2018-04-09 19:09:17,2018,4,Monday,19,Part Three,BLUE HILL AVE,,,"(0.00000000, 0.00000000)"
I162071304,3115,Investigate Person,INVESTIGATE PERSON,B3,565,,2016-09-01 18:16:00,2016,9,Thursday,18,Part Three,SENATOR BOLLING CIR,42.28913147,-71.09293028,"(42.28913147, -71.09293028)"
I162092542,3803,Motor Vehicle Accident Response,M/V ACCIDENT - PERSONAL INJURY,B3,437,,2016-11-11 20:09:00,2016,11,Friday,20,Part Three,FERNDALE ST,42.2881688,-71.07709596,"(42.28816880, -71.07709596)"
I182027492,301,Robbery,ROBBERY - STREET,D4,624,,2018-04-13 00:05:00,2018,4,Friday,0,Part One,BROOKLINE AVE,42.34717072,-71.09855075,"(42.34717072, -71.09855075)"
I182044660,802,Simple Assault,ASSAULT SIMPLE - BATTERY,C11,393,,2018-06-09 12:25:00,2018,6,Saturday,12,Part Two,DORCHESTER AVE,42.28657334,-71.06408374,"(42.28657334, -71.06408374)"
I152049488,3006,Medical Assistance,SICK/INJURED/MEDICAL - PERSON,E18,502,,2015-06-15 01:53:00,2015,6,Monday,1,Part Three,JEWETT ST,42.28570914,-71.11730039,"(42.28570914, -71.11730039)"
I162036190,3006,Medical Assistance,SICK/INJURED/MEDICAL - PERSON,E5,724,,2016-05-09 19:42:00,2016,5,Monday,19,Part Three,VFW PKWY,42.26932098,-71.17204938,"(42.26932098, -71.17204938)"
I162034384,3109,Police Service Incidents,SERVICE TO OTHER PD INSIDE OF MA.,B2,289,,2016-05-03 15:35:00,2016,5,Tuesday,15,Part Three,SCHROEDER PLZ,42.33367922,-71.09187755,"(42.33367922, -71.09187755)"
I172094639,423,Aggravated Assault,ASSAULT - AGGRAVATED,A15,50,,2017-11-12 17:31:00,2017,11,Sunday,17,Part One,NEW RUTHERFORD AVE,42.37548425,-71.06872766,"(42.37548425, -71.06872766)"
I182064867,2646,Liquor Violation,LIQUOR - DRINKING IN PUBLIC,B2,288,,2018-08-14 18:29:00,2018,8,Tuesday,18,Part Two,ROXBURY ST,42.32952036,-71.08530641,"(42.32952036, -71.08530641)"
I172002486,3831,Motor Vehicle Accident Response,M/V - LEAVING SCENE - PROPERTY DAMAGE,E13,573,,2017-01-09 14:05:00,2017,1,Monday,14,Part Three,AMORY ST,42.30740521,-71.10909189,"(42.30740521, -71.10909189)"
I162044707,2629,Harassment,HARASSMENT,B2,268,,2016-06-07 01:59:00,2016,6,Tuesday,1,Part Two,DUDLEY ST,42.32742591,-71.07702562,"(42.32742591, -71.07702562)"
I162044068,3831,Motor Vehicle Accident Response,M/V - LEAVING SCENE - PROPERTY DAMAGE,D4, ,,2016-06-04 20:37:00,2016,6,Saturday,20,Part Three,,,,"(0.00000000, 0.00000000)"
I152106169,617,Larceny,LARCENY THEFT FROM BUILDING,D4,143,,2015-12-24 20:01:00,2015,12,Thursday,20,Part One,BOYLSTON ST,42.34862382,-71.08277637,"(42.34862382, -71.08277637)"
I152082653,1402,Vandalism,VANDALISM,C11,247,,2015-10-05 02:00:00,2015,10,Monday,2,Part Two,DORCHESTER AVE,42.31419023,-71.05693352,"(42.31419023, -71.05693352)"
I162039564,371,Robbery,ROBBERY - HOME INVASION,E18,492,,2016-05-21 01:30:00,2016,5,Saturday,1,Part One,HUNTINGTON AVE,42.26560754,-71.11608448,"(42.26560754, -71.11608448)"
I162096364,3006,Medical Assistance,SICK/INJURED/MEDICAL - PERSON,C11,356,,2016-11-25 15:40:00,2016,11,Friday,15,Part Three,GENEVA AVE,42.29848866,-71.06313294,"(42.29848866, -71.06313294)"
I182058633,3114,Investigate Property,INVESTIGATE PROPERTY,C11,249,,2018-07-25 12:41:00,2018,7,Wednesday,12,Part Three,SAXTON ST,42.31359091,-71.05432387,"(42.31359091, -71.05432387)"
I152063208,3006,Medical Assistance,SICK/INJURED/MEDICAL - PERSON,D14,777,,2015-07-31 12:40:00,2015,7,Friday,12,Part Three,WASHINGTON ST,42.34724186,-71.14870339,"(42.34724186, -71.14870339)"
I172064669,617,Larceny,LARCENY THEFT FROM BUILDING,C11,454,,2017-08-06 13:00:00,2017,8,Sunday,13,Part One,WASHINGTON ST,42.30022551,-71.07468313,"(42.30022551, -71.07468313)"
I162081821,802,Simple Assault,ASSAULT SIMPLE - BATTERY,B3,435,,2016-10-06 12:59:00,2016,10,Thursday,12,Part Two,ARMANDINE ST,42.28431486,-71.07410838,"(42.28431486, -71.07410838)"
I162007795,522,Residential Burglary,BURGLARY - RESIDENTIAL - NO FORCE,D4,146,,2016-01-28 10:00:00,2016,1,Thursday,10,Part One,SAINT BOTOLPH ST,42.34561901,-71.07990847,"(42.34561901, -71.07990847)"
I172063493,3831,Motor Vehicle Accident Response,M/V - LEAVING SCENE - PROPERTY DAMAGE,C11,358,,2017-08-04 00:11:00,2017,8,Friday,0,Part Three,GENEVA AVE,42.29848866,-71.06313294,"(42.29848866, -71.06313294)"
I172020021,3410,Towed,TOWED MOTOR VEHICLE,E13,303,,2017-03-14 03:00:00,2017,3,Tuesday,3,Part Three,W WALNUT PARK,42.31819906,-71.10008709,"(42.31819906, -71.10008709)"
I162031791,615,Larceny From Motor Vehicle,LARCENY THEFT OF MV PARTS & ACCESSORIES,B3,426,,2016-04-23 21:00:00,2016,4,Saturday,21,Part One,RIVER ST,42.26871441,-71.09221139,"(42.26871441, -71.09221139)"
I172067197,613,Larceny,LARCENY SHOPLIFTING,C11,402,,2017-08-15 16:06:00,2017,8,Tuesday,16,Part One,DORCHESTER AVE,42.28526024,-71.06444063,"(42.28526024, -71.06444063)"
I172051656,613,Larceny,LARCENY SHOPLIFTING,A1,94,,2017-06-27 11:19:00,2017,6,Tuesday,11,Part One,STATE ST,42.35942556,-71.05288819,"(42.35942556, -71.05288819)"
I152071688,3410,Towed,TOWED MOTOR VEHICLE,D4,273,,2015-08-29 08:37:00,2015,8,Saturday,8,Part Three,MASSACHUSETTS AVE,42.3368915,-71.077551,"(42.33689150, -71.07755100)"
I182059648,802,Simple Assault,ASSAULT SIMPLE - BATTERY,C11,337,,2018-07-29 12:15:00,2018,7,Sunday,12,Part Two,OLNEY ST,42.30512773,-71.07370747,"(42.30512773, -71.07370747)"
I172093103,802,Simple Assault,ASSAULT SIMPLE - BATTERY,A1,165,,2017-11-07 08:23:00,2017,11,Tuesday,8,Part Two,DORCHESTER AVE,42.33014012,-71.05695787,"(42.33014012, -71.05695787)"
I162028953,617,Larceny,LARCENY THEFT FROM BUILDING,E18,554,,2016-04-14 12:36:00,2016,4,Thursday,12,Part One,METROPOLITAN AVE,42.27250898,-71.12318965,"(42.27250898, -71.12318965)"
I172027893,3831,Motor Vehicle Accident Response,M/V - LEAVING SCENE - PROPERTY DAMAGE,B2,263,,2017-04-10 15:40:00,2017,4,Monday,15,Part Three,BLUE HILL AVE,42.3247019,-71.07542683,"(42.32470190, -71.07542683)"
I152084510,3114,Investigate Property,INVESTIGATE PROPERTY,A1,70,,2015-10-11 10:35:00,2015,10,Sunday,10,Part Three,LOUISBURG SQ,42.3584724,-71.06861909,"(42.35847240, -71.06861909)"
I172068119,3201,Property Lost,PROPERTY - LOST,A1,121,,2017-08-18 01:00:00,2017,8,Friday,1,Part Three,STUART ST,42.35106637,-71.06549569,"(42.35106637, -71.06549569)"
I182035401,2647,Other,THREATS TO DO BODILY HARM,C11,354,,2018-05-09 15:37:00,2018,5,Wednesday,15,Part Two,PARK ST,42.30050125,-71.05511587,"(42.30050125, -71.05511587)"
I182031956,3111,License Violation,LICENSE PREMISE VIOLATION,D4,151,,2018-04-28 23:45:00,2018,4,Saturday,23,Part Three,CHANDLER ST,42.34715987,-71.07026381,"(42.34715987, -71.07026381)"
I162068345,3810,Motor Vehicle Accident Response,M/V ACCIDENT - INVOLVING  BICYCLE - INJURY,E5,564,,2016-08-23 11:20:00,2016,8,Tuesday,11,Part Three,WASHINGTON ST,42.29723412,-71.11669286,"(42.29723412, -71.11669286)"
I182046583,3820,Motor Vehicle Accident Response,M/V ACCIDENT INVOLVING PEDESTRIAN - INJURY,A1,64,,2018-06-15 11:05:00,2018,6,Friday,11,Part Three,FRUIT ST,42.36240281,-71.06954652,"(42.36240281, -71.06954652)"
I152068177,3803,Motor Vehicle Accident Response,M/V ACCIDENT - PERSONAL INJURY,E18,498,,2015-08-17 18:00:00,2015,8,Monday,18,Part Three,HYDE PARK AVE,42.27380942,-71.11996035,"(42.27380942, -71.11996035)"
I162053164,3018,Medical Assistance,SICK/INJURED/MEDICAL - POLICE,A15,900,,2016-07-04 22:36:00,2016,7,Monday,22,Part Three,MCNULTY CT,42.37865852,-71.05769433,"(42.37865852, -71.05769433)"
I152059250,3801,Motor Vehicle Accident Response,M/V ACCIDENT - OTHER,C11,243,,2015-07-15 07:10:00,2015,7,Wednesday,7,Part Three,SALCOMBE ST,42.31511978,-71.06089032,"(42.31511978, -71.06089032)"
I182070354,1402,Vandalism,VANDALISM,C11,462,,2018-08-29 22:00:00,2018,8,Wednesday,22,Part Two,BOWDOIN AVE,42.30090969,-71.07425843,"(42.30090969, -71.07425843)"
I162013501,3109,Police Service Incidents,SERVICE TO OTHER PD INSIDE OF MA.,E5,551,,2016-02-19 16:54:00,2016,2,Friday,16,Part Three,GLENDOWER RD,42.27562519,-71.13142204,"(42.27562519, -71.13142204)"
I182031946,724,Auto Theft,AUTO THEFT,E18,479,,2018-04-28 22:10:00,2018,4,Saturday,22,Part One,CUMMINS HWY,42.27156283,-71.10594428,"(42.27156283, -71.10594428)"
I162036002,802,Simple Assault,ASSAULT SIMPLE - BATTERY,B2,319,,2016-05-09 10:08:00,2016,5,Monday,10,Part Two,MAPLE ST,42.30784206,-71.08650939,"(42.30784206, -71.08650939)"
I162012698,614,Larceny From Motor Vehicle,LARCENY THEFT FROM MV - NON-ACCESSORY,C11,356,,2016-02-17 13:54:00,2016,2,Wednesday,13,Part One,CHARLES ST,42.29990887,-71.06424768,"(42.29990887, -71.06424768)"
I172093872,3201,Property Lost,PROPERTY - LOST,B2,297,,2017-11-09 18:46:00,2017,11,Thursday,18,Part Three,WALNUT AVE,42.32217348,-71.08506711,"(42.32217348, -71.08506711)"
I182050658,521,Residential Burglary,BURGLARY - RESIDENTIAL - ATTEMPT,B3,411,,2018-06-28 09:55:00,2018,6,Thursday,9,Part One,MARYKNOLL TER,42.2759894,-71.07865649,"(42.27598940, -71.07865649)"
I172098910,2907,Violations,VAL - OPERATING AFTER REV/SUSP.,B3,439,,2017-11-28 16:37:00,2017,11,Tuesday,16,Part Two,BLUE HILL AVE,,,"(0.00000000, 0.00000000)"
I152053401,3625,Other,DANGEROUS OR HAZARDOUS CONDITION,E13,644,,2015-06-28 06:09:00,2015,6,Sunday,6,Part Three,HOLBROOK ST,42.31030262,-71.11729257,"(42.31030262, -71.11729257)"
I162042809,3803,Motor Vehicle Accident Response,M/V ACCIDENT - PERSONAL INJURY,B2,281,,2016-05-31 18:58:00,2016,5,Tuesday,18,Part Three,DUDLEY ST,42.32849143,-71.08121253,"(42.32849143, -71.08121253)"
I172099998,3115,Investigate Person,INVESTIGATE PERSON,C6,925,,2017-12-02 07:16:00,2017,12,Saturday,7,Part Three,W NINTH ST,42.33357533,-71.0529755,"(42.33357533, -71.05297550)"
I162003341,1832,Drug Violation,DRUGS - SICK ASSIST - OTHER HARMFUL DRUG,B2,603,,2016-01-13 02:55:00,2016,1,Wednesday,2,Part Two,TREMONT ST,42.33380683,-71.10377843,"(42.33380683, -71.10377843)"
I172044367,3831,Motor Vehicle Accident Response,M/V - LEAVING SCENE - PROPERTY DAMAGE,C6, ,,2017-06-04 19:29:00,2017,6,Sunday,19,Part Three,,,,"(0.00000000, 0.00000000)"
I162039164,1402,Vandalism,VANDALISM,B2,268,,2016-05-19 17:54:00,2016,5,Thursday,17,Part Two,EUSTIS ST,42.32723231,-71.07548216,"(42.32723231, -71.07548216)"
I152104531,3802,Motor Vehicle Accident Response,M/V ACCIDENT - PROPERTY  DAMAGE,B2, ,,2015-12-19 00:01:00,2015,12,Saturday,0,Part Three,,,,"(0.00000000, 0.00000000)"
I162105266,1402,Vandalism,VANDALISM,C6,915,,2016-12-24 13:00:00,2016,12,Saturday,13,Part Two,COLUMBIA RD,42.33032684,-71.04982159,"(42.33032684, -71.04982159)"
I172107476,520,Residential Burglary,BURGLARY - RESIDENTIAL - FORCE,E13,572,,2017-12-30 23:46:00,2017,12,Saturday,23,Part One,DIXWELL ST,42.31433402,-71.09791405,"(42.31433402, -71.09791405)"
I182007220,613,Larceny,LARCENY SHOPLIFTING,A15,56,,2018-01-27 21:02:00,2018,1,Saturday,21,Part One,THOMPSON SQ,42.3751514,-71.0639642,"(42.37515140, -71.06396420)"
I172052753,613,Larceny,LARCENY SHOPLIFTING,D4,130,,2017-06-30 18:06:00,2017,6,Friday,18,Part One,HUNTINGTON AVE,42.34749899,-71.07925506,"(42.34749899, -71.07925506)"
I182009527,1107,Fraud,FRAUD - IMPERSONATION,E18,490,,2017-12-01 09:00:00,2017,12,Friday,9,Part Two,ROANOKE RD,42.27112941,-71.11089554,"(42.27112941, -71.11089554)"
I152069003,617,Larceny,LARCENY THEFT FROM BUILDING,B2,282,,2015-08-04 16:30:00,2015,8,Tuesday,16,Part One,WARREN ST,42.32659809,-71.08336794,"(42.32659809, -71.08336794)"
I182004171,3831,Motor Vehicle Accident Response,M/V - LEAVING SCENE - PROPERTY DAMAGE,A7, ,,2018-01-16 14:55:00,2018,1,Tuesday,14,Part Three,PORTER ST,,,"(0.00000000, 0.00000000)"
I152060457,1843,Drug Violation,DRUGS - POSS CLASS B - INTENT TO MFR DIST DISP,C11,247,,2015-07-22 06:01:00,2015,7,Wednesday,6,Part Two,TREADWAY RD,42.31323306,-71.05813011,"(42.31323306, -71.05813011)"
I152104648,3201,Property Lost,PROPERTY - LOST,B2,612,,2015-12-19 13:07:00,2015,12,Saturday,13,Part Three,LONGWOOD AVE,42.33744152,-71.10428096,"(42.33744152, -71.10428096)"
I182067001,3115,Investigate Person,INVESTIGATE PERSON,C11,335,,2018-08-21 18:03:00,2018,8,Tuesday,18,Part Three,CLARKSON ST,42.30829668,-71.06747771,"(42.30829668, -71.06747771)"
I172011418,1402,Vandalism,VANDALISM,C11,817,,2017-02-11 18:47:00,2017,2,Saturday,18,Part Two,WELLES AVE,42.28927291,-71.06622608,"(42.28927291, -71.06622608)"
I162033713,2900,Other,VAL - VIOLATION OF AUTO LAW - OTHER,B2,239,,2016-05-01 09:09:00,2016,5,Sunday,9,Part Two,BELDEN SQ,42.31809215,-71.06583835,"(42.31809215, -71.06583835)"
I182051814,540,Commercial Burglary,BURGLARY - COMMERICAL - FORCE,E13,608,,2018-06-29 04:00:00,2018,6,Friday,4,Part One,S HUNTINGTON AVE,42.32639844,-71.11152626,"(42.32639844, -71.11152626)"
I182026914,3115,Investigate Person,INVESTIGATE PERSON,B2,331,,2018-03-15 00:00:00,2018,3,Thursday,0,Part Three,DRAYTON AVE,42.31215757,-71.07056813,"(42.31215757, -71.07056813)"
I182028745,2906,Violations,VAL - OPERATING UNREG/UNINS  CAR,C11,359,,2018-04-17 17:54:00,2018,4,Tuesday,17,Part Two,HOOPER ST,42.2945837,-71.06898342,"(42.29458370, -71.06898342)"
I172096797,3125,Warrant Arrests,WARRANT ARREST,C11,333,,2017-11-20 11:34:00,2017,11,Monday,11,Part Three,COLUMBIA RD,42.31069804,-71.07119068,"(42.31069804, -71.07119068)"
I182033464,801,Simple Assault,ASSAULT - SIMPLE,A1, ,,2018-05-03 23:00:00,2018,5,Thursday,23,Part Two,,42.36483322,-71.06231414,"(42.36483322, -71.06231414)"
I172024613,3801,Motor Vehicle Accident Response,M/V ACCIDENT - OTHER,B3,428,,2017-03-29 15:30:00,2017,3,Wednesday,15,Part Three,MORTON ST,42.28329074,-71.08916307,"(42.28329074, -71.08916307)"
I172027493,802,Simple Assault,ASSAULT SIMPLE - BATTERY,E13,639,,2017-04-09 00:30:00,2017,4,Sunday,0,Part Two,ROBINWOOD AVE,42.31624019,-71.11267011,"(42.31624019, -71.11267011)"
I172003155,413,Aggravated Assault,ASSAULT - AGGRAVATED - BATTERY,E13,579,,2017-01-12 16:41:00,2017,1,Thursday,16,Part One,CHESTNUT AVE,42.32155229,-71.10244044,"(42.32155229, -71.10244044)"
I162057998,3114,Investigate Property,INVESTIGATE PROPERTY,B2,325,,2016-07-21 01:12:00,2016,7,Thursday,1,Part Three,HUMPHREYS PL,,,"(0.00000000, 0.00000000)"
I182069199,617,Larceny,LARCENY THEFT FROM BUILDING,A1,111,,2018-08-29 01:32:00,2018,8,Wednesday,1,Part One,BOYLSTON ST,42.35232371,-71.06400187,"(42.35232371, -71.06400187)"
I162095791,3018,Medical Assistance,SICK/INJURED/MEDICAL - POLICE,B2,257,,2016-11-23 00:52:00,2016,11,Wednesday,0,Part Three,STOUGHTON ST,42.3166175,-71.06407827,"(42.31661750, -71.06407827)"
I162103125,1402,Vandalism,VANDALISM,B2,297,,2016-12-18 22:30:00,2016,12,Sunday,22,Part Two,MILLS ST,42.32130608,-71.08343731,"(42.32130608, -71.08343731)"
I182023438,3001,Medical Assistance,DEATH INVESTIGATION,D4,272,,2018-03-29 15:19:00,2018,3,Thursday,15,Part Three,THORNDIKE ST,42.33305751,-71.07847418,"(42.33305751, -71.07847418)"
I182021039,3301,Verbal Disputes,VERBAL DISPUTE,C11,340,,2018-03-20 18:31:00,2018,3,Tuesday,18,Part Three,FOX ST,42.30609597,-71.06425709,"(42.30609597, -71.06425709)"
I162055221,3201,Property Lost,PROPERTY - LOST,A1,93,,2016-07-09 01:30:00,2016,7,Saturday,1,Part Three,FANEUIL HALL MARKETPLACE,42.35997967,-71.05474135,"(42.35997967, -71.05474135)"
I172088627,3125,Warrant Arrests,WARRANT ARREST,A15,56,,2017-10-23 18:00:00,2017,10,Monday,18,Part Three,GREEN ST,42.37829905,-71.0621081,"(42.37829905, -71.06210810)"
I162062844,3801,Motor Vehicle Accident Response,M/V ACCIDENT - OTHER,C6,206,,2016-08-05 15:58:00,2016,8,Friday,15,Part Three,BOSTON WHARF RD,42.35062356,-71.04637521,"(42.35062356, -71.04637521)"
I182043058,3006,Medical Assistance,SICK/INJURED/MEDICAL - PERSON,B2,261,,2018-06-04 12:08:00,2018,6,Monday,12,Part Three,W COTTAGE ST,42.32105956,-71.07313291,"(42.32105956, -71.07313291)"
I162016228,614,Larceny From Motor Vehicle,LARCENY THEFT FROM MV - NON-ACCESSORY,A1,120,,2016-02-29 21:00:00,2016,2,Monday,21,Part One,BOYLSTON ST,42.35249485,-71.06749962,"(42.35249485, -71.06749962)"
I162026996,802,Simple Assault,ASSAULT SIMPLE - BATTERY,A1,76,,2016-04-07 18:12:00,2016,4,Thursday,18,Part Two,BEVERLY ST,42.36542502,-71.05957649,"(42.36542502, -71.05957649)"
I182022959,3801,Motor Vehicle Accident Response,M/V ACCIDENT - OTHER,E18,502,,2018-03-28 02:18:00,2018,3,Wednesday,2,Part Three,HYDE PARK AVE,42.28519412,-71.11881058,"(42.28519412, -71.11881058)"
I162101486,3831,Motor Vehicle Accident Response,M/V - LEAVING SCENE - PROPERTY DAMAGE,B3,414,,2016-12-13 10:51:00,2016,12,Tuesday,10,Part Three,PLEASANT HILL AVE,42.27595944,-71.07204816,"(42.27595944, -71.07204816)"
I162030588,617,Larceny,LARCENY THEFT FROM BUILDING,A7,16,,2015-11-01 12:00:00,2015,11,Sunday,12,Part One,E EAGLE ST,42.38134495,-71.03238071,"(42.38134495, -71.03238071)"
I162057837,423,Aggravated Assault,ASSAULT - AGGRAVATED,B3, ,,2016-07-20 15:20:00,2016,7,Wednesday,15,Part One,BLUE HILL AVE,,,"(0.00000000, 0.00000000)"
I162087416,3125,Warrant Arrests,WARRANT ARREST,A1,77,,2016-10-25 10:25:00,2016,10,Tuesday,10,Part Three,CONGRESS ST,42.36139413,-71.0576869,"(42.36139413, -71.05768690)"
I152071977,614,Larceny From Motor Vehicle,LARCENY THEFT FROM MV - NON-ACCESSORY,D4,626,,2015-08-29 12:00:00,2015,8,Saturday,12,Part One,QUEENSBERRY ST,42.34255587,-71.09807867,"(42.34255587, -71.09807867)"
I182065476,613,Larceny,LARCENY SHOPLIFTING,D4,146,,2018-08-16 16:56:00,2018,8,Thursday,16,Part One,HUNTINGTON AVE,42.3479724,-71.07849582,"(42.34797240, -71.07849582)"
I172014422,2629,Harassment,HARASSMENT,B2,258,,2017-02-02 08:01:00,2017,2,Thursday,8,Part Two,PLEASANT ST,42.31544307,-71.059799,"(42.31544307, -71.05979900)"
I182058675,3115,Investigate Person,INVESTIGATE PERSON,C6,225,,2018-07-25 14:16:00,2018,7,Wednesday,14,Part Three,G ST,42.33418306,-71.0442171,"(42.33418306, -71.04421710)"
I172002456,540,Commercial Burglary,BURGLARY - COMMERICAL - FORCE,B2,281,,2017-01-10 03:00:00,2017,1,Tuesday,3,Part One,WARREN ST,42.32692266,-71.08313475,"(42.32692266, -71.08313475)"
I172051806,3830,Motor Vehicle Accident Response,M/V - LEAVING SCENE - PERSONAL INJURY,A7, ,,2017-06-27 18:29:00,2017,6,Tuesday,18,Part Three,BENNINGTON ST,,,"(0.00000000, 0.00000000)"
I182041592,3115,Investigate Person,INVESTIGATE PERSON,A1,120,,2018-05-30 13:05:00,2018,5,Wednesday,13,Part Three,PARK PLZ,42.35143483,-71.06969334,"(42.35143483, -71.06969334)"
I182017613,3301,Verbal Disputes,VERBAL DISPUTE,D4,624,,2018-03-07 22:18:00,2018,3,Wednesday,22,Part Three,PETERBOROUGH ST,42.34402604,-71.09615503,"(42.34402604, -71.09615503)"
I182046322,522,Residential Burglary,BURGLARY - RESIDENTIAL - NO FORCE,B2,322,,2018-06-14 14:42:00,2018,6,Thursday,14,Part One,GANNETT ST,42.31432666,-71.08166373,"(42.31432666, -71.08166373)"
I162044658,3114,Investigate Property,INVESTIGATE PROPERTY,C11,250,,2016-06-06 21:03:00,2016,6,Monday,21,Part Three,SAVIN HILL AVE,42.31219746,-71.05204833,"(42.31219746, -71.05204833)"
I162028109,3006,Medical Assistance,SICK/INJURED/MEDICAL - PERSON,B2,589,,2016-04-11 17:23:00,2016,4,Monday,17,Part Three,PARKER ST,42.33577842,-71.09438572,"(42.33577842, -71.09438572)"
I152074547,619,Larceny,LARCENY ALL OTHERS,B2,297,,2015-09-08 11:08:00,2015,9,Tuesday,11,Part One,DALE ST,42.32107166,-71.08510371,"(42.32107166, -71.08510371)"
I182064479,3301,Verbal Disputes,VERBAL DISPUTE,B3,441,,2018-08-13 14:50:00,2018,8,Monday,14,Part Three,NIGHTINGALE ST,42.29540175,-71.08237834,"(42.29540175, -71.08237834)"
I162018064,1845,Drug Violation,DRUGS - POSS CLASS D,B2,321,,2016-03-07 18:35:00,2016,3,Monday,18,Part Two,CENTRE ST,42.32270922,-71.09932317,"(42.32270922, -71.09932317)"
I152052547,3410,Towed,TOWED MOTOR VEHICLE,D4,273,,2015-06-25 12:10:00,2015,6,Thursday,12,Part Three,NORTHAMPTON ST,42.33798932,-71.08003746,"(42.33798932, -71.08003746)"
I152099016,3410,Towed,TOWED MOTOR VEHICLE,A7,35,,2015-11-30 08:05:00,2015,11,Monday,8,Part Three,ORLEANS ST,42.36792968,-71.0381222,"(42.36792968, -71.03812220)"
I152094847,3006,Medical Assistance,SICK/INJURED/MEDICAL - PERSON,C11,395,,2015-11-15 10:02:00,2015,11,Sunday,10,Part Three,DORCHESTER AVE,42.2843982,-71.06468373,"(42.28439820, -71.06468373)"
I152090207,3006,Medical Assistance,SICK/INJURED/MEDICAL - PERSON,B2,901,,2015-10-31 05:03:00,2015,10,Saturday,5,Part Three,MCGREEVEY WAY,42.33528037,-71.0987126,"(42.33528037, -71.09871260)"
I172072401,3410,Towed,TOWED MOTOR VEHICLE,B3,408,,2017-09-01 09:13:00,2017,9,Friday,9,Part Three,RIVER ST,42.27179929,-71.07287043,"(42.27179929, -71.07287043)"
I182050855,1830,Drug Violation,DRUGS - SICK ASSIST - HEROIN,C11,396,,2018-06-28 20:53:00,2018,6,Thursday,20,Part Two,SANTUIT ST,42.29042439,-71.0638074,"(42.29042439, -71.06380740)"
I172072827,3301,Verbal Disputes,VERBAL DISPUTE,C11,348,,2017-09-02 16:16:00,2017,9,Saturday,16,Part Three,DORCHESTER AVE,42.30559368,-71.05887861,"(42.30559368, -71.05887861)"
I152090378,2906,Violations,VAL - OPERATING UNREG/UNINS  CAR,D4,144,,2015-10-31 16:56:00,2015,10,Saturday,16,Part Two,MASSACHUSETTS AVE,42.34335843,-71.08576891,"(42.34335843, -71.08576891)"
I182067232,3201,Property Lost,PROPERTY - LOST,E13,578,,2018-08-03 14:00:00,2018,8,Friday,14,Part Three,LAMARTINE ST,42.31844442,-71.10399969,"(42.31844442, -71.10399969)"
I182070376,3115,Investigate Person,INVESTIGATE PERSON,A1,77,,2018-09-01 20:08:00,2018,9,Saturday,20,Part Three,NEW SUDBURY ST,42.36183857,-71.05976489,"(42.36183857, -71.05976489)"
I182023037,3006,Medical Assistance,SICK/INJURED/MEDICAL - PERSON,A7,34,,2018-03-28 11:03:00,2018,3,Wednesday,11,Part Three,MARGINAL ST,42.36423833,-71.03344046,"(42.36423833, -71.03344046)"
I152061786,1402,Vandalism,VANDALISM,B3,444,,2015-07-25 00:00:00,2015,7,Saturday,0,Part Two,ESMOND ST,42.29861988,-71.08511004,"(42.29861988, -71.08511004)"
I152073816,1874,Drug Violation,DRUGS - OTHER,E18,498,,2015-09-05 14:02:00,2015,9,Saturday,14,Part Two,AMERICAN LEGION HWY,42.27727177,-71.11572996,"(42.27727177, -71.11572996)"
I162092305,735,Auto Theft Recovery,RECOVERED - MV RECOVERED IN BOSTON (STOLEN OUTSIDE BOSTON),B3,468,,2016-11-11 02:37:00,2016,11,Friday,2,Other,BLUE HILL AVE,42.27783207,-71.09355491,"(42.27783207, -71.09355491)"
I162053790,614,Larceny From Motor Vehicle,LARCENY THEFT FROM MV - NON-ACCESSORY,B2,179,,2016-07-03 04:00:00,2016,7,Sunday,4,Part One,READING ST,42.33110748,-71.07357194,"(42.33110748, -71.07357194)"
I162088636,423,Aggravated Assault,ASSAULT - AGGRAVATED,E5,658,,2016-10-29 18:14:00,2016,10,Saturday,18,Part One,HACKENSACK RD,42.30020617,-71.14176722,"(42.30020617, -71.14176722)"
I162046706,1402,Vandalism,VANDALISM,B3,439,,2016-06-13 14:43:00,2016,6,Monday,14,Part Two,AMES WAY,42.28965805,-71.08634397,"(42.28965805, -71.08634397)"
I172032751,3801,Motor Vehicle Accident Response,M/V ACCIDENT - OTHER,, ,,2017-04-21 08:30:00,2017,4,Friday,8,Part Three,,42.33714302,-71.08431658,"(42.33714302, -71.08431658)"
I182044338,3006,Medical Assistance,SICK/INJURED/MEDICAL - PERSON,E13,577,,2018-06-08 11:47:00,2018,6,Friday,11,Part Three,SCHOOL ST,42.31712353,-71.10144222,"(42.31712353, -71.10144222)"
I172058943,413,Aggravated Assault,ASSAULT - AGGRAVATED - BATTERY,B3,431,,2017-07-20 19:44:00,2017,7,Thursday,19,Part One,ARBUTUS ST,42.28757318,-71.08872923,"(42.28757318, -71.08872923)"
I172051162,413,Aggravated Assault,ASSAULT - AGGRAVATED - BATTERY,E13,307,,2017-06-25 23:12:00,2017,6,Sunday,23,Part One,WARDMAN RD,42.31529421,-71.09486034,"(42.31529421, -71.09486034)"
I152081475,3410,Towed,TOWED MOTOR VEHICLE,A1,123,,2015-09-30 21:10:00,2015,9,Wednesday,21,Part Three,KNEELAND ST,42.35070525,-71.06185179,"(42.35070525, -71.06185179)"
I182046821,802,Simple Assault,ASSAULT SIMPLE - BATTERY,D4,138,,2018-06-16 01:05:00,2018,6,Saturday,1,Part Two,BOYLSTON ST,42.34862382,-71.08277637,"(42.34862382, -71.08277637)"
I162008807,1501,Firearm Violations,"WEAPON - FIREARM - CARRYING / POSSESSING, ETC",E18,540,,2016-02-02 08:17:00,2016,2,Tuesday,8,Part Two,RIVER ST,42.25050448,-71.13090444,"(42.25050448, -71.13090444)"
I152064754,3831,Motor Vehicle Accident Response,M/V - LEAVING SCENE - PROPERTY DAMAGE,B2,259,,2015-08-05 13:40:00,2015,8,Wednesday,13,Part Three,MAGNOLIA ST,42.31478432,-71.07160997,"(42.31478432, -71.07160997)"
I162010894,614,Larceny From Motor Vehicle,LARCENY THEFT FROM MV - NON-ACCESSORY,E18,940,,2016-02-10 10:53:00,2016,2,Wednesday,10,Part One,GARFIELD AVE,42.24448261,-71.1189921,"(42.24448261, -71.11899210)"
I162028451,3831,Motor Vehicle Accident Response,M/V - LEAVING SCENE - PROPERTY DAMAGE,E18,498,,2016-04-12 19:27:00,2016,4,Tuesday,19,Part Three,RAMSDELL AVE,42.27663542,-71.11897506,"(42.27663542, -71.11897506)"
I182044143,1102,Fraud,FRAUD - FALSE PRETENSE / SCHEME,B2,901,,2018-06-04 12:00:00,2018,6,Monday,12,Part Two,HORADAN WAY,42.33371742,-71.09665806,"(42.33371742, -71.09665806)"
I172096584,616,Larceny,LARCENY THEFT OF BICYCLE,D14,796,,2017-11-19 13:54:00,2017,11,Sunday,13,Part One,COMMONWEALTH AVE,42.35124218,-71.12616899,"(42.35124218, -71.12616899)"
I182027323,3501,Missing Person Reported,MISSING PERSON,C11,351,,2018-04-12 08:12:00,2018,4,Thursday,8,Part Three,DORCHESTER AVE,42.29919694,-71.06046974,"(42.29919694, -71.06046974)"
I152082327,3803,Motor Vehicle Accident Response,M/V ACCIDENT - PERSONAL INJURY,B2,329,,2015-10-03 21:32:00,2015,10,Saturday,21,Part Three,NORMANDY ST,42.30691811,-71.08218381,"(42.30691811, -71.08218381)"
I182036280,3301,Verbal Disputes,VERBAL DISPUTE,C11,334,,2018-05-13 09:19:00,2018,5,Sunday,9,Part Three,HOWE ST,42.31136188,-71.0644231,"(42.31136188, -71.06442310)"
I162008194,3803,Motor Vehicle Accident Response,M/V ACCIDENT - PERSONAL INJURY,D14,802,,2016-01-30 23:58:00,2016,1,Saturday,23,Part Three,CAMBRIDGE ST,42.35358174,-71.13733381,"(42.35358174, -71.13733381)"
I162008383,3831,Motor Vehicle Accident Response,M/V - LEAVING SCENE - PROPERTY DAMAGE,B3,463,,2016-01-31 18:43:00,2016,1,Sunday,18,Part Three,AMERICAN LEGION HWY,42.29708829,-71.09095546,"(42.29708829, -71.09095546)"
I172060646,614,Larceny From Motor Vehicle,LARCENY THEFT FROM MV - NON-ACCESSORY,D4,271,,2017-07-26 12:20:00,2017,7,Wednesday,12,Part One,E LENOX ST,42.33437384,-71.07793188,"(42.33437384, -71.07793188)"
I172080768,3201,Property Lost,PROPERTY - LOST,C11,362,,2017-09-20 21:00:00,2017,9,Wednesday,21,Part Three,LYNDHURST ST,42.29290563,-71.06955795,"(42.29290563, -71.06955795)"
I162031144,560,Other Burglary,BURGLARY - OTHER - FORCE,B2,601,,2016-04-22 08:30:00,2016,4,Friday,8,Part One,SAINT ALPHONSUS ST,42.33364098,-71.1008891,"(42.33364098, -71.10088910)"
I152059872,3301,Verbal Disputes,VERBAL DISPUTE,A15,47,,2015-07-18 12:00:00,2015,7,Saturday,12,Part Three,SAINT MARTIN ST,42.38225034,-71.06840053,"(42.38225034, -71.06840053)"
I172076587,3018,Medical Assistance,SICK/INJURED/MEDICAL - POLICE,B3,465,,2017-09-15 02:05:00,2017,9,Friday,2,Part Three,BLUE HILL AVE,42.28482577,-71.09137369,"(42.28482577, -71.09137369)"
I172012547,3006,Medical Assistance,SICK/INJURED/MEDICAL - PERSON,D14,782,,2017-02-15 19:52:00,2017,2,Wednesday,19,Part Three,POMEROY ST,42.35350933,-71.14153852,"(42.35350933, -71.14153852)"
I162048132,3115,Investigate Person,INVESTIGATE PERSON,D4,128,,2016-06-16 09:00:00,2016,6,Thursday,9,Part Three,STUART ST,42.34923356,-71.0732809,"(42.34923356, -71.07328090)"
I162008690,1402,Vandalism,VANDALISM,C11,337,,2016-02-01 16:30:00,2016,2,Monday,16,Part Two,DAVIDSON AVE,42.30633571,-71.07060386,"(42.30633571, -71.07060386)"
I172019772,3130,Search Warrants,SEARCH WARRANT,C11,351,,2017-03-13 12:38:00,2017,3,Monday,12,Part Three,ADAMS ST,42.29963709,-71.05851176,"(42.29963709, -71.05851176)"
I182064368,614,Larceny From Motor Vehicle,LARCENY THEFT FROM MV - NON-ACCESSORY,E5,712,,2018-08-12 19:00:00,2018,8,Sunday,19,Part One,FREEMAN AVE,42.26322593,-71.15678746,"(42.26322593, -71.15678746)"
I182023943,1849,Drug Violation,"DRUGS - POSS CLASS B - COCAINE, ETC.",C6,175,,2018-03-31 19:30:00,2018,3,Saturday,19,Part Two,ATKINSON ST,42.33189752,-71.06908191,"(42.33189752, -71.06908191)"
I172081805,3114,Investigate Property,INVESTIGATE PROPERTY,D4, ,,2017-09-30 10:00:00,2017,9,Saturday,10,Part Three,COLUMBUS AVE,,,"(0.00000000, 0.00000000)"
I172003754,2629,Harassment,HARASSMENT,B3,411,,2017-01-14 19:51:00,2017,1,Saturday,19,Part Two,STANDARD ST,42.27451263,-71.08004896,"(42.27451263, -71.08004896)"
I172029653,3115,Investigate Person,INVESTIGATE PERSON,E18,524,,2017-04-16 11:37:00,2017,4,Sunday,11,Part Three,BADGER RD,42.24159827,-71.1252447,"(42.24159827, -71.12524470)"
I172026603,3114,Investigate Property,INVESTIGATE PROPERTY,A1,111,,2017-04-05 21:56:00,2017,4,Wednesday,21,Part Three,WINTER ST,42.35602373,-71.06177615,"(42.35602373, -71.06177615)"
I162081331,2907,Violations,VAL - OPERATING AFTER REV/SUSP.,C6, ,,2016-10-04 17:50:00,2016,10,Tuesday,17,Part Two,,,,"(0.00000000, 0.00000000)"
I172087819,2907,Violations,VAL - OPERATING AFTER REV/SUSP.,C11,362,,2017-10-20 22:19:00,2017,10,Friday,22,Part Two,ASPINWALL RD,42.29197155,-71.07174552,"(42.29197155, -71.07174552)"
I172093383,1402,Vandalism,VANDALISM,B2,289,,2017-11-08 08:00:00,2017,11,Wednesday,8,Part Two,MALCOLM X BLVD,42.33123776,-71.09140736,"(42.33123776, -71.09140736)"
I152090388,1402,Vandalism,VANDALISM,C11,340,,2015-10-31 19:44:00,2015,10,Saturday,19,Part Two,MOUNT IDA RD,42.30629091,-71.06512497,"(42.30629091, -71.06512497)"
I172044086,3831,Motor Vehicle Accident Response,M/V - LEAVING SCENE - PROPERTY DAMAGE,A1,83,,2017-06-03 17:33:00,2017,6,Saturday,17,Part Three,HANOVER ST,42.36569936,-71.05289203,"(42.36569936, -71.05289203)"
I172000377,3501,Missing Person Reported,MISSING PERSON,B3,453,,2016-12-30 12:00:00,2016,12,Friday,12,Part Three,HARVARD PARK,42.29884893,-71.07449992,"(42.29884893, -71.07449992)"
I152094224,3502,Missing Person Located,MISSING PERSON - LOCATED,B3,456,,2015-11-07 21:00:00,2015,11,Saturday,21,Part Three,GREENWOOD ST,42.30262129,-71.07918399,"(42.30262129, -71.07918399)"
I182020509,3410,Towed,TOWED MOTOR VEHICLE,B2,324,,2018-03-19 05:51:00,2018,3,Monday,5,Part Three,DEWEY ST,42.31684817,-71.07778336,"(42.31684817, -71.07778336)"
I152052115,3802,Motor Vehicle Accident Response,M/V ACCIDENT - PROPERTY  DAMAGE,D4,138,,2015-06-24 00:30:00,2015,6,Wednesday,0,Part Three,BOYLSTON ST,42.34901954,-71.08130134,"(42.34901954, -71.08130134)"
I182003987,3801,Motor Vehicle Accident Response,M/V ACCIDENT - OTHER,E18,495,,2018-01-15 18:10:00,2018,1,Monday,18,Part Three,WESTMINSTER ST,42.26400264,-71.11927878,"(42.26400264, -71.11927878)"
I172029299,3301,Verbal Disputes,VERBAL DISPUTE,C11,344,,2017-04-15 06:42:00,2017,4,Saturday,6,Part Three,CORONA ST,42.30146198,-71.0689596,"(42.30146198, -71.06895960)"
I172024269,1402,Vandalism,VANDALISM,C11,354,,2017-03-28 15:00:00,2017,3,Tuesday,15,Part Two,PARK ST,42.29969646,-71.05715558,"(42.29969646, -71.05715558)"
I172046329,2900,Other,VAL - VIOLATION OF AUTO LAW - OTHER,A15,427,,2017-06-11 02:55:00,2017,6,Sunday,2,Part Two,WARREN ST,42.32823419,-71.08328981,"(42.32823419, -71.08328981)"
I182032520,2010,HOME INVASION,HOME INVASION,B2,320,,2018-05-01 00:01:00,2018,5,Tuesday,0,,MAPLE ST,42.30978746,-71.08503096,"(42.30978746, -71.08503096)"
I172061400,1107,Fraud,FRAUD - IMPERSONATION,C11,393,,2017-05-26 19:53:00,2017,5,Friday,19,Part Two,WRENTHAM ST,42.28832861,-71.05938355,"(42.28832861, -71.05938355)"
I162035602,617,Larceny,LARCENY THEFT FROM BUILDING,D4,130,,2016-05-07 18:09:00,2016,5,Saturday,18,Part One,BOYLSTON ST,42.34980175,-71.07840978,"(42.34980175, -71.07840978)"
I152107353,613,Larceny,LARCENY SHOPLIFTING,A1,94,,2015-12-29 21:01:00,2015,12,Tuesday,21,Part One,STATE ST,42.35942556,-71.05288819,"(42.35942556, -71.05288819)"
I152103749,3410,Towed,TOWED MOTOR VEHICLE,C11,246,,2015-12-16 13:41:00,2015,12,Wednesday,13,Part Three,ROMSEY ST,42.31619008,-71.05587937,"(42.31619008, -71.05587937)"
I162044085,3111,License Violation,LICENSE PREMISE VIOLATION,C6,210,,2016-06-04 21:48:00,2016,6,Saturday,21,Part Three,D ST,42.34454105,-71.04416497,"(42.34454105, -71.04416497)"
I162052200,3001,Medical Assistance,DEATH INVESTIGATION,B2,181,,2016-07-01 12:19:00,2016,7,Friday,12,Part Three,DUDLEY ST,42.32435506,-71.07440305,"(42.32435506, -71.07440305)"
I152070744,3115,Investigate Person,INVESTIGATE PERSON,D4,137,,2015-08-26 12:43:00,2015,8,Wednesday,12,Part Three,NEWBURY ST,42.3494205,-71.083158,"(42.34942050, -71.08315800)"
I162016665,3831,Motor Vehicle Accident Response,M/V - LEAVING SCENE - PROPERTY DAMAGE,C11,348,,2016-01-24 22:00:00,2016,1,Sunday,22,Part Three,DORCHESTER AVE,42.30671755,-71.05862903,"(42.30671755, -71.05862903)"
I172066009,3301,Verbal Disputes,VERBAL DISPUTE,B3,565,,2017-08-11 19:06:00,2017,8,Friday,19,Part Three,SANDPIPER LN,42.29190169,-71.09336352,"(42.29190169, -71.09336352)"
I162064959,3201,Property Lost,PROPERTY - LOST,E18,480,,2016-08-12 17:05:00,2016,8,Friday,17,Part Three,FAIRLAWN AVE,42.26788791,-71.10067012,"(42.26788791, -71.10067012)"
I152088258,413,Aggravated Assault,ASSAULT - AGGRAVATED - BATTERY,E13,509,,2015-10-24 02:00:00,2015,10,Saturday,2,Part One,WELD HILL ST,42.29876976,-71.11361184,"(42.29876976, -71.11361184)"
I182062783,3115,Investigate Person,INVESTIGATE PERSON,D4,156,,2018-08-07 18:17:00,2018,8,Tuesday,18,Part Three,MASSACHUSETTS AVE,42.33903373,-71.07997273,"(42.33903373, -71.07997273)"
I162042169,2900,Other,VAL - VIOLATION OF AUTO LAW - OTHER,D4, ,,2016-05-29 18:25:00,2016,5,Sunday,18,Part Two,,,,"(0.00000000, 0.00000000)"
I172056808,3006,Medical Assistance,SICK/INJURED/MEDICAL - PERSON,C6,915,,2017-07-13 21:36:00,2017,7,Thursday,21,Part Three,E EIGHTH ST,42.33129745,-71.04864886,"(42.33129745, -71.04864886)"
I162081990,2618,Explosives,EXPLOSIVES - POSSESSION OR USE,E18,533,,2016-10-06 20:44:00,2016,10,Thursday,20,Part Two,ALVARADO AVE,42.24637931,-71.13627572,"(42.24637931, -71.13627572)"
I182030823,3114,Investigate Property,INVESTIGATE PROPERTY,E13,906,,2018-04-25 00:28:00,2018,4,Wednesday,0,Part Three,HORAN WAY,42.32547536,-71.10253482,"(42.32547536, -71.10253482)"
I182053990,1849,Drug Violation,"DRUGS - POSS CLASS B - COCAINE, ETC.",D4, ,,2018-07-09 17:35:00,2018,7,Monday,17,Part Two,E BROOKLINE ST,,,"(0.00000000, 0.00000000)"
I182016781,3301,Verbal Disputes,VERBAL DISPUTE,B2,297,,2018-03-04 20:49:00,2018,3,Sunday,20,Part Three,KENSINGTON PARK,42.32224255,-71.08277356,"(42.32224255, -71.08277356)"
I182056304,1402,Vandalism,VANDALISM,B3,943,,2018-07-16 22:00:00,2018,7,Monday,22,Part Two,MORTON ST,42.27801559,-71.07893504,"(42.27801559, -71.07893504)"
I182069575,2905,Violations,VAL - OPERATING WITHOUT LICENSE,C11,349,,2018-08-30 09:31:00,2018,8,Thursday,9,Part Two,DORCHESTER AVE,42.30254239,-71.0595669,"(42.30254239, -71.05956690)"
I172041966,3114,Investigate Property,INVESTIGATE PROPERTY,D14,812,,2017-05-27 16:34:00,2017,5,Saturday,16,Part Three,N HARVARD ST,42.36668653,-71.12529557,"(42.36668653, -71.12529557)"
I182036292,3501,Missing Person Reported,MISSING PERSON,B3,444,,2018-05-13 10:06:00,2018,5,Sunday,10,Part Three,ABBOT ST,42.29686162,-71.08584183,"(42.29686162, -71.08584183)"
I162001735,3831,Motor Vehicle Accident Response,M/V - LEAVING SCENE - PROPERTY DAMAGE,B2,319,,2016-01-07 07:50:00,2016,1,Thursday,7,Part Three,BLUE HILL AVE,42.30557347,-71.08471265,"(42.30557347, -71.08471265)"
I162024064,3006,Medical Assistance,SICK/INJURED/MEDICAL - PERSON,A7,26,,2016-03-28 20:56:00,2016,3,Monday,20,Part Three,LIVERPOOL ST,42.37151469,-71.04146203,"(42.37151469, -71.04146203)"
I162044709,2907,Violations,VAL - OPERATING AFTER REV/SUSP.,B3,455,,2016-06-07 01:58:00,2016,6,Tuesday,1,Part Two,NORWELL ST,42.30027796,-71.07883962,"(42.30027796, -71.07883962)"
I182012177,802,Simple Assault,ASSAULT SIMPLE - BATTERY,D14,780,,2018-02-15 15:40:00,2018,2,Thursday,15,Part Two,MARKET ST,42.35580706,-71.14932167,"(42.35580706, -71.14932167)"
I162027890,3410,Towed,TOWED MOTOR VEHICLE,B2, ,,2016-04-11 02:58:00,2016,4,Monday,2,Part Three,,,,"(0.00000000, 0.00000000)"
I182042103,3301,Verbal Disputes,VERBAL DISPUTE,B2,308,,2018-05-31 23:50:00,2018,5,Thursday,23,Part Three,BOWER ST,42.31996758,-71.08715022,"(42.31996758, -71.08715022)"
I182045532,3802,Motor Vehicle Accident Response,M/V ACCIDENT - PROPERTY  DAMAGE,C6,199,,2018-06-11 11:00:00,2018,6,Monday,11,Part Three,B ST,42.34009911,-71.05476254,"(42.34009911, -71.05476254)"
I162097464,2662,Ballistics,BALLISTICS EVIDENCE/FOUND,C11,414,,2016-11-29 17:58:00,2016,11,Tuesday,17,Part Two,WASHINGTON ST,42.2760195,-71.06952614,"(42.27601950, -71.06952614)"
I172007954,3006,Medical Assistance,SICK/INJURED/MEDICAL - PERSON,D4,161,,2017-01-29 15:05:00,2017,1,Sunday,15,Part Three,VILLAGE CT,42.34569316,-71.06857257,"(42.34569316, -71.06857257)"
I162051341,3201,Property Lost,PROPERTY - LOST,B3,476,,2016-06-27 17:50:00,2016,6,Monday,17,Part Three,BLUE HILL AVE,42.26817397,-71.09387677,"(42.26817397, -71.09387677)"
I162032757,3125,Warrant Arrests,WARRANT ARREST,E13,582,,2016-04-27 18:00:00,2016,4,Wednesday,18,Part Three,CENTRE ST,42.32227033,-71.10889634,"(42.32227033, -71.10889634)"
I172052573,3410,Towed,TOWED MOTOR VEHICLE,A7,26,,2017-06-30 07:17:00,2017,6,Friday,7,Part Three,BORDER ST,42.37957532,-71.04011349,"(42.37957532, -71.04011349)"
I162071261,802,Simple Assault,ASSAULT SIMPLE - BATTERY,A1,78,,2016-09-01 16:00:00,2016,9,Thursday,16,Part Two,HAYMARKET SQ,42.36309564,-71.05815372,"(42.36309564, -71.05815372)"
I152057255,3115,Investigate Person,INVESTIGATE PERSON,B2,319,,2015-07-10 23:00:00,2015,7,Friday,23,Part Three,NAZING CT,42.3075244,-71.08720471,"(42.30752440, -71.08720471)"
I182011522,617,Larceny,LARCENY THEFT FROM BUILDING,C11,823,,2018-02-08 13:30:00,2018,2,Thursday,13,Part One,PLEASANT ST,42.31190475,-71.05910531,"(42.31190475, -71.05910531)"
I172062581,3125,Warrant Arrests,WARRANT ARREST,D4, ,,2017-08-01 14:30:00,2017,8,Tuesday,14,Part Three,ALBANY ST,,,"(0.00000000, 0.00000000)"
I172022104,724,Auto Theft,AUTO THEFT,B2,319,,2017-03-20 20:00:00,2017,3,Monday,20,Part One,SEAVER ST,42.30603974,-71.0862124,"(42.30603974, -71.08621240)"
I162022650,520,Residential Burglary,BURGLARY - RESIDENTIAL - FORCE,A1,61,,2016-03-17 23:00:00,2016,3,Thursday,23,Part One,BEVERLY ST,42.36658726,-71.06019881,"(42.36658726, -71.06019881)"
I162096700,3301,Verbal Disputes,VERBAL DISPUTE,C11,359,,2016-11-26 21:06:00,2016,11,Saturday,21,Part Three,PARK ST,42.29641938,-71.06864617,"(42.29641938, -71.06864617)"
I162099996,2907,Violations,VAL - OPERATING AFTER REV/SUSP.,B2,319,,2016-12-08 02:38:00,2016,12,Thursday,2,Part Two,BLUE HILL AVE,42.30557347,-71.08471265,"(42.30557347, -71.08471265)"
I172082831,802,Simple Assault,ASSAULT SIMPLE - BATTERY,C6,193,,2017-10-04 18:10:00,2017,10,Wednesday,18,Part Two,COLUMBIA ROAD ROTARY,42.329318,-71.052626,"(42.32931800, -71.05262600)"
I162026738,3114,Investigate Property,INVESTIGATE PROPERTY,B3,459,,2016-04-06 23:30:00,2016,4,Wednesday,23,Part Three,HEWINS ST,42.30301051,-71.0818306,"(42.30301051, -71.08183060)"
I182038146,3115,Investigate Person,INVESTIGATE PERSON,B2,901,,2018-05-19 13:42:00,2018,5,Saturday,13,Part Three,MCGREEVEY WAY,42.33528037,-71.0987126,"(42.33528037, -71.09871260)"
I152083090,3820,Motor Vehicle Accident Response,M/V ACCIDENT INVOLVING PEDESTRIAN - INJURY,E13,579,,2015-10-06 15:27:00,2015,10,Tuesday,15,Part Three,CENTRE ST,42.32291406,-71.10328402,"(42.32291406, -71.10328402)"
I162054762,3831,Motor Vehicle Accident Response,M/V - LEAVING SCENE - PROPERTY DAMAGE,A1,109,,2016-07-09 23:06:00,2016,7,Saturday,23,Part Three,POST OFFICE SQ,42.35632205,-71.0556614,"(42.35632205, -71.05566140)"
I172058314,613,Larceny,LARCENY SHOPLIFTING,C11,247,,2017-07-18 18:28:00,2017,7,Tuesday,18,Part One,DORCHESTER AVE,42.31322413,-71.05715277,"(42.31322413, -71.05715277)"
I162052627,2647,Other,THREATS TO DO BODILY HARM,B2,267,,2016-07-02 21:21:00,2016,7,Saturday,21,Part Two,MOUNT PLEASANT AVE,42.3263576,-71.07886301,"(42.32635760, -71.07886301)"
I182048428,3109,Police Service Incidents,SERVICE TO OTHER PD INSIDE OF MA.,A7,902,,2018-06-21 09:31:00,2018,6,Thursday,9,Part Three,MARGINAL ST,42.36728587,-71.04041697,"(42.36728587, -71.04041697)"
I172096408,617,Larceny,LARCENY THEFT FROM BUILDING,B2,327,,2017-11-18 19:53:00,2017,11,Saturday,19,Part One,WAYLAND ST,42.31368925,-71.0742708,"(42.31368925, -71.07427080)"
I172101545,706,Auto Theft,AUTO THEFT - MOTORCYCLE / SCOOTER,B2,281,,2017-12-01 08:00:00,2017,12,Friday,8,Part One,DUDLEY ST,42.32849143,-71.08121253,"(42.32849143, -71.08121253)"
I172024932,3410,Towed,TOWED MOTOR VEHICLE,A1,66,,2017-03-31 10:15:00,2017,3,Friday,10,Part Three,MYRTLE ST,42.35927419,-71.06815383,"(42.35927419, -71.06815383)"
I162063231,1402,Vandalism,VANDALISM,C11,345,,2016-08-06 20:03:00,2016,8,Saturday,20,Part Two,RIDGEWOOD ST,42.30209443,-71.06575183,"(42.30209443, -71.06575183)"
I172028017,3006,Medical Assistance,SICK/INJURED/MEDICAL - PERSON,A1,67,,2017-04-10 23:31:00,2017,4,Monday,23,Part Three,REVERE ST,42.35954321,-71.06749237,"(42.35954321, -71.06749237)"
I172045803,619,Larceny,LARCENY ALL OTHERS,A15,900,,2017-06-08 18:00:00,2017,6,Thursday,18,Part One,BUNKER HILL ST,42.37736388,-71.05791376,"(42.37736388, -71.05791376)"
I172009943,351,Robbery,ROBBERY - BANK,A1,88,,2017-02-06 09:38:00,2017,2,Monday,9,Part One,HANOVER ST,42.36517725,-71.05311827,"(42.36517725, -71.05311827)"
I172031593,3802,Motor Vehicle Accident Response,M/V ACCIDENT - PROPERTY  DAMAGE,B3,435,,2017-04-23 13:03:00,2017,4,Sunday,13,Part Three,TORREY ST,42.28696842,-71.07510066,"(42.28696842, -71.07510066)"
I162018321,3114,Investigate Property,INVESTIGATE PROPERTY,B3,459,,2016-03-08 18:06:00,2016,3,Tuesday,18,Part Three,ERIE ST,42.30272114,-71.07976167,"(42.30272114, -71.07976167)"
I162088848,3115,Investigate Person,INVESTIGATE PERSON,B3,430,,2016-10-30 12:30:00,2016,10,Sunday,12,Part Three,BLUE HILL AVE,42.28548568,-71.09090863,"(42.28548568, -71.09090863)"
I152057511,614,Larceny From Motor Vehicle,LARCENY THEFT FROM MV - NON-ACCESSORY,D4,160,,2015-07-11 19:00:00,2015,7,Saturday,19,Part One,SHAWMUT AVE,42.34277705,-71.06952709,"(42.34277705, -71.06952709)"
I172002986,3831,Motor Vehicle Accident Response,M/V - LEAVING SCENE - PROPERTY DAMAGE,B2,316,,2017-01-12 01:17:00,2017,1,Thursday,1,Part Three,WALNUT AVE,42.314744,-71.09376484,"(42.31474400, -71.09376484)"
I152067682,3006,Medical Assistance,SICK/INJURED/MEDICAL - PERSON,A15,41,,2015-08-15 22:35:00,2015,8,Saturday,22,Part Three,VINE ST,42.37663167,-71.05593196,"(42.37663167, -71.05593196)"
I152083209,1845,Drug Violation,DRUGS - POSS CLASS D,B2,319,,2015-10-06 19:41:00,2015,10,Tuesday,19,Part Two,BLUE HILL AVE,42.30557347,-71.08471265,"(42.30557347, -71.08471265)"
I172067681,1304,Recovered Stolen Property,PROPERTY - STOLEN THEN RECOVERED,C6,207,,2017-08-17 04:38:00,2017,8,Thursday,4,Part Two,DRY DOCK AVE,42.3447348,-71.02964543,"(42.34473480, -71.02964543)"
I182042132,3831,Motor Vehicle Accident Response,M/V - LEAVING SCENE - PROPERTY DAMAGE,D4, ,,2018-06-01 05:55:00,2018,6,Friday,5,Part Three,BERKELEY ST,,,"(0.00000000, 0.00000000)"
I162048279,3115,Investigate Person,INVESTIGATE PERSON,A1,75,,2016-06-17 23:02:00,2016,6,Friday,23,Part Three,CAUSEWAY ST,42.3645957,-71.06278419,"(42.36459570, -71.06278419)"
I182043927,3114,Investigate Property,INVESTIGATE PROPERTY,A7,25,,2018-06-07 06:37:00,2018,6,Thursday,6,Part Three,FALCON ST,42.38197028,-71.03475395,"(42.38197028, -71.03475395)"
I152058031,2905,Violations,VAL - OPERATING WITHOUT LICENSE,C11,254,,2015-07-14 00:46:00,2015,7,Tuesday,0,Part Two,DORCHESTER AVE,42.30854728,-71.05821219,"(42.30854728, -71.05821219)"
I152065861,616,Larceny,LARCENY THEFT OF BICYCLE,D4,619,,2015-08-09 15:27:00,2015,8,Sunday,15,Part One,SYMPHONY RD,42.34295335,-71.08833139,"(42.34295335, -71.08833139)"
I182026831,1402,Vandalism,VANDALISM,B2,326,,2018-04-10 18:41:00,2018,4,Tuesday,18,Part Two,QUINCY ST,42.31332153,-71.07591511,"(42.31332153, -71.07591511)"
I162070511,3502,Missing Person Located,MISSING PERSON - LOCATED,B3,434,,2016-08-29 12:00:00,2016,8,Monday,12,Part Three,CAPEN ST,42.28387658,-71.08099354,"(42.28387658, -71.08099354)"
I162065463,3301,Verbal Disputes,VERBAL DISPUTE,C6,915,,2016-08-14 11:32:00,2016,8,Sunday,11,Part Three,PATTERSON WAY,42.33042505,-71.05237796,"(42.33042505, -71.05237796)"
I162079047,3410,Towed,TOWED MOTOR VEHICLE,A1,70,,2016-09-27 09:13:00,2016,9,Tuesday,9,Part Three,MOUNT VERNON ST,42.35794496,-71.06914257,"(42.35794496, -71.06914257)"
I152102404,614,Larceny From Motor Vehicle,LARCENY THEFT FROM MV - NON-ACCESSORY,B2,585,,2015-12-10 01:00:00,2015,12,Thursday,1,Part One,PARKER HILL AVE,42.32947458,-71.10442024,"(42.32947458, -71.10442024)"
I182002873,802,Simple Assault,ASSAULT SIMPLE - BATTERY,C6,913,,2018-01-11 19:08:00,2018,1,Thursday,19,Part Two,WESTWIND RD,42.31878665,-71.04178884,"(42.31878665, -71.04178884)"
I162034790,613,Larceny,LARCENY SHOPLIFTING,A1,111,,2016-05-05 07:00:00,2016,5,Thursday,7,Part One,WASHINGTON ST,42.35272948,-71.06256291,"(42.35272948, -71.06256291)"
I152091783,613,Larceny,LARCENY SHOPLIFTING,A1,111,,2015-11-05 07:51:00,2015,11,Thursday,7,Part One,WASHINGTON ST,42.35272948,-71.06256291,"(42.35272948, -71.06256291)"
I162058081,1102,Fraud,FRAUD - FALSE PRETENSE / SCHEME,C6,220,,2016-07-18 08:00:00,2016,7,Monday,8,Part Two,E BROADWAY,42.33546813,-71.04489149,"(42.33546813, -71.04489149)"
I162090284,2204,Liquor Violation,LIQUOR LAW VIOLATION,A1,109,,2016-11-04 00:50:00,2016,11,Friday,0,Part Two,FRANKLIN ST,42.35706352,-71.05308003,"(42.35706352, -71.05308003)"
I152071306,2900,Other,VAL - VIOLATION OF AUTO LAW - OTHER,D14,801,,2015-08-28 07:26:00,2015,8,Friday,7,Part Two,FARRINGTON AVE,42.35429484,-71.13190433,"(42.35429484, -71.13190433)"
I172063732,3114,Investigate Property,INVESTIGATE PROPERTY,B3,465,,2017-08-04 17:39:41,2017,8,Friday,17,Part Three,BLUE HILL AVE,42.28482577,-71.09137369,"(42.28482577, -71.09137369)"
I162043736,3301,Verbal Disputes,VERBAL DISPUTE,C6,913,,2016-06-03 16:45:00,2016,6,Friday,16,Part Three,HARBOR POINT BLVD,42.31901454,-71.04377707,"(42.31901454, -71.04377707)"
I182034355,3301,Verbal Disputes,VERBAL DISPUTE,A7,2,,2018-05-06 21:20:00,2018,5,Sunday,21,Part Three,WALDEMAR AVE,42.39274002,-71.00479067,"(42.39274002, -71.00479067)"
I172105346,3115,Investigate Person,INVESTIGATE PERSON,A7,28,,2017-12-21 16:43:00,2017,12,Thursday,16,Part Three,PARIS ST,42.37081805,-71.03929078,"(42.37081805, -71.03929078)"
I162018878,3410,Towed,TOWED MOTOR VEHICLE,D14,761,,2016-03-10 15:35:00,2016,3,Thursday,15,Part Three,WASHINGTON ST,42.34885012,-71.15982522,"(42.34885012, -71.15982522)"
I172094448,3001,Medical Assistance,DEATH INVESTIGATION,A7,21,,2017-11-11 18:48:00,2017,11,Saturday,18,Part Three,CHELSEA ST,42.37350195,-71.03458623,"(42.37350195, -71.03458623)"
I172009754,2612,Fire Related Reports,FIRE REPORT/ALARM - FALSE,E13,930,,2017-02-05 12:00:00,2017,2,Sunday,12,Part Two,COLUMBUS AVE,42.31506898,-71.09746579,"(42.31506898, -71.09746579)"
I172002217,3831,Motor Vehicle Accident Response,M/V - LEAVING SCENE - PROPERTY DAMAGE,E5,562,,2017-01-09 11:10:00,2017,1,Monday,11,Part Three,CUMMINS HWY,42.28621569,-71.1277758,"(42.28621569, -71.12777580)"
I172073488,615,Larceny From Motor Vehicle,LARCENY THEFT OF MV PARTS & ACCESSORIES,D4,271,,2017-09-01 10:30:00,2017,9,Friday,10,Part One,NORTHAMPTON ST,42.33491745,-71.07632286,"(42.33491745, -71.07632286)"
I152095356,2900,Other,VAL - VIOLATION OF AUTO LAW - OTHER,C6,233,,2015-11-17 01:54:00,2015,11,Tuesday,1,Part Two,E EIGHTH ST,42.33132955,-71.04344366,"(42.33132955, -71.04344366)"
I172066143,540,Commercial Burglary,BURGLARY - COMMERICAL - FORCE,B3,426,,2017-08-12 09:00:00,2017,8,Saturday,9,Part One,RIVER ST,42.268024,-71.09301057,"(42.26802400, -71.09301057)"
I172008474,423,Aggravated Assault,ASSAULT - AGGRAVATED,A1,68,,2017-01-30 19:05:00,2017,1,Monday,19,Part One,BOWDOIN ST,42.36038173,-71.06285769,"(42.36038173, -71.06285769)"
I172106281,3006,Medical Assistance,SICK/INJURED/MEDICAL - PERSON,D14,789,,2017-12-25 20:12:00,2017,12,Monday,20,Part Three,CHISWICK RD,42.33787906,-71.15075054,"(42.33787906, -71.15075054)"
I162031906,413,Aggravated Assault,ASSAULT - AGGRAVATED - BATTERY,B3,445,,2016-04-24 20:17:00,2016,4,Sunday,20,Part One,GREENWOOD ST,42.30007731,-71.07990164,"(42.30007731, -71.07990164)"
I172100376,617,Larceny,LARCENY THEFT FROM BUILDING,C6,229,,2017-12-03 11:09:00,2017,12,Sunday,11,Part One,E SIXTH ST,42.33298734,-71.04282382,"(42.33298734, -71.04282382)"
I182035777,802,Simple Assault,ASSAULT SIMPLE - BATTERY,B2,329,,2018-05-10 14:00:00,2018,5,Thursday,14,Part Two,WASHINGTON ST,42.30649283,-71.08180677,"(42.30649283, -71.08180677)"
I152058925,617,Larceny,LARCENY THEFT FROM BUILDING,C11,337,,2015-07-16 19:20:00,2015,7,Thursday,19,Part One,OLNEY ST,42.30512773,-71.07370747,"(42.30512773, -71.07370747)"
I162002343,3114,Investigate Property,INVESTIGATE PROPERTY,E13,303,,2016-01-09 09:18:00,2016,1,Saturday,9,Part Three,AMORY AVE,42.32066534,-71.10004987,"(42.32066534, -71.10004987)"
I152088273,3501,Missing Person Reported,MISSING PERSON,B3,446,,2015-10-23 18:00:00,2015,10,Friday,18,Part Three,ATHELWOLD ST,42.29603943,-71.07717023,"(42.29603943, -71.07717023)"
I152060197,613,Larceny,LARCENY SHOPLIFTING,A1,120,,2015-07-07 14:30:00,2015,7,Tuesday,14,Part One,BOYLSTON ST,42.3520464,-71.06992523,"(42.35204640, -71.06992523)"
I172023236,1846,Drug Violation,DRUGS - POSS CLASS E,C6,175,,2017-03-25 08:00:00,2017,3,Saturday,8,Part Two,TOPEKA ST,42.33280882,-71.06729226,"(42.33280882, -71.06729226)"
I162024973,520,Residential Burglary,BURGLARY - RESIDENTIAL - FORCE,E18,940,,2016-03-31 06:40:00,2016,3,Thursday,6,Part One,WOODGLEN RD,42.24383959,-71.12160124,"(42.24383959, -71.12160124)"
I172027566,802,Simple Assault,ASSAULT SIMPLE - BATTERY,B2,611,,2017-04-09 11:19:00,2017,4,Sunday,11,Part Two,NEW WHITNEY ST,42.3347809,-71.1094777,"(42.33478090, -71.10947770)"
I152077823,3502,Missing Person Located,MISSING PERSON - LOCATED,B2,316,,2015-09-18 22:10:00,2015,9,Friday,22,Part Three,HUMBOLDT AVE,42.31153554,-71.09079223,"(42.31153554, -71.09079223)"
I172024447,2610,Other,TRESPASSING,B2,280,,2017-03-29 18:14:00,2017,3,Wednesday,18,Part Two,DUDLEY ST,42.32883627,-71.08459849,"(42.32883627, -71.08459849)"
I162087839,2610,Other,TRESPASSING,D4,165,,2016-10-26 18:36:00,2016,10,Wednesday,18,Part Two,HARRISON AVE,42.34302527,-71.06493967,"(42.34302527, -71.06493967)"
I152090266,3831,Motor Vehicle Accident Response,M/V - LEAVING SCENE - PROPERTY DAMAGE,B2,268,,2015-10-31 11:58:00,2015,10,Saturday,11,Part Three,EUSTIS ST,42.32854498,-71.07726702,"(42.32854498, -71.07726702)"
I162074587,3301,Verbal Disputes,VERBAL DISPUTE,B3,408,,2016-09-12 23:13:00,2016,9,Monday,23,Part Three,RIVER ST,42.27139899,-71.07353483,"(42.27139899, -71.07353483)"
I172042772,613,Larceny,LARCENY SHOPLIFTING,B2,276,,2017-05-30 15:06:00,2017,5,Tuesday,15,Part One,ALLSTATE RD,42.32809966,-71.06321676,"(42.32809966, -71.06321676)"
I162025639,617,Larceny,LARCENY THEFT FROM BUILDING,D4,628,,2016-04-02 20:51:00,2016,4,Saturday,20,Part One,BROOKLINE AVE,42.34698823,-71.09874531,"(42.34698823, -71.09874531)"
I152071548,3830,Motor Vehicle Accident Response,M/V - LEAVING SCENE - PERSONAL INJURY,E18,518,,2015-08-28 22:34:00,2015,8,Friday,22,Part Three,GARFIELD AVE,42.2471031,-71.12162577,"(42.24710310, -71.12162577)"
I172079019,3018,Medical Assistance,SICK/INJURED/MEDICAL - POLICE,E13,574,,2017-09-22 18:29:00,2017,9,Friday,18,Part Three,WASHINGTON ST,42.30971857,-71.10429432,"(42.30971857, -71.10429432)"
I162002049,1402,Vandalism,VANDALISM,C11,240,,2016-01-07 23:30:00,2016,1,Thursday,23,Part Two,DAWES ST,42.31851417,-71.06055095,"(42.31851417, -71.06055095)"
I182067472,615,Larceny From Motor Vehicle,LARCENY THEFT OF MV PARTS & ACCESSORIES,C11,244,,2018-08-23 04:30:00,2018,8,Thursday,4,Part One,MAYFIELD ST,42.31650496,-71.05803929,"(42.31650496, -71.05803929)"
I162068636,3125,Warrant Arrests,WARRANT ARREST,B2,317,,2016-08-21 07:34:00,2016,8,Sunday,7,Part Three,HUMBOLDT AVE,42.31283412,-71.08974712,"(42.31283412, -71.08974712)"
I182060406,724,Auto Theft,AUTO THEFT,C6,219,,2018-07-30 10:00:00,2018,7,Monday,10,Part One,TELEGRAPH ST,42.33294507,-71.04863673,"(42.33294507, -71.04863673)"
I162016408,802,Simple Assault,ASSAULT SIMPLE - BATTERY,B2,184,,2016-03-01 14:58:00,2016,3,Tuesday,14,Part Two,NORFOLK AVE,42.3217177,-71.06615144,"(42.32171770, -71.06615144)"
I162034260,3802,Motor Vehicle Accident Response,M/V ACCIDENT - PROPERTY  DAMAGE,C6, ,,2016-05-03 03:19:00,2016,5,Tuesday,3,Part Three,,,,"(0.00000000, 0.00000000)"
I162065709,802,Simple Assault,ASSAULT SIMPLE - BATTERY,B3,470,,2016-08-15 07:48:00,2016,8,Monday,7,Part Two,ALABAMA ST,42.27639356,-71.10175026,"(42.27639356, -71.10175026)"
I162055705,802,Simple Assault,ASSAULT SIMPLE - BATTERY,A1,102,,2016-07-13 12:19:00,2016,7,Wednesday,12,Part Two,TREMONT ST,42.35637531,-71.06213513,"(42.35637531, -71.06213513)"
I182010073,2647,Other,THREATS TO DO BODILY HARM,E18,489,,2017-12-01 00:00:00,2017,12,Friday,0,Part Two,ROSEGLEN RD,42.26689318,-71.10898767,"(42.26689318, -71.10898767)"
I172005480,1402,Vandalism,VANDALISM,D4,150,,2017-01-21 03:00:00,2017,1,Saturday,3,Part Two,DARTMOUTH ST,42.34532565,-71.07497385,"(42.34532565, -71.07497385)"
I162032631,724,Auto Theft,AUTO THEFT,C11,451,,2016-04-26 22:00:00,2016,4,Tuesday,22,Part One,WASHINGTON ST,42.29526287,-71.07207439,"(42.29526287, -71.07207439)"
I172048501,3114,Investigate Property,INVESTIGATE PROPERTY,B2,615,,2017-06-17 12:00:00,2017,6,Saturday,12,Part Three,AVENUE LOUIS PASTEUR,42.33830258,-71.10235253,"(42.33830258, -71.10235253)"
I162060305,3115,Investigate Person,INVESTIGATE PERSON,E18,541,,2016-07-28 02:52:00,2016,7,Thursday,2,Part Three,RIVER ST,42.2533034,-71.12971806,"(42.25330340, -71.12971806)"
I162046902,3018,Medical Assistance,SICK/INJURED/MEDICAL - POLICE,E18,541,,2016-06-14 01:55:00,2016,6,Tuesday,1,Part Three,WINSLOW ST,42.25353031,-71.13086205,"(42.25353031, -71.13086205)"
I182069976,2647,Other,THREATS TO DO BODILY HARM,C11,355,,2018-08-30 19:22:00,2018,8,Thursday,19,Part Two,DORCHESTER AVE,42.29919694,-71.06046974,"(42.29919694, -71.06046974)"
I172085395,3115,Investigate Person,INVESTIGATE PERSON,C11,340,,2017-10-13 05:40:10,2017,10,Friday,5,Part Three,FOX ST,42.30665904,-71.06256742,"(42.30665904, -71.06256742)"
I162036779,619,Larceny,LARCENY ALL OTHERS,D14,805,,2016-05-10 17:30:00,2016,5,Tuesday,17,Part One,LEO M BIRMINGHAM PKWY,42.35987019,-71.14680305,"(42.35987019, -71.14680305)"
I162014641,3006,Medical Assistance,SICK/INJURED/MEDICAL - PERSON,C11,249,,2016-02-24 13:23:00,2016,2,Wednesday,13,Part Three,TUTTLE ST,42.31351886,-71.053563,"(42.31351886, -71.05356300)"
I182038041,2612,Fire Related Reports,FIRE REPORT/ALARM - FALSE,E13,637,,2018-05-19 02:25:00,2018,5,Saturday,2,Part Two,ROSEWAY ST,42.31869426,-71.11116591,"(42.31869426, -71.11116591)"
I182041459,3810,Motor Vehicle Accident Response,M/V ACCIDENT - INVOLVING  BICYCLE - INJURY,A1, ,,2018-05-25 08:45:00,2018,5,Friday,8,Part Three,CAMBRIDGE ST,,,"(0.00000000, 0.00000000)"
I162081711,802,Simple Assault,ASSAULT SIMPLE - BATTERY,B3, ,,2016-10-06 04:20:00,2016,10,Thursday,4,Part Two,,,,"(0.00000000, 0.00000000)"
I182038449,614,Larceny From Motor Vehicle,LARCENY THEFT FROM MV - NON-ACCESSORY,D4,131,,2018-05-19 23:15:00,2018,5,Saturday,23,Part One,MARLBOROUGH ST,42.3531455,-71.07763936,"(42.35314550, -71.07763936)"
I162035068,3115,Investigate Person,INVESTIGATE PERSON,D4,591,,2016-05-06 02:09:00,2016,5,Friday,2,Part Three,HEMENWAY ST,42.34428082,-71.08982188,"(42.34428082, -71.08982188)"
I172053066,3207,Property Found,PROPERTY - FOUND,D14,775,,2017-07-01 16:05:00,2017,7,Saturday,16,Part Three,CHESTNUT HILL AVE,42.34277452,-71.15374397,"(42.34277452, -71.15374397)"
I172009740,1402,Vandalism,VANDALISM,E5,685,,2017-02-04 23:00:00,2017,2,Saturday,23,Part Two,WASHINGTON ST,42.27800645,-71.13733723,"(42.27800645, -71.13733723)"
I182007073,3410,Towed,TOWED MOTOR VEHICLE,A1,87,,2018-01-27 11:43:00,2018,1,Saturday,11,Part Three,NORTH ST,42.36559712,-71.05162615,"(42.36559712, -71.05162615)"
I182070590,301,Robbery,ROBBERY - STREET,, ,,2018-09-02 02:00:00,2018,9,Sunday,2,Part One,,42.34863242,-71.06553747,"(42.34863242, -71.06553747)"
I152094824,3115,Investigate Person,INVESTIGATE PERSON,C11,348,,2015-11-15 03:06:00,2015,11,Sunday,3,Part Three,DORCHESTER AVE,42.30559368,-71.05887861,"(42.30559368, -71.05887861)"
I182029602,613,Larceny,LARCENY SHOPLIFTING,D4,168,,2018-04-20 16:00:00,2018,4,Friday,16,Part One,WASHINGTON ST,42.33816387,-71.07461217,"(42.33816387, -71.07461217)"
I162040059,3115,Investigate Person,INVESTIGATE PERSON,C11,387,,2016-05-22 19:56:00,2016,5,Sunday,19,Part Three,ADAMS ST,42.2793449,-71.05928084,"(42.27934490, -71.05928084)"
I172007405,802,Simple Assault,ASSAULT SIMPLE - BATTERY,E13,570,,2017-01-27 17:56:00,2017,1,Friday,17,Part Two,ROCKVALE CIR,42.30734156,-71.1054409,"(42.30734156, -71.10544090)"
I172094722,3831,Motor Vehicle Accident Response,M/V - LEAVING SCENE - PROPERTY DAMAGE,B2,317,,2017-11-13 01:12:00,2017,11,Monday,1,Part Three,HOMESTEAD ST,42.31127726,-71.08909334,"(42.31127726, -71.08909334)"
I172100000,3006,Medical Assistance,SICK/INJURED/MEDICAL - PERSON,B3,420,,2017-12-02 07:27:00,2017,12,Saturday,7,Part Three,W SELDEN ST,42.27967492,-71.08381263,"(42.27967492, -71.08381263)"
I172043597,3301,Verbal Disputes,VERBAL DISPUTE,B3,455,,2017-06-02 07:29:00,2017,6,Friday,7,Part Three,TRINITY TER,42.30129234,-71.0780698,"(42.30129234, -71.07806980)"
I172022090,3831,Motor Vehicle Accident Response,M/V - LEAVING SCENE - PROPERTY DAMAGE,E18,490,,2017-03-20 20:30:00,2017,3,Monday,20,Part Three,WOOD AVE,42.27127997,-71.11028729,"(42.27127997, -71.11028729)"
I182062618,1102,Fraud,FRAUD - FALSE PRETENSE / SCHEME,C11,342,,2018-07-31 00:00:00,2018,7,Tuesday,0,Part Two,GENEVA AVE,42.30209614,-71.06922842,"(42.30209614, -71.06922842)"
I152054340,2907,Violations,VAL - OPERATING AFTER REV/SUSP.,C11,959,,2015-07-01 13:19:00,2015,7,Wednesday,13,Part Two,DORCHESTER AVE,42.28717863,-71.06390668,"(42.28717863, -71.06390668)"
I172008518,617,Larceny,LARCENY THEFT FROM BUILDING,E18,784,,2017-01-31 17:32:00,2017,1,Tuesday,17,Part One,WARREN ST,42.34988575,-71.14522971,"(42.34988575, -71.14522971)"
I172105996,3301,Verbal Disputes,VERBAL DISPUTE,B3,450,,2017-12-24 08:47:00,2017,12,Sunday,8,Part Three,TALBOT AVE,42.29041538,-71.07269542,"(42.29041538, -71.07269542)"
I182036067,3831,Motor Vehicle Accident Response,M/V - LEAVING SCENE - PROPERTY DAMAGE,D4,903,,2018-05-11 22:45:00,2018,5,Friday,22,Part Three,HAMMOND ST,42.33705178,-71.08376738,"(42.33705178, -71.08376738)"
I172047807,802,Simple Assault,ASSAULT SIMPLE - BATTERY,B2,280,,2017-06-14 17:50:00,2017,6,Wednesday,17,Part Two,WASHINGTON ST,42.33094752,-71.08285104,"(42.33094752, -71.08285104)"
I162064525,3831,Motor Vehicle Accident Response,M/V - LEAVING SCENE - PROPERTY DAMAGE,D14,771,,2016-08-10 13:30:00,2016,8,Wednesday,13,Part Three,CHESTNUT HILL AVE,42.34829397,-71.15383416,"(42.34829397, -71.15383416)"
I172083903,1402,Vandalism,VANDALISM,A1,111,,2017-10-08 07:12:00,2017,10,Sunday,7,Part Two,WINTER ST,42.35602373,-71.06177615,"(42.35602373, -71.06177615)"
I152082187,2900,Other,VAL - VIOLATION OF AUTO LAW - OTHER,B2,314,,2017-03-31 00:00:00,2017,3,Friday,0,Part Two,HOWLAND ST,42.3144484,-71.08993418,"(42.31444840, -71.08993418)"
I162019408,3111,License Violation,LICENSE PREMISE VIOLATION,A1, ,,2016-03-12 16:35:00,2016,3,Saturday,16,Part Three,,,,"(0.00000000, 0.00000000)"
I152071311,1300,Recovered Stolen Property,STOLEN PROPERTY - BUYING / RECEIVING / POSSESSING,A7,14,,2015-08-28 02:00:00,2015,8,Friday,2,Part Two,BYRON ST,42.38439979,-71.01832187,"(42.38439979, -71.01832187)"
I172014033,3115,Investigate Person,INVESTIGATE PERSON,B3,417,,2017-02-20 20:41:00,2017,2,Monday,20,Part Three,ARMANDINE ST,42.28431486,-71.07410838,"(42.28431486, -71.07410838)"
I172081251,3115,Investigate Person,INVESTIGATE PERSON,C11,388,,2017-09-26 23:29:00,2017,9,Tuesday,23,Part Three,ADAMS ST,42.27230624,-71.06721386,"(42.27230624, -71.06721386)"
I162088381,3114,Investigate Property,INVESTIGATE PROPERTY,D14,794,,2016-10-28 18:05:00,2016,10,Friday,18,Part Three,PRICE RD,42.34980866,-71.13513832,"(42.34980866, -71.13513832)"
I152070555,3115,Investigate Person,INVESTIGATE PERSON,A7,25,,2015-08-25 18:32:00,2015,8,Tuesday,18,Part Three,W EAGLE ST,42.38135785,-71.03768163,"(42.38135785, -71.03768163)"
I162086460,413,Aggravated Assault,ASSAULT - AGGRAVATED - BATTERY,B3,444,Y,2016-10-22 00:52:00,2016,10,Saturday,0,Part One,ABBOT ST,42.29686162,-71.08584183,"(42.29686162, -71.08584183)"
I172013815,613,Larceny,LARCENY SHOPLIFTING,A1,112,,2017-02-20 07:19:00,2017,2,Monday,7,Part One,WASHINGTON ST,42.35272948,-71.06256291,"(42.35272948, -71.06256291)"
I172057700,3501,Missing Person Reported,MISSING PERSON,B3,422,,2017-07-16 23:43:00,2017,7,Sunday,23,Part Three,RIVER ST,42.27132363,-71.08183509,"(42.27132363, -71.08183509)"
I182029563,2647,Other,THREATS TO DO BODILY HARM,D14,811,,2018-04-20 14:46:00,2018,4,Friday,14,Part Two,WESTFORD PL,42.36225823,-71.13438762,"(42.36225823, -71.13438762)"
I162021866,3803,Motor Vehicle Accident Response,M/V ACCIDENT - PERSONAL INJURY,D14,782,,2016-03-21 00:54:00,2016,3,Monday,0,Part Three,CAMBRIDGE ST,42.351627,-71.142983,"(42.35162700, -71.14298300)"
I172013276,614,Larceny From Motor Vehicle,LARCENY THEFT FROM MV - NON-ACCESSORY,A1,117,,2017-02-17 22:45:00,2017,2,Friday,22,Part One,BOYLSTON ST,42.3523119,-71.0637051,"(42.35231190, -71.06370510)"
I182051133,1842,Drug Violation,"DRUGS - POSS CLASS A - HEROIN, ETC. ",E18,498,,2018-06-29 19:42:00,2018,6,Friday,19,Part Two,HYDE PARK AVE,42.27205742,-71.12024554,"(42.27205742, -71.12024554)"
I172006231,617,Larceny,LARCENY THEFT FROM BUILDING,A1,76,,2017-01-20 07:00:00,2017,1,Friday,7,Part One,NEW CHARDON ST,42.36370521,-71.0587168,"(42.36370521, -71.05871680)"
I172054342,3115,Investigate Person,INVESTIGATE PERSON,D4,273,,2017-07-05 19:56:00,2017,7,Wednesday,19,Part Three,MASSACHUSETTS AVE,42.3368915,-71.077551,"(42.33689150, -71.07755100)"
I162017302,3807,Motor Vehicle Accident Response,M/V ACCIDENT - OTHER CITY VEHICLE,A1,63,,2016-03-04 21:37:00,2016,3,Friday,21,Part Three,WHITTIER PL,42.3656254,-71.06725853,"(42.36562540, -71.06725853)"
I182015759,1810,Drug Violation,DRUGS - SALE / MANUFACTURING,B2,282,,2018-02-28 21:02:00,2018,2,Wednesday,21,Part Two,WASHINGTON ST,42.32866284,-71.08563401,"(42.32866284, -71.08563401)"
I152095855,2610,Other,TRESPASSING,A1,127,,2015-11-18 19:45:00,2015,11,Wednesday,19,Part Two,WASHINGTON ST,42.34788341,-71.06437688,"(42.34788341, -71.06437688)"
I172104023,3831,Motor Vehicle Accident Response,M/V - LEAVING SCENE - PROPERTY DAMAGE,B2,312,,2017-12-16 18:04:00,2017,12,Saturday,18,Part Three,HAROLD ST,42.31688606,-71.0900119,"(42.31688606, -71.09001190)"
I182013947,2007,Restraining Order Violations,VIOL. OF RESTRAINING ORDER W NO ARREST,B2,328,,2018-02-22 07:53:00,2018,2,Thursday,7,Part Two,GREENHEYS ST,42.31150724,-71.07466948,"(42.31150724, -71.07466948)"
I162017670,522,Residential Burglary,BURGLARY - RESIDENTIAL - NO FORCE,A15,38,,2016-03-06 04:00:00,2016,3,Sunday,4,Part One,EIGHTH ST,42.37474921,-71.05270605,"(42.37474921, -71.05270605)"
I172028698,413,Aggravated Assault,ASSAULT - AGGRAVATED - BATTERY,A1,64,,2017-04-13 08:00:00,2017,4,Thursday,8,Part One,CHARLES ST,42.36339723,-71.07022378,"(42.36339723, -71.07022378)"
I152098170,3018,Medical Assistance,SICK/INJURED/MEDICAL - POLICE,D4, ,,2015-11-27 11:27:00,2015,11,Friday,11,Part Three,,,,"(0.00000000, 0.00000000)"
I172039865,2405,Disorderly Conduct,DISORDERLY CONDUCT,D4,171,,2017-05-20 15:33:00,2017,5,Saturday,15,Part Two,ALBANY ST,42.33428841,-71.07239518,"(42.33428841, -71.07239518)"
I162066366,3109,Police Service Incidents,SERVICE TO OTHER PD INSIDE OF MA.,B3,465,,2016-08-16 20:37:00,2016,8,Tuesday,20,Part Three,MORTON ST,42.28621298,-71.09330084,"(42.28621298, -71.09330084)"
I162103875,3114,Investigate Property,INVESTIGATE PROPERTY,, ,,2016-12-21 16:06:00,2016,12,Wednesday,16,Part Three,BATCHELDER,-1.0,-1.0,"(-1.00000000, -1.00000000)"
I172045425,3125,Warrant Arrests,WARRANT ARREST,B2,310,,2017-06-08 09:41:00,2017,6,Thursday,9,Part Three,MARTIN LUTHER KING JR BLV,42.31847226,-71.08409289,"(42.31847226, -71.08409289)"
I172086595,3007,Medical Assistance,SUDDEN DEATH,D4,146,,2017-10-17 08:34:00,2017,10,Tuesday,8,Part Three,HUNTINGTON AVE,42.3473098,-71.07915167,"(42.34730980, -71.07915167)"
I162003883,3006,Medical Assistance,SICK/INJURED/MEDICAL - PERSON,C11,235,,2016-01-15 01:14:00,2016,1,Friday,1,Part Three,CARSON ST,42.3197573,-71.05428941,"(42.31975730, -71.05428941)"
I182028605,735,Auto Theft Recovery,RECOVERED - MV RECOVERED IN BOSTON (STOLEN OUTSIDE BOSTON),B2,267,,2018-04-17 10:50:00,2018,4,Tuesday,10,Other,FOREST ST,42.32681883,-71.07779112,"(42.32681883, -71.07779112)"
I152088913,1843,Drug Violation,DRUGS - POSS CLASS B - INTENT TO MFR DIST DISP,B3,465,,2015-10-26 18:59:00,2015,10,Monday,18,Part Two,BLUE HILL AVE,42.28482577,-71.09137369,"(42.28482577, -71.09137369)"
I162015431,3803,Motor Vehicle Accident Response,M/V ACCIDENT - PERSONAL INJURY,E18, ,,2016-02-27 05:56:00,2016,2,Saturday,5,Part Three,,,,"(0.00000000, 0.00000000)"
I162102763,619,Larceny,LARCENY ALL OTHERS,D14,798,,2016-12-02 00:00:00,2016,12,Friday,0,Part One,BABCOCK ST,42.35269523,-71.12109586,"(42.35269523, -71.12109586)"
I162075614,3115,Investigate Person,INVESTIGATE PERSON,C11,380,,2016-09-16 10:38:00,2016,9,Friday,10,Part Three,ROSARIA ST,42.28654114,-71.04981983,"(42.28654114, -71.04981983)"
I162082291,3114,Investigate Property,INVESTIGATE PROPERTY,B3,445,,2016-10-07 21:59:00,2016,10,Friday,21,Part Three,GREENWOOD ST,42.29716347,-71.07954018,"(42.29716347, -71.07954018)"
I162023144,3802,Motor Vehicle Accident Response,M/V ACCIDENT - PROPERTY  DAMAGE,D4, ,,2016-03-25 12:20:00,2016,3,Friday,12,Part Three,,,,"(0.00000000, 0.00000000)"
I152095574,520,Residential Burglary,BURGLARY - RESIDENTIAL - FORCE,E13,578,,2015-11-17 08:25:00,2015,11,Tuesday,8,Part One,SHERIDAN ST,42.32008171,-71.10663225,"(42.32008171, -71.10663225)"
I152078059,3006,Medical Assistance,SICK/INJURED/MEDICAL - PERSON,A15,38,,2015-09-19 16:22:00,2015,9,Saturday,16,Part Three,FIRST AVE,42.37749764,-71.05031219,"(42.37749764, -71.05031219)"
I152074613,3006,Medical Assistance,SICK/INJURED/MEDICAL - PERSON,C11,388,,2015-09-08 14:56:00,2015,9,Tuesday,14,Part Three,BROOKVALE ST,42.27904621,-71.06522668,"(42.27904621, -71.06522668)"
I172073481,3831,Motor Vehicle Accident Response,M/V - LEAVING SCENE - PROPERTY DAMAGE,B2,293,,2017-09-05 08:30:00,2017,9,Tuesday,8,Part Three,LAMBERT AVE,42.32661682,-71.09098572,"(42.32661682, -71.09098572)"
I172025671,3006,Medical Assistance,SICK/INJURED/MEDICAL - PERSON,A1,954,,2017-04-02 21:37:00,2017,4,Sunday,21,Part Three,FULTON ST,42.36293611,-71.05253795,"(42.36293611, -71.05253795)"
I162020048,3301,Verbal Disputes,VERBAL DISPUTE,E13,906,,2016-03-14 18:54:00,2016,3,Monday,18,Part Three,WALDEN ST,42.32561013,-71.10449956,"(42.32561013, -71.10449956)"
I162019495,613,Larceny,LARCENY SHOPLIFTING,C6,200,,2016-03-12 22:10:00,2016,3,Saturday,22,Part One,W BROADWAY,42.34234193,-71.05633276,"(42.34234193, -71.05633276)"
I172051587,3115,Investigate Person,INVESTIGATE PERSON,B2,315,,2017-06-27 09:24:00,2017,6,Tuesday,9,Part Three,CRAWFORD ST,42.31326606,-71.08939926,"(42.31326606, -71.08939926)"
I162019026,1001,Counterfeiting,FORGERY / COUNTERFEITING,C11,250,,2016-01-11 09:00:00,2016,1,Monday,9,Part Two,SAVIN HILL AVE,42.31248165,-71.04829028,"(42.31248165, -71.04829028)"
I162082495,614,Larceny From Motor Vehicle,LARCENY THEFT FROM MV - NON-ACCESSORY,B3,908,,2016-10-08 14:10:00,2016,10,Saturday,14,Part One,FRANKLIN HILL AVE,42.29558507,-71.09158038,"(42.29558507, -71.09158038)"
I172025733,3115,Investigate Person,INVESTIGATE PERSON,C11,372,,2017-03-19 18:00:00,2017,3,Sunday,18,Part Three,WALNUT ST,42.28791697,-71.04001774,"(42.28791697, -71.04001774)"
I172056265,3807,Motor Vehicle Accident Response,M/V ACCIDENT - OTHER CITY VEHICLE,B2,239,,2017-07-12 07:49:00,2017,7,Wednesday,7,Part Three,COLUMBIA RD,42.31705299,-71.06521384,"(42.31705299, -71.06521384)"
I182055771,802,Simple Assault,ASSAULT SIMPLE - BATTERY,C11,345,,2018-07-15 18:55:00,2018,7,Sunday,18,Part Two,DRAPER ST,42.30358612,-71.06437082,"(42.30358612, -71.06437082)"
I152072025,616,Larceny,LARCENY THEFT OF BICYCLE,D14,775,,2015-08-30 13:01:00,2015,8,Sunday,13,Part One,WALLINGFORD RD,42.34134946,-71.15122795,"(42.34134946, -71.15122795)"
I172037556,2629,Harassment,HARASSMENT,B2,320,,2017-05-12 14:40:00,2017,5,Friday,14,Part Two,MAPLE ST,42.30978746,-71.08503096,"(42.30978746, -71.08503096)"
I162091247,2101,Operating Under the Influence,OPERATING UNDER THE INFLUENCE ALCOHOL,B2,901,,2016-11-07 12:15:00,2016,11,Monday,12,Part Two,HORADAN WAY,42.3334635,-71.09594671,"(42.33346350, -71.09594671)"
I172038517,3802,Motor Vehicle Accident Response,M/V ACCIDENT - PROPERTY  DAMAGE,B3, ,,2017-05-16 16:23:00,2017,5,Tuesday,16,Part Three,CUMMINS HWY,,,"(0.00000000, 0.00000000)"
I182004369,3830,Motor Vehicle Accident Response,M/V - LEAVING SCENE - PERSONAL INJURY,B2,264,,2018-01-17 08:59:00,2018,1,Wednesday,8,Part Three,BLUE HILL AVE,42.31956879,-71.07776264,"(42.31956879, -71.07776264)"
I162023234,3807,Motor Vehicle Accident Response,M/V ACCIDENT - OTHER CITY VEHICLE,D14, ,,2016-03-25 18:46:00,2016,3,Friday,18,Part Three,,,,"(0.00000000, 0.00000000)"
I172010062,3205,License Plate Related Incidents,M/V PLATES - LOST,E18,492,,2017-01-31 17:55:00,2017,1,Tuesday,17,Part Three,HUNTINGTON AVE,42.26560754,-71.11608448,"(42.26560754, -71.11608448)"
I172015747,3006,Medical Assistance,SICK/INJURED/MEDICAL - PERSON,A1,113,,2017-02-26 18:38:00,2017,2,Sunday,18,Part Three,SUMMER ST,42.35426247,-71.05883334,"(42.35426247, -71.05883334)"
I162047916,3502,Missing Person Located,MISSING PERSON - LOCATED,D4,273,,2016-06-16 17:45:00,2016,6,Thursday,17,Part Three,MASSACHUSETTS AVE,42.33755715,-71.07836018,"(42.33755715, -71.07836018)"
I152106592,3006,Medical Assistance,SICK/INJURED/MEDICAL - PERSON,C11,385,,2015-12-26 20:52:00,2015,12,Saturday,20,Part Three,HALLET ST,42.28076737,-71.04736497,"(42.28076737, -71.04736497)"
I162074073,617,Larceny,LARCENY THEFT FROM BUILDING,B3,457,,2016-09-11 10:29:00,2016,9,Sunday,10,Part One,FOWLER ST,42.30006755,-71.0833691,"(42.30006755, -71.08336910)"
I172061962,3006,Medical Assistance,SICK/INJURED/MEDICAL - PERSON,A1,312,,2017-07-30 15:08:23,2017,7,Sunday,15,Part Three,TOWNSEND ST,42.31788176,-71.08911975,"(42.31788176, -71.08911975)"
I172068297,3018,Medical Assistance,SICK/INJURED/MEDICAL - POLICE,A1,91,,2017-08-18 23:00:00,2017,8,Friday,23,Part Three,FULTON ST,42.36238463,-71.05316216,"(42.36238463, -71.05316216)"
I172027499,3111,License Violation,LICENSE PREMISE VIOLATION,E5,720,,2017-04-09 01:58:00,2017,4,Sunday,1,Part Three,CENTRE ST,42.28067898,-71.15817457,"(42.28067898, -71.15817457)"
I182029750,2403,Disorderly Conduct,DISTURBING THE PEACE,C11,364,,2018-04-21 02:44:20,2018,4,Saturday,2,Part Two,CENTRE ST,42.29472426,-71.057981,"(42.29472426, -71.05798100)"
I162001472,3207,Property Found,PROPERTY - FOUND,D4,161,,2016-01-06 09:50:00,2016,1,Wednesday,9,Part Three,TREMONT ST,42.345903,-71.06946322,"(42.34590300, -71.06946322)"
I172081481,3502,Missing Person Located,MISSING PERSON - LOCATED,A1,954,,2017-09-30 00:14:00,2017,9,Saturday,0,Part Three,FULTON ST,42.36293611,-71.05253795,"(42.36293611, -71.05253795)"
I182048767,3115,Investigate Person,INVESTIGATE PERSON,A15,52,,2018-06-22 11:18:00,2018,6,Friday,11,Part Three,HOLBORN ST,42.31407167,-71.08010711,"(42.31407167, -71.08010711)"
I172006019,3207,Property Found,PROPERTY - FOUND,C6,193,,2017-01-23 08:30:00,2017,1,Monday,8,Part Three,PREBLE ST,42.32922503,-71.05424964,"(42.32922503, -71.05424964)"
I182069894,2647,Other,THREATS TO DO BODILY HARM,C11,352,,2018-08-31 10:25:00,2018,8,Friday,10,Part Two,DORCHESTER AVE,42.30114533,-71.05991447,"(42.30114533, -71.05991447)"
I172034769,3201,Property Lost,PROPERTY - LOST,D14,793,,2017-05-03 17:48:00,2017,5,Wednesday,17,Part Three,COMMONWEALTH AVE,42.34838862,-71.13455322,"(42.34838862, -71.13455322)"
I182058647,2610,Other,TRESPASSING,C6,178,,2018-07-25 12:51:00,2018,7,Wednesday,12,Part Two,MASSACHUSETTS AVE,42.33152148,-71.07085307,"(42.33152148, -71.07085307)"
I182028561,3805,Motor Vehicle Accident Response,M/V ACCIDENT - POLICE VEHICLE,E13,510,,2018-04-17 09:20:00,2018,4,Tuesday,9,Part Three,MORTON ST,42.30056444,-71.11016791,"(42.30056444, -71.11016791)"
I182048413,613,Larceny,LARCENY SHOPLIFTING,D14,763,,2018-06-21 08:57:00,2018,6,Thursday,8,Part One,WASHINGTON ST,42.34910076,-71.1561239,"(42.34910076, -71.15612390)"
I162099639,614,Larceny From Motor Vehicle,LARCENY THEFT FROM MV - NON-ACCESSORY,D4,162,,2016-12-06 17:00:00,2016,12,Tuesday,17,Part One,HARRISON AVE,42.34493428,-71.06366374,"(42.34493428, -71.06366374)"
I172084404,619,Larceny,LARCENY ALL OTHERS,B3,435,,2017-10-10 08:20:00,2017,10,Tuesday,8,Part One,DUNBAR AVE,42.28643911,-71.07163064,"(42.28643911, -71.07163064)"
I152075328,2629,Harassment,HARASSMENT,E18,516,,2015-09-10 19:50:00,2015,9,Thursday,19,Part Two,SUMMIT ST,42.24875808,-71.11522821,"(42.24875808, -71.11522821)"
I182036583,3114,Investigate Property,INVESTIGATE PROPERTY,B3,468,,2018-05-14 13:53:00,2018,5,Monday,13,Part Three,WELLINGTON HILL ST,42.27965686,-71.09337672,"(42.27965686, -71.09337672)"
I182000008,301,Robbery,ROBBERY - STREET,A1, ,,2017-12-31 00:00:00,2017,12,Sunday,0,Part One,SCHOOL ST,,,"(0.00000000, 0.00000000)"
I162057860,614,Larceny From Motor Vehicle,LARCENY THEFT FROM MV - NON-ACCESSORY,E18,521,,2016-07-20 12:32:00,2016,7,Wednesday,12,Part One,FAIRMOUNT AVE,42.2539599,-71.11962283,"(42.25395990, -71.11962283)"
I152086359,3006,Medical Assistance,SICK/INJURED/MEDICAL - PERSON,A1,82,,2015-10-17 12:50:00,2015,10,Saturday,12,Part Three,COMMERCIAL ST,42.3675892,-71.0575884,"(42.36758920, -71.05758840)"
I162090025,3802,Motor Vehicle Accident Response,M/V ACCIDENT - PROPERTY  DAMAGE,A15,58,,2016-11-03 10:05:00,2016,11,Thursday,10,Part Three,AUSTIN ST,42.37479451,-71.06600871,"(42.37479451, -71.06600871)"
I172100233,3301,Verbal Disputes,VERBAL DISPUTE,A15,900,,2017-12-02 23:03:00,2017,12,Saturday,23,Part Three,O'REILLY WAY,42.37789565,-71.05840764,"(42.37789565, -71.05840764)"
I152095505,3803,Motor Vehicle Accident Response,M/V ACCIDENT - PERSONAL INJURY,D4, ,,2015-11-17 15:55:00,2015,11,Tuesday,15,Part Three,,,,"(0.00000000, 0.00000000)"
I162057531,2900,Other,VAL - VIOLATION OF AUTO LAW - OTHER,E18,523,,2016-07-19 14:20:00,2016,7,Tuesday,14,Part Two,HYDE PARK AVE,42.24260011,-71.13035022,"(42.24260011, -71.13035022)"
I182018425,521,Residential Burglary,BURGLARY - RESIDENTIAL - ATTEMPT,E18,524,,2018-03-10 21:00:00,2018,3,Saturday,21,Part One,FARADAY ST,42.24288459,-71.12255206,"(42.24288459, -71.12255206)"
I182002703,3831,Motor Vehicle Accident Response,M/V - LEAVING SCENE - PROPERTY DAMAGE,B2,265,,2018-01-05 13:00:00,2018,1,Friday,13,Part Three,WAVERLY ST,42.32132788,-71.08105509,"(42.32132788, -71.08105509)"
I162014134,2604,Other,EXTORTION OR BLACKMAIL,B3,455,,2016-02-22 14:41:00,2016,2,Monday,14,Part Two,RADCLIFFE ST,42.30020194,-71.07835353,"(42.30020194, -71.07835353)"
I172090274,3201,Property Lost,PROPERTY - LOST,C6, ,,2017-10-28 21:18:00,2017,10,Saturday,21,Part Three,,,,"(0.00000000, 0.00000000)"
I162004291,614,Larceny From Motor Vehicle,LARCENY THEFT FROM MV - NON-ACCESSORY,E13,579,,2016-01-15 13:30:00,2016,1,Friday,13,Part One,ASHLEY ST,42.32082224,-71.103724,"(42.32082224, -71.10372400)"
I162000583,1402,Vandalism,VANDALISM,A15,41,,2016-01-02 18:30:00,2016,1,Saturday,18,Part Two,FERRIN ST,42.3758558,-71.05659842,"(42.37585580, -71.05659842)"
I172098588,617,Larceny,LARCENY THEFT FROM BUILDING,D4,624,,2017-11-27 15:33:00,2017,11,Monday,15,Part One,PETERBOROUGH ST,42.34402604,-71.09615503,"(42.34402604, -71.09615503)"
I172057900,3201,Property Lost,PROPERTY - LOST,A1,119,,2017-07-17 13:00:00,2017,7,Monday,13,Part Three,PARK ST,,,"(0.00000000, 0.00000000)"
I172092458,3125,Warrant Arrests,WARRANT ARREST,E18,542,,2017-11-05 00:56:00,2017,11,Sunday,0,Part Three,BUSINESS ST,42.2519746,-71.128736,"(42.25197460, -71.12873600)"
I162102934,1402,Vandalism,VANDALISM,E18,499,,2016-12-17 19:30:00,2016,12,Saturday,19,Part Two,AMERICAN LEGION HWY,42.27810693,-71.11636523,"(42.27810693, -71.11636523)"
I182057713,3301,Verbal Disputes,VERBAL DISPUTE,B3,944,,2018-07-22 12:06:00,2018,7,Sunday,12,Part Three,AMES ST,42.28956988,-71.08510501,"(42.28956988, -71.08510501)"
I182001071,3125,Warrant Arrests,WARRANT ARREST,A1,63,,2018-01-05 10:18:00,2018,1,Friday,10,Part Three,NEW SUDBURY ST,42.36183857,-71.05976489,"(42.36183857, -71.05976489)"
I172031918,614,Larceny From Motor Vehicle,LARCENY THEFT FROM MV - NON-ACCESSORY,C11,394,,2017-04-24 09:15:00,2017,4,Monday,9,Part One,BUSHNELL ST,42.2833382,-71.06230407,"(42.28333820, -71.06230407)"
I182017847,3114,Investigate Property,INVESTIGATE PROPERTY,E13,912,,2018-03-08 21:01:00,2018,3,Thursday,21,Part Three,CENTRE ST,42.32283759,-71.10096723,"(42.32283759, -71.10096723)"
I172081235,1402,Vandalism,VANDALISM,B3,426,,2017-09-28 20:15:00,2017,9,Thursday,20,Part Two,BLUE HILL AVE,42.26909851,-71.09361458,"(42.26909851, -71.09361458)"
I172072238,3802,Motor Vehicle Accident Response,M/V ACCIDENT - PROPERTY  DAMAGE,C6, ,,2017-08-31 17:40:00,2017,8,Thursday,17,Part Three,,,,"(0.00000000, 0.00000000)"
I172006290,3115,Investigate Person,INVESTIGATE PERSON,B3, ,,2017-01-24 08:36:00,2017,1,Tuesday,8,Part Three,,,,"(0.00000000, 0.00000000)"
I172087504,3108,Fire Related Reports,"FIRE REPORT - HOUSE, BUILDING, ETC.",E18,533,,2017-10-19 21:27:00,2017,10,Thursday,21,Part Three,RIVER ST,42.25120821,-71.13095369,"(42.25120821, -71.13095369)"
I162005972,613,Larceny,LARCENY SHOPLIFTING,A1,66,,2016-01-22 17:36:00,2016,1,Friday,17,Part One,CHARLES ST,42.35913227,-71.07074326,"(42.35913227, -71.07074326)"
I162076127,3125,Warrant Arrests,WARRANT ARREST,A1, ,,2016-09-17 22:05:00,2016,9,Saturday,22,Part Three,,,,"(0.00000000, 0.00000000)"
I152076515,1874,Drug Violation,DRUGS - OTHER,E13,510,,2015-09-14 18:10:00,2015,9,Monday,18,Part Two,TOWER ST,42.29993437,-71.11355693,"(42.29993437, -71.11355693)"
I182052176,3125,Warrant Arrests,WARRANT ARREST,B2,280,,2018-07-03 12:23:00,2018,7,Tuesday,12,Part Three,MARTIN LUTHER KING JR BLV,42.31860134,-71.08405792,"(42.31860134, -71.08405792)"
I172084003,617,Larceny,LARCENY THEFT FROM BUILDING,A1,108,,2017-10-08 17:02:00,2017,10,Sunday,17,Part One,HIGH ST,42.35407456,-71.05533533,"(42.35407456, -71.05533533)"
I162003221,1870,Drug Violation,DRUGS - CONSP TO VIOL CONTROLLED SUBSTANCE,C11,254,,2016-01-12 16:21:00,2016,1,Tuesday,16,Part Two,DORCHESTER AVE,42.30947615,-71.05800088,"(42.30947615, -71.05800088)"
I172083688,802,Simple Assault,ASSAULT SIMPLE - BATTERY,B3,458,,2017-10-07 13:42:00,2017,10,Saturday,13,Part Two,ERIE ST,42.30153144,-71.08257819,"(42.30153144, -71.08257819)"
I182021895,361,Robbery,ROBBERY - OTHER,E18,940,,2018-03-24 00:47:36,2018,3,Saturday,0,Part One,NEWACRE RD,42.24550885,-71.11889368,"(42.24550885, -71.11889368)"
I162003915,2907,Violations,VAL - OPERATING AFTER REV/SUSP.,B2,586,,2016-01-15 08:18:00,2016,1,Friday,8,Part Two,NEW HEATH ST,42.326372,-71.09971,"(42.32637200, -71.09971000)"
I172028026,3114,Investigate Property,INVESTIGATE PROPERTY,, ,,2017-04-11 02:21:00,2017,4,Tuesday,2,Part Three,COAST GUARD BASE,-1.0,-1.0,"(-1.00000000, -1.00000000)"
I182008908,802,Simple Assault,ASSAULT SIMPLE - BATTERY,A1,85,,2018-02-03 03:51:00,2018,2,Saturday,3,Part Two,N MARGIN ST,42.36490476,-71.05671873,"(42.36490476, -71.05671873)"
I162010201,802,Simple Assault,ASSAULT SIMPLE - BATTERY,B2,320,,2016-02-07 08:15:00,2016,2,Sunday,8,Part Two,CHENEY ST,42.30882778,-71.0841498,"(42.30882778, -71.08414980)"
I162009790,2906,Violations,VAL - OPERATING UNREG/UNINS  CAR,E13,571,,2016-02-05 14:38:00,2016,2,Friday,14,Part Two,FOREST HILLS ST,42.31134205,-71.10166558,"(42.31134205, -71.10166558)"
I182061372,614,Larceny From Motor Vehicle,LARCENY THEFT FROM MV - NON-ACCESSORY,D14,774,,2018-08-02 19:45:00,2018,8,Thursday,19,Part One,STRATHMORE RD,42.34025279,-71.15447536,"(42.34025279, -71.15447536)"
I162004122,3831,Motor Vehicle Accident Response,M/V - LEAVING SCENE - PROPERTY DAMAGE,C6,219,,2016-01-15 19:42:00,2016,1,Friday,19,Part Three,E EIGHTH ST,42.33129177,-71.04539502,"(42.33129177, -71.04539502)"
I172003307,3501,Missing Person Reported,MISSING PERSON,E5,729,,2017-01-13 07:21:00,2017,1,Friday,7,Part Three,VFW PKWY,42.28536992,-71.17244016,"(42.28536992, -71.17244016)"
I162059185,3831,Motor Vehicle Accident Response,M/V - LEAVING SCENE - PROPERTY DAMAGE,A7, ,,2016-07-25 02:15:00,2016,7,Monday,2,Part Three,,42.3784358,-71.02886999,"(42.37843580, -71.02886999)"
I182044214,802,Simple Assault,ASSAULT SIMPLE - BATTERY,C6,915,,2018-06-07 22:55:00,2018,6,Thursday,22,Part Two,E NINTH ST,42.33214285,-71.05121359,"(42.33214285, -71.05121359)"
I162050011,802,Simple Assault,ASSAULT SIMPLE - BATTERY,A1,119,,2016-06-23 19:33:00,2016,6,Thursday,19,Part Two,PARK ST,42.35650174,-71.0619996,"(42.35650174, -71.06199960)"
I162041428,3410,Towed,TOWED MOTOR VEHICLE,C6,234,,2016-05-27 07:31:00,2016,5,Friday,7,Part Three,L ST,42.33106756,-71.03524534,"(42.33106756, -71.03524534)"
I162061554,3801,Motor Vehicle Accident Response,M/V ACCIDENT - OTHER,B3,463,,2016-08-01 14:31:00,2016,8,Monday,14,Part Three,AMERICAN LEGION HWY,42.29794983,-71.08774413,"(42.29794983, -71.08774413)"
I162078920,611,Larceny,LARCENY PICK-POCKET,B2,288,,2016-09-26 18:45:00,2016,9,Monday,18,Part One,WASHINGTON ST,42.32925905,-71.08482402,"(42.32925905, -71.08482402)"
I162095649,3410,Towed,TOWED MOTOR VEHICLE,E18,524,,2016-11-22 14:20:00,2016,11,Tuesday,14,Part Three,NEEDHAM RD,42.24249788,-71.12326854,"(42.24249788, -71.12326854)"
I162036410,802,Simple Assault,ASSAULT SIMPLE - BATTERY,B2,328,,2016-05-20 16:00:00,2016,5,Friday,16,Part Two,COLUMBIA RD,42.30876959,-71.07460717,"(42.30876959, -71.07460717)"
I172107303,617,Larceny,LARCENY THEFT FROM BUILDING,B2,593,,2017-12-30 08:09:00,2017,12,Saturday,8,Part One,FRANCIS ST,42.33606304,-71.10782832,"(42.33606304, -71.10782832)"
I162014513,3006,Medical Assistance,SICK/INJURED/MEDICAL - PERSON,B3,466,,2016-02-23 22:08:00,2016,2,Tuesday,22,Part Three,DEERING RD,42.28414025,-71.09305138,"(42.28414025, -71.09305138)"
I162093021,2629,Harassment,HARASSMENT,A7,12,,2016-11-13 16:25:00,2016,11,Sunday,16,Part Two,BOARDMAN ST,42.387128,-71.008099,"(42.38712800, -71.00809900)"
I162096178,802,Simple Assault,ASSAULT SIMPLE - BATTERY,C11,335,,2016-11-24 19:52:00,2016,11,Thursday,19,Part Two,BARRY ST,42.30870401,-71.06844484,"(42.30870401, -71.06844484)"
I182008784,2007,Restraining Order Violations,VIOL. OF RESTRAINING ORDER W NO ARREST,D4,594,,2018-02-01 21:05:00,2018,2,Thursday,21,Part Two,SAINT BOTOLPH ST,42.3414751,-71.08495034,"(42.34147510, -71.08495034)"
I182014165,3502,Missing Person Located,MISSING PERSON - LOCATED,B3,441,,2018-02-23 00:43:00,2018,2,Friday,0,Part Three,NIGHTINGALE ST,42.29540175,-71.08237834,"(42.29540175, -71.08237834)"
I162042752,3115,Investigate Person,INVESTIGATE PERSON,A1,100,,2016-05-31 17:21:00,2016,5,Tuesday,17,Part Three,STATE ST,42.35902548,-71.05567996,"(42.35902548, -71.05567996)"
I172051649,3831,Motor Vehicle Accident Response,M/V - LEAVING SCENE - PROPERTY DAMAGE,E5,736,,2017-06-25 17:30:00,2017,6,Sunday,17,Part Three,CENTRE ST,42.285946,-71.1553982,"(42.28594600, -71.15539820)"
I182002447,1415,Vandalism,GRAFFITI,E18,504,,2018-01-10 12:31:00,2018,1,Wednesday,12,Part Two,WYVERN ST,42.2878734,-71.11636811,"(42.28787340, -71.11636811)"
I182041193,3201,Property Lost,PROPERTY - LOST,B2,293,,2017-05-29 12:09:00,2017,5,Monday,12,Part Three,LOGAN ST,42.32610373,-71.09042875,"(42.32610373, -71.09042875)"
I182044671,3208,Property Lost,PROPERTY - MISSING,A1,127,,2018-06-09 11:12:00,2018,6,Saturday,11,Part Three,WASHINGTON ST,42.34876087,-71.06408261,"(42.34876087, -71.06408261)"
I162058454,3831,Motor Vehicle Accident Response,M/V - LEAVING SCENE - PROPERTY DAMAGE,D4,270,,2016-07-22 14:09:00,2016,7,Friday,14,Part Three,HARRISON AVE,42.33444882,-71.0757421,"(42.33444882, -71.07574210)"
I182070453,1402,Vandalism,VANDALISM,E5,562,,2018-09-02 02:00:00,2018,9,Sunday,2,Part Two,WASHINGTON ST,42.28788933,-71.12658585,"(42.28788933, -71.12658585)"
I162004469,3802,Motor Vehicle Accident Response,M/V ACCIDENT - PROPERTY  DAMAGE,C6,221,,2016-01-17 03:19:00,2016,1,Sunday,3,Part Three,E BROADWAY,42.33554421,-71.0407501,"(42.33554421, -71.04075010)"
I172068331,3115,Investigate Person,INVESTIGATE PERSON,D4,598,,2017-08-18 00:00:00,2017,8,Friday,0,Part Three,DALTON ST,42.34634313,-71.08482013,"(42.34634313, -71.08482013)"
I162060103,2005,Offenses Against Child / Family,CHILD ENDANGERMENT,B3,451,,2016-07-27 17:53:00,2016,7,Wednesday,17,Part Two,PARK ST,42.29489887,-71.07563537,"(42.29489887, -71.07563537)"
I162102376,3125,Warrant Arrests,WARRANT ARREST,A7,17,,2016-12-16 10:44:00,2016,12,Friday,10,Part Three,PRINCETON ST,42.38043397,-71.02817842,"(42.38043397, -71.02817842)"
I182066805,2616,Other,POSSESSION OF BURGLARIOUS TOOLS,A1,126,,2018-08-21 08:20:00,2018,8,Tuesday,8,Part Two,CHURCH ST,42.34826633,-71.06753338,"(42.34826633, -71.06753338)"
I182002195,617,Larceny,LARCENY THEFT FROM BUILDING,A1,125,,2018-01-09 15:15:00,2018,1,Tuesday,15,Part One,STUART ST,42.35064439,-71.06811584,"(42.35064439, -71.06811584)"
I162075104,3831,Motor Vehicle Accident Response,M/V - LEAVING SCENE - PROPERTY DAMAGE,C6, ,,2016-09-14 16:02:00,2016,9,Wednesday,16,Part Three,,,,"(0.00000000, 0.00000000)"
I162103347,3115,Investigate Person,INVESTIGATE PERSON,E18,533,,2016-12-19 17:55:00,2016,12,Monday,17,Part Three,WESTINGHOUSE PLZ,42.24422964,-71.13251945,"(42.24422964, -71.13251945)"
I172050322,2629,Harassment,HARASSMENT,D14,772,,2017-06-22 15:30:00,2017,6,Thursday,15,Part Two,ACADEMY HILL RD,42.34617617,-71.15448684,"(42.34617617, -71.15448684)"
I182070567,2907,Violations,VAL - OPERATING AFTER REV/SUSP.,, ,,2018-09-02 14:25:00,2018,9,Sunday,14,Part Two,,42.34834528,-71.1499187,"(42.34834528, -71.14991870)"
I182066770,3006,Medical Assistance,SICK/INJURED/MEDICAL - PERSON,E13,577,,2018-08-21 00:22:00,2018,8,Tuesday,0,Part Three,WASHINGTON ST,42.31538436,-71.09870021,"(42.31538436, -71.09870021)"
I182019732,3130,Search Warrants,SEARCH WARRANT,D14,778,,2018-03-16 05:32:00,2018,3,Friday,5,Part Three,SPARHAWK ST,42.35147715,-71.15143461,"(42.35147715, -71.15143461)"
I182009954,3403,Police Service Incidents,PROTECTIVE CUSTODY / SAFEKEEPING,E18,515,,2018-02-07 01:16:18,2018,2,Wednesday,1,Part Three,WILLIAMS AVE,42.24704871,-71.11544426,"(42.24704871, -71.11544426)"
I182026278,2900,Other,VAL - VIOLATION OF AUTO LAW - OTHER,B3,427,,2018-04-09 00:40:00,2018,4,Monday,0,Part Two,BABSON ST,42.27647573,-71.09256906,"(42.27647573, -71.09256906)"
I162067196,1304,Recovered Stolen Property,PROPERTY - STOLEN THEN RECOVERED,D4,166,,2016-08-19 12:30:00,2016,8,Friday,12,Part Two,WASHINGTON ST,42.34108936,-71.07020569,"(42.34108936, -71.07020569)"
I152095169,1831,Drug Violation,DRUGS - SICK ASSIST - OTHER NARCOTIC,D4, ,,2015-11-16 14:11:12,2015,11,Monday,14,Part Two,,,,"(0.00000000, 0.00000000)"
I152078041,614,Larceny From Motor Vehicle,LARCENY THEFT FROM MV - NON-ACCESSORY,A7,34,,2015-09-19 16:24:00,2015,9,Saturday,16,Part One,MARGINAL ST,42.36423833,-71.03344046,"(42.36423833, -71.03344046)"
I162030633,2007,Restraining Order Violations,VIOL. OF RESTRAINING ORDER W NO ARREST,C11,355,,2016-04-20 15:03:00,2016,4,Wednesday,15,Part Two,PARKMAN ST,42.29709649,-71.05734054,"(42.29709649, -71.05734054)"
I172041427,3831,Motor Vehicle Accident Response,M/V - LEAVING SCENE - PROPERTY DAMAGE,C6,201,,2017-05-25 17:57:00,2017,5,Thursday,17,Part Three,B ST,42.34079771,-71.05392145,"(42.34079771, -71.05392145)"
I152069457,3501,Missing Person Reported,MISSING PERSON,E5,822,,2015-08-21 22:00:00,2015,8,Friday,22,Part Three,GEORGETOWNE DR,42.25943465,-71.14798064,"(42.25943465, -71.14798064)"
I182023350,1102,Fraud,FRAUD - FALSE PRETENSE / SCHEME,C6,173,,2018-03-21 00:00:00,2018,3,Wednesday,0,Part Two,DORCHESTER AVE,42.34210856,-71.05720719,"(42.34210856, -71.05720719)"
I162049185,2629,Harassment,HARASSMENT,D4,623,,2016-06-20 22:23:00,2016,6,Monday,22,Part Two,NEWBURY ST,42.34805092,-71.09389963,"(42.34805092, -71.09389963)"
I162034168,3410,Towed,TOWED MOTOR VEHICLE,B2,320,,2016-05-02 17:39:00,2016,5,Monday,17,Part Three,MAPLE ST,42.30978746,-71.08503096,"(42.30978746, -71.08503096)"
I182009056,311,Robbery,ROBBERY - COMMERCIAL,A1,75,,2018-02-03 18:45:00,2018,2,Saturday,18,Part One,PORTLAND ST,42.3642384,-71.06165515,"(42.36423840, -71.06165515)"
I162063143,3410,Towed,TOWED MOTOR VEHICLE,D4,149,,2016-08-06 17:05:00,2016,8,Saturday,17,Part Three,COLUMBUS AVE,42.3440235,-71.077549,"(42.34402350, -71.07754900)"
I172077229,3115,Investigate Person,INVESTIGATE PERSON,B2,566,,2017-09-16 21:59:00,2017,9,Saturday,21,Part Three,BLUE HILL AVE,42.30391522,-71.08510251,"(42.30391522, -71.08510251)"
I172080057,613,Larceny,LARCENY SHOPLIFTING,B3,476,,2017-09-25 17:25:00,2017,9,Monday,17,Part One,BLUE HILL AVE,42.26994732,-71.09380308,"(42.26994732, -71.09380308)"
I172012010,3115,Investigate Person,INVESTIGATE PERSON,D4,272,,2017-02-14 10:32:00,2017,2,Tuesday,10,Part Three,WASHINGTON ST,42.33383935,-71.08029038,"(42.33383935, -71.08029038)"
I162045611,2403,Disorderly Conduct,DISTURBING THE PEACE,C11,355,,2016-06-09 10:51:00,2016,6,Thursday,10,Part Two,GIBSON ST,42.29755533,-71.0597091,"(42.29755533, -71.05970910)"
I152061008,802,Simple Assault,ASSAULT SIMPLE - BATTERY,B2,184,,2015-07-23 20:36:00,2015,7,Thursday,20,Part Two,HUMPHREYS ST,42.31949081,-71.06627425,"(42.31949081, -71.06627425)"
I162094720,1415,Vandalism,GRAFFITI,E13,642,,2016-11-19 11:53:00,2016,11,Saturday,11,Part Two,CENTRE ST,42.31322316,-71.11409925,"(42.31322316, -71.11409925)"
I152058592,3502,Missing Person Located,MISSING PERSON - LOCATED,C6,197,,2015-07-15 06:45:00,2015,7,Wednesday,6,Part Three,OLD COLONY AVE,42.33586257,-71.05566936,"(42.33586257, -71.05566936)"
I152070393,2900,Other,VAL - VIOLATION OF AUTO LAW - OTHER,B2,310,,2015-08-25 11:00:00,2015,8,Tuesday,11,Part Two,,,,"(0.00000000, 0.00000000)"
I162088985,3301,Verbal Disputes,VERBAL DISPUTE,B2,312,,2016-10-31 02:26:00,2016,10,Monday,2,Part Three,HOLLANDER ST,42.3156892,-71.08951391,"(42.31568920, -71.08951391)"
I182065428,614,Larceny From Motor Vehicle,LARCENY THEFT FROM MV - NON-ACCESSORY,C11,349,,2018-08-16 15:11:00,2018,8,Thursday,15,Part One,ADAMS ST,42.30385443,-71.06087585,"(42.30385443, -71.06087585)"
I172037381,3831,Motor Vehicle Accident Response,M/V - LEAVING SCENE - PROPERTY DAMAGE,A1,116,,2017-05-12 16:00:00,2017,5,Friday,16,Part Three,ESSEX ST,42.35235362,-71.05815283,"(42.35235362, -71.05815283)"
I152091383,3006,Medical Assistance,SICK/INJURED/MEDICAL - PERSON,A7,26,,2015-11-03 18:13:00,2015,11,Tuesday,18,Part Three,BORDER ST,42.38198241,-71.04033333,"(42.38198241, -71.04033333)"
I162013581,802,Simple Assault,ASSAULT SIMPLE - BATTERY,C11,362,,2016-02-20 16:18:00,2016,2,Saturday,16,Part Two,KENWOOD ST,42.29191251,-71.07049431,"(42.29191251, -71.07049431)"
I172001666,2647,Other,THREATS TO DO BODILY HARM,C11,337,,2017-01-06 21:00:00,2017,1,Friday,21,Part Two,DEVON ST,42.30724276,-71.07558677,"(42.30724276, -71.07558677)"
I162026942,619,Larceny,LARCENY ALL OTHERS,E5,731,,2016-04-07 16:00:00,2016,4,Thursday,16,Part One,VARICK RD,42.28445283,-71.16817934,"(42.28445283, -71.16817934)"
I182038664,3109,Police Service Incidents,SERVICE TO OTHER PD INSIDE OF MA.,A1,77,,2018-05-21 11:55:00,2018,5,Monday,11,Part Three,CONGRESS ST,42.36139413,-71.0576869,"(42.36139413, -71.05768690)"
I182017670,3125,Warrant Arrests,WARRANT ARREST,A1,111,,2018-03-08 09:12:00,2018,3,Thursday,9,Part Three,WASHINGTON ST,42.35272948,-71.06256291,"(42.35272948, -71.06256291)"
I162062581,3006,Medical Assistance,SICK/INJURED/MEDICAL - PERSON,B2,611,,2016-08-04 17:45:00,2016,8,Thursday,17,Part Three,HUNTINGTON AVE,42.33332888,-71.10659534,"(42.33332888, -71.10659534)"
I182032395,3502,Missing Person Located,MISSING PERSON - LOCATED,B2,281,,2018-04-30 16:49:00,2018,4,Monday,16,Part Three,GREENVILLE ST,42.32696802,-71.08051941,"(42.32696802, -71.08051941)"
I182029977,3831,Motor Vehicle Accident Response,M/V - LEAVING SCENE - PROPERTY DAMAGE,B3,470,,2018-04-21 23:44:00,2018,4,Saturday,23,Part Three,WALK HILL ST,42.28184113,-71.09871709,"(42.28184113, -71.09871709)"
I162089606,3006,Medical Assistance,SICK/INJURED/MEDICAL - PERSON,B2,325,,2016-11-01 23:15:00,2016,11,Tuesday,23,Part Three,HOWARD AVE,42.31468252,-71.07527119,"(42.31468252, -71.07527119)"
I152055100,423,Aggravated Assault,ASSAULT - AGGRAVATED,A1,64,,2015-07-04 02:59:00,2015,7,Saturday,2,Part One,FRUIT ST,42.36240281,-71.06954652,"(42.36240281, -71.06954652)"
I172061723,1849,Drug Violation,"DRUGS - POSS CLASS B - COCAINE, ETC.",C11,348,,2017-07-29 17:59:00,2017,7,Saturday,17,Part Two,DORCHESTER AVE,42.30426572,-71.05917938,"(42.30426572, -71.05917938)"
I172077020,1402,Vandalism,VANDALISM,E5,682,,2017-09-15 22:50:00,2017,9,Friday,22,Part Two,WALWORTH ST,42.28453015,-71.13751176,"(42.28453015, -71.13751176)"
I182004744,3301,Verbal Disputes,VERBAL DISPUTE,C6,234,,2018-01-18 15:56:00,2018,1,Thursday,15,Part Three,E EIGHTH ST,42.33145284,-71.03686785,"(42.33145284, -71.03686785)"
I182013346,3410,Towed,TOWED MOTOR VEHICLE,D14,774,,2018-02-20 10:35:00,2018,2,Tuesday,10,Part Three,COMMONWEALTH AVE,42.33848236,-71.15288978,"(42.33848236, -71.15288978)"
I162071129,3410,Towed,TOWED MOTOR VEHICLE,A1,80,,2016-09-01 10:47:00,2016,9,Thursday,10,Part Three,HULL ST,42.36700659,-71.05629777,"(42.36700659, -71.05629777)"
I182018576,3006,Medical Assistance,SICK/INJURED/MEDICAL - PERSON,C11,356,,2018-03-11 16:53:00,2018,3,Sunday,16,Part Three,GENEVA AVE,42.29848866,-71.06313294,"(42.29848866, -71.06313294)"
I162080966,2647,Other,THREATS TO DO BODILY HARM,B2,290,,2016-10-03 16:11:00,2016,10,Monday,16,Part Two,ROXBURY ST,42.33017987,-71.09061217,"(42.33017987, -71.09061217)"
I162063309,3114,Investigate Property,INVESTIGATE PROPERTY,E5,559,,2016-08-07 09:08:00,2016,8,Sunday,9,Part Three,CLIFTONDALE ST,42.28215569,-71.1309155,"(42.28215569, -71.13091550)"
I162100127,3125,Warrant Arrests,WARRANT ARREST,C11,391,,2016-12-08 13:00:00,2016,12,Thursday,13,Part Three,HARRISON AVE,42.33954199,-71.06940877,"(42.33954199, -71.06940877)"
I182014758,614,Larceny From Motor Vehicle,LARCENY THEFT FROM MV - NON-ACCESSORY,D4,629,,2018-02-24 20:00:00,2018,2,Saturday,20,Part One,BEACON ST,42.347497,-71.101763,"(42.34749700, -71.10176300)"
I182001298,727,Auto Theft,AUTO THEFT - LEASED/RENTED VEHICLE,D14,778,,2018-01-06 08:38:00,2018,1,Saturday,8,Part One,HARVARD AVE,42.35486542,-71.13259322,"(42.35486542, -71.13259322)"
I172062047,413,Aggravated Assault,ASSAULT - AGGRAVATED - BATTERY,D4,623,,2017-07-30 21:13:00,2017,7,Sunday,21,Part One,COMMONWEALTH AVE,42.34877575,-71.09606805,"(42.34877575, -71.09606805)"
I182068034,2632,Evading Fare,EVADING FARE,C11,395,,2018-08-25 01:03:00,2018,8,Saturday,1,Part Two,DORCHESTER AVE,42.28187213,-71.06538326,"(42.28187213, -71.06538326)"
I172058592,3001,Medical Assistance,DEATH INVESTIGATION,D4,161,,2017-07-19 16:44:00,2017,7,Wednesday,16,Part Three,TREMONT ST,42.34701666,-71.06886238,"(42.34701666, -71.06886238)"
I152064745,3109,Police Service Incidents,SERVICE TO OTHER PD INSIDE OF MA.,C6,207,,2015-08-05 17:12:00,2015,8,Wednesday,17,Part Three,COURTHOUSE WAY,42.35404844,-71.04639023,"(42.35404844, -71.04639023)"
I152079201,3301,Verbal Disputes,VERBAL DISPUTE,E18,481,,2015-09-23 10:50:00,2015,9,Wednesday,10,Part Three,HOLLINGSWORTH ST,42.26809427,-71.0990997,"(42.26809427, -71.09909970)"
I182003609,413,Aggravated Assault,ASSAULT - AGGRAVATED - BATTERY,D4,903,Y,2018-01-14 10:57:00,2018,1,Sunday,10,Part One,SHAWMUT AVE,42.33543394,-71.08076738,"(42.33543394, -71.08076738)"
I172074149,3803,Motor Vehicle Accident Response,M/V ACCIDENT - PERSONAL INJURY,C11, ,,2017-09-07 12:05:00,2017,9,Thursday,12,Part Three,RIVER ST,,,"(0.00000000, 0.00000000)"
I172083555,2403,Disorderly Conduct,DISTURBING THE PEACE,B2,605,,2017-10-07 01:01:00,2017,10,Saturday,1,Part Two,STOCKWELL ST,42.33203421,-71.10688839,"(42.33203421, -71.10688839)"
I172049169,3301,Verbal Disputes,VERBAL DISPUTE,E18,480,,2017-06-19 19:23:00,2017,6,Monday,19,Part Three,BISMARCK ST,42.26983458,-71.10003437,"(42.26983458, -71.10003437)"
I162042982,1107,Fraud,FRAUD - IMPERSONATION,A1,63,,2016-06-01 06:59:00,2016,6,Wednesday,6,Part Two,MARTHA RD,42.36580175,-71.06538257,"(42.36580175, -71.06538257)"
I162015764,3301,Verbal Disputes,VERBAL DISPUTE,C11,462,,2016-02-28 09:18:00,2016,2,Sunday,9,Part Three,FERNBORO ST,42.31129587,-71.07728269,"(42.31129587, -71.07728269)"
I162063500,616,Larceny,LARCENY THEFT OF BICYCLE,B2,316,,2016-08-07 18:28:00,2016,8,Sunday,18,Part One,WALNUT AVE,42.31681126,-71.09283155,"(42.31681126, -71.09283155)"
I162003558,1874,Drug Violation,DRUGS - OTHER,C11, ,,2016-01-13 20:06:00,2016,1,Wednesday,20,Part Two,,,,"(0.00000000, 0.00000000)"
I182060021,617,Larceny,LARCENY THEFT FROM BUILDING,A1,77,,2018-07-30 03:14:00,2018,7,Monday,3,Part One,BOWKER ST,42.36242887,-71.06054873,"(42.36242887, -71.06054873)"
I162068469,3115,Investigate Person,INVESTIGATE PERSON,A15,900,,2016-08-23 16:37:00,2016,8,Tuesday,16,Part Three,WALFORD WAY,42.37840325,-71.05729035,"(42.37840325, -71.05729035)"
I172024147,611,Larceny,LARCENY PICK-POCKET,D4,620,,2017-03-28 16:45:00,2017,3,Tuesday,16,Part One,MASSACHUSETTS AVE,42.3465558,-71.08737452,"(42.34655580, -71.08737452)"
I172020419,3125,Warrant Arrests,WARRANT ARREST,D14,804,,2017-03-15 20:21:00,2017,3,Wednesday,20,Part Three,EVERETT ST,42.35595391,-71.13852468,"(42.35595391, -71.13852468)"
I162002531,617,Larceny,LARCENY THEFT FROM BUILDING,B3,472,,2016-01-09 21:11:00,2016,1,Saturday,21,Part One,BLUE HILL AVE,42.27386225,-71.09369539,"(42.27386225, -71.09369539)"
I172088338,423,Aggravated Assault,ASSAULT - AGGRAVATED,B3,428,,2017-10-22 17:37:00,2017,10,Sunday,17,Part One,MORTON ST,42.28187061,-71.08751152,"(42.28187061, -71.08751152)"
I172092475,3410,Towed,TOWED MOTOR VEHICLE,D14,794,,2017-11-05 01:09:00,2017,11,Sunday,1,Part Three,ALLSTON ST,42.35127685,-71.13587892,"(42.35127685, -71.13587892)"
I162017549,3410,Towed,TOWED MOTOR VEHICLE,E13,578,,2016-03-05 20:30:00,2016,3,Saturday,20,Part Three,FORBES ST,42.3211829,-71.1068278,"(42.32118290, -71.10682780)"
I152094104,3301,Verbal Disputes,VERBAL DISPUTE,B2,263,,2015-11-12 20:05:00,2015,11,Thursday,20,Part Three,DUDLEY ST,42.32435506,-71.07440305,"(42.32435506, -71.07440305)"
I162086812,3803,Motor Vehicle Accident Response,M/V ACCIDENT - PERSONAL INJURY,B2,289,,2016-10-23 10:21:00,2016,10,Sunday,10,Part Three,MALCOLM X BLVD,42.33123776,-71.09140736,"(42.33123776, -71.09140736)"
I152061607,617,Larceny,LARCENY THEFT FROM BUILDING,C6,194,,2015-07-25 18:52:00,2015,7,Saturday,18,Part One,DORCHESTER AVE,42.32971683,-71.05696834,"(42.32971683, -71.05696834)"
I152077696,1845,Drug Violation,DRUGS - POSS CLASS D,B2, ,,2015-09-18 14:48:00,2015,9,Friday,14,Part Two,BIRD ST,,,"(0.00000000, 0.00000000)"
I172007136,617,Larceny,LARCENY THEFT FROM BUILDING,E18,540,,2017-01-26 22:31:00,2017,1,Thursday,22,Part One,ROXANA ST,42.25167017,-71.13126043,"(42.25167017, -71.13126043)"
I172032500,3301,Verbal Disputes,VERBAL DISPUTE,B2,329,,2017-04-26 15:14:00,2017,4,Wednesday,15,Part Three,STANWOOD ST,42.30762176,-71.07752554,"(42.30762176, -71.07752554)"
I172083126,3006,Medical Assistance,SICK/INJURED/MEDICAL - PERSON,E5,550,,2017-10-05 17:10:00,2017,10,Thursday,17,Part Three,HIGHCREST TER,42.27417161,-71.13745025,"(42.27417161, -71.13745025)"
I152093517,613,Larceny,LARCENY SHOPLIFTING,D4,134,,2015-11-10 17:48:00,2015,11,Tuesday,17,Part One,BOYLSTON ST,42.35095909,-71.0741278,"(42.35095909, -71.07412780)"
I162011959,423,Aggravated Assault,ASSAULT - AGGRAVATED,B2,288,,2016-02-14 15:30:00,2016,2,Sunday,15,Part One,WASHINGTON ST,42.32925905,-71.08482402,"(42.32925905, -71.08482402)"
I182048011,3207,Property Found,PROPERTY - FOUND,D4,627,,2018-06-19 21:16:00,2018,6,Tuesday,21,Part Three,BOYLSTON ST,42.34442266,-71.09833083,"(42.34442266, -71.09833083)"
I152065304,3125,Warrant Arrests,WARRANT ARREST,E5,559,,2015-08-07 13:50:00,2015,8,Friday,13,Part Three,,,,"(0.00000000, 0.00000000)"
I162070597,3125,Warrant Arrests,WARRANT ARREST,C6,222,,2016-08-30 17:10:00,2016,8,Tuesday,17,Part Three,E SECOND ST,42.33724328,-71.03996111,"(42.33724328, -71.03996111)"
I152054433,3831,Motor Vehicle Accident Response,M/V - LEAVING SCENE - PROPERTY DAMAGE,C11,366,,2015-06-27 19:00:00,2015,6,Saturday,19,Part Three,EDWIN ST,42.28890049,-71.06266918,"(42.28890049, -71.06266918)"
I172091202,2610,Other,TRESPASSING,C6,200,,2017-10-31 20:58:00,2017,10,Tuesday,20,Part Two,W THIRD ST,42.34225675,-71.05405876,"(42.34225675, -71.05405876)"
I172008524,802,Simple Assault,ASSAULT SIMPLE - BATTERY,B2,259,,2017-01-31 17:43:00,2017,1,Tuesday,17,Part Two,QUINCY ST,42.31210601,-71.07256779,"(42.31210601, -71.07256779)"
I152104345,1402,Vandalism,VANDALISM,A1,109,,2015-12-17 23:00:00,2015,12,Thursday,23,Part Two,FRANKLIN ST,42.35706352,-71.05308003,"(42.35706352, -71.05308003)"
I162035286,413,Aggravated Assault,ASSAULT - AGGRAVATED - BATTERY,B2,311,,2016-05-06 17:19:00,2016,5,Friday,17,Part One,QUINCY ST,42.31528744,-71.08015967,"(42.31528744, -71.08015967)"
I172008314,1402,Vandalism,VANDALISM,E13,582,,2017-01-30 19:19:00,2017,1,Monday,19,Part Two,CREIGHTON ST,42.32348445,-71.10813006,"(42.32348445, -71.10813006)"
I152097661,3301,Verbal Disputes,VERBAL DISPUTE,C6,915,,2015-11-25 07:59:00,2015,11,Wednesday,7,Part Three,E NINTH ST,42.33214285,-71.05121359,"(42.33214285, -71.05121359)"
I182001756,802,Simple Assault,ASSAULT SIMPLE - BATTERY,A1, ,,2018-01-08 08:00:00,2018,1,Monday,8,Part Two,CHARLES ST,42.36251648,-71.0706685,"(42.36251648, -71.07066850)"
I162082424,1402,Vandalism,VANDALISM,C6,194,,2016-10-06 07:45:00,2016,10,Thursday,7,Part Two,LEEDS ST,42.33052378,-71.0562433,"(42.33052378, -71.05624330)"
I152082481,3803,Motor Vehicle Accident Response,M/V ACCIDENT - PERSONAL INJURY,E5, ,,2015-10-04 11:58:00,2015,10,Sunday,11,Part Three,,,,"(0.00000000, 0.00000000)"
I152102234,3125,Warrant Arrests,WARRANT ARREST,C11,348,,2015-12-11 09:38:00,2015,12,Friday,9,Part Three,DORCHESTER AVE,42.30420472,-71.05919227,"(42.30420472, -71.05919227)"
I152024515-00,3125,Warrant Arrests,WARRANT ARREST,E18,543,,2015-11-05 00:00:00,2015,11,Thursday,0,Part Three,GORDON AVE,42.25767996,-71.12740973,"(42.25767996, -71.12740973)"
I182042439,3115,Investigate Person,INVESTIGATE PERSON,C11,355,,2018-06-01 19:00:00,2018,6,Friday,19,Part Three,PARK ST,42.29920158,-71.05853601,"(42.29920158, -71.05853601)"
I152058678,3301,Verbal Disputes,VERBAL DISPUTE,C11,345,,2015-07-15 23:30:00,2015,7,Wednesday,23,Part Three,CORWIN ST,42.30196897,-71.06210064,"(42.30196897, -71.06210064)"
I172092966,1849,Drug Violation,"DRUGS - POSS CLASS B - COCAINE, ETC.",A1,119,,2017-11-06 17:30:00,2017,11,Monday,17,Part Two,BOYLSTON ST,42.35241815,-71.06525499,"(42.35241815, -71.06525499)"
I182035698,3301,Verbal Disputes,VERBAL DISPUTE,E5,712,,2018-05-11 07:22:00,2018,5,Friday,7,Part Three,GROVE ST,42.26523483,-71.15843028,"(42.26523483, -71.15843028)"
I172055964,301,Robbery,ROBBERY - STREET,A1,101,,2017-07-11 09:56:00,2017,7,Tuesday,9,Part One,INDIA ST,42.35847666,-71.05324087,"(42.35847666, -71.05324087)"
I172059621,1402,Vandalism,VANDALISM,C6,197,,2017-07-22 21:29:00,2017,7,Saturday,21,Part Two,D ST,42.33573052,-71.05448907,"(42.33573052, -71.05448907)"
I172005202,3831,Motor Vehicle Accident Response,M/V - LEAVING SCENE - PROPERTY DAMAGE,D4,130,,2017-01-18 18:45:00,2017,1,Wednesday,18,Part Three,BOYLSTON ST,42.34980175,-71.07840978,"(42.34980175, -71.07840978)"
I172098273,617,Larceny,LARCENY THEFT FROM BUILDING,C6,227,,2017-11-25 14:00:00,2017,11,Saturday,14,Part One,E BROADWAY,42.33568411,-71.03231905,"(42.33568411, -71.03231905)"
I172042347,802,Simple Assault,ASSAULT SIMPLE - BATTERY,D4,618,,2017-05-28 20:00:00,2017,5,Sunday,20,Part Two,HUNTINGTON AVE,42.34091586,-71.08771531,"(42.34091586, -71.08771531)"
I152094898,521,Residential Burglary,BURGLARY - RESIDENTIAL - ATTEMPT,E18,487,,2015-11-15 14:16:00,2015,11,Sunday,14,Part One,ROSEMONT ST,42.26500784,-71.10472372,"(42.26500784, -71.10472372)"
I182022506,2646,Liquor Violation,LIQUOR - DRINKING IN PUBLIC,C11,355,,2018-03-26 13:30:00,2018,3,Monday,13,Part Two,DORCHESTER AVE,42.29721224,-71.06104499,"(42.29721224, -71.06104499)"
I182006191,3805,Motor Vehicle Accident Response,M/V ACCIDENT - POLICE VEHICLE,B2,313,,2018-01-24 09:36:00,2018,1,Wednesday,9,Part Three,HOLBORN ST,42.3153083,-71.08333147,"(42.31530830, -71.08333147)"
I162083148,3410,Towed,TOWED MOTOR VEHICLE,E5,564,,2016-10-10 21:37:00,2016,10,Monday,21,Part Three,WASHINGTON ST,42.29492396,-71.11910662,"(42.29492396, -71.11910662)"
I162041251,1832,Drug Violation,DRUGS - SICK ASSIST - OTHER HARMFUL DRUG,E13,644,,2016-05-26 16:31:00,2016,5,Thursday,16,Part Two,ORCHARD ST,42.31198261,-71.12050835,"(42.31198261, -71.12050835)"
I172095922,1402,Vandalism,VANDALISM,C6,177,,2017-11-14 16:00:00,2017,11,Tuesday,16,Part Two,MASSACHUSETTS AVE,42.32701527,-71.0670491,"(42.32701527, -71.06704910)"
I162104299,802,Simple Assault,ASSAULT SIMPLE - BATTERY,B2,280,,2016-12-23 03:18:00,2016,12,Friday,3,Part Two,DUDLEY ST,42.32872589,-71.08382217,"(42.32872589, -71.08382217)"
I162022509,619,Larceny,LARCENY ALL OTHERS,D4,166,,2016-03-16 18:10:00,2016,3,Wednesday,18,Part One,UNION PARK ST,42.34174227,-71.07011004,"(42.34174227, -71.07011004)"
I182045991,616,Larceny,LARCENY THEFT OF BICYCLE,C11,352,,2018-06-13 17:51:00,2018,6,Wednesday,17,Part One,CHARLES ST,42.30060543,-71.06126785,"(42.30060543, -71.06126785)"
I182064061,3115,Investigate Person,INVESTIGATE PERSON,D4,591,,2018-08-12 00:42:00,2018,8,Sunday,0,Part Three,HEMENWAY ST,42.34587157,-71.08938851,"(42.34587157, -71.08938851)"
I162048891,2005,Offenses Against Child / Family,CHILD ENDANGERMENT,B3,459,,2016-06-20 12:46:00,2016,6,Monday,12,Part Two,POWELLTON RD,42.3045083,-71.08075871,"(42.30450830, -71.08075871)"
I182060691,619,Larceny,LARCENY ALL OTHERS,E13,579,,2018-07-27 11:00:00,2018,7,Friday,11,Part One,CENTRE ST,42.32287413,-71.10155354,"(42.32287413, -71.10155354)"
I172063996,3301,Verbal Disputes,VERBAL DISPUTE,B2,259,,2017-08-05 14:02:00,2017,8,Saturday,14,Part Three,MAGNOLIA ST,42.31478432,-71.07160997,"(42.31478432, -71.07160997)"
I172000870,3301,Verbal Disputes,VERBAL DISPUTE,E18,542,,2017-01-04 11:44:00,2017,1,Wednesday,11,Part Three,RIVER ST,42.25477484,-71.12838562,"(42.25477484, -71.12838562)"
I162095185,3006,Medical Assistance,SICK/INJURED/MEDICAL - PERSON,E18,951,,2016-11-21 05:28:00,2016,11,Monday,5,Part Three,RIVER ST,42.26361745,-71.10237387,"(42.26361745, -71.10237387)"
I162073140,727,Auto Theft,AUTO THEFT - LEASED/RENTED VEHICLE,A1,95,,2016-07-02 11:36:00,2016,7,Saturday,11,Part One,ATLANTIC AVE,42.35746445,-71.05098164,"(42.35746445, -71.05098164)"
I172045251,3810,Motor Vehicle Accident Response,M/V ACCIDENT - INVOLVING  BICYCLE - INJURY,E13, ,,2017-06-07 17:21:00,2017,6,Wednesday,17,Part Three,,42.32610989,-71.10461123,"(42.32610989, -71.10461123)"
I172027887,3114,Investigate Property,INVESTIGATE PROPERTY,A1,61,,2017-04-10 16:24:00,2017,4,Monday,16,Part Three,FLEET CENTER PL,42.36646326,-71.06067801,"(42.36646326, -71.06067801)"
I162038570,3006,Medical Assistance,SICK/INJURED/MEDICAL - PERSON,B3,418,,2016-05-17 17:55:00,2016,5,Tuesday,17,Part Three,SELDEN ST,42.28089366,-71.08037468,"(42.28089366, -71.08037468)"
I182038846,2007,Restraining Order Violations,VIOL. OF RESTRAINING ORDER W NO ARREST,D14,807,,2018-05-20 21:25:00,2018,5,Sunday,21,Part Two,TELFORD ST,42.36227866,-71.13742722,"(42.36227866, -71.13742722)"
I182053943,3125,Warrant Arrests,WARRANT ARREST,A1,77,,2018-07-09 16:11:00,2018,7,Monday,16,Part Three,NEW SUDBURY ST,42.36183857,-71.05976489,"(42.36183857, -71.05976489)"
I182022058,3831,Motor Vehicle Accident Response,M/V - LEAVING SCENE - PROPERTY DAMAGE,C6,186,,2018-03-24 18:25:00,2018,3,Saturday,18,Part Three,ALLSTATE RD,,,"(0.00000000, 0.00000000)"
I152097789,351,Robbery,ROBBERY - BANK,A7,22,,2015-11-25 14:50:00,2015,11,Wednesday,14,Part One,BENNINGTON ST,42.37546983,-71.03730221,"(42.37546983, -71.03730221)"
I182004927,2900,Other,VAL - VIOLATION OF AUTO LAW - OTHER,D4,150,,2018-01-19 11:09:00,2018,1,Friday,11,Part Two,CHANDLER ST,42.34615178,-71.07404347,"(42.34615178, -71.07404347)"
I182019045,3410,Towed,TOWED MOTOR VEHICLE,C11,335,,2018-03-13 10:59:00,2018,3,Tuesday,10,Part Three,BOWDOIN ST,42.30703835,-71.06615319,"(42.30703835, -71.06615319)"
I162079613,423,Aggravated Assault,ASSAULT - AGGRAVATED,B2,311,,2016-09-29 02:49:00,2016,9,Thursday,2,Part One,MAYWOOD ST,42.31679542,-71.07964562,"(42.31679542, -71.07964562)"
I172080249,615,Larceny From Motor Vehicle,LARCENY THEFT OF MV PARTS & ACCESSORIES,D4,159,,2017-09-26 11:42:00,2017,9,Tuesday,11,Part One,WALTHAM ST,42.34345486,-71.07091946,"(42.34345486, -71.07091946)"
I162036152,1402,Vandalism,VANDALISM,B3,908,,2016-05-09 08:30:00,2016,5,Monday,8,Part Two,AMERICAN LEGION HWY,42.29639579,-71.09182248,"(42.29639579, -71.09182248)"
I182005127,3018,Medical Assistance,SICK/INJURED/MEDICAL - POLICE,A1,63,,2018-01-20 01:58:00,2018,1,Saturday,1,Part Three,NEW SUDBURY ST,42.36183857,-71.05976489,"(42.36183857, -71.05976489)"
I182051826,1102,Fraud,FRAUD - FALSE PRETENSE / SCHEME,B2,239,,2018-07-02 08:59:00,2018,7,Monday,8,Part Two,COLUMBIA RD,42.31748189,-71.06450704,"(42.31748189, -71.06450704)"
I162022158,3820,Motor Vehicle Accident Response,M/V ACCIDENT INVOLVING PEDESTRIAN - INJURY,E13,652,,2016-03-22 05:41:00,2016,3,Tuesday,5,Part Three,SOUTH ST,42.300996,-71.114609,"(42.30099600, -71.11460900)"
I172019259,423,Aggravated Assault,ASSAULT - AGGRAVATED,E5,563,,2017-03-11 08:13:00,2017,3,Saturday,8,Part One,WASHINGTON ST,42.28915799,-71.12522353,"(42.28915799, -71.12522353)"
I162045674,3501,Missing Person Reported,MISSING PERSON,D4,146,,2016-06-09 21:16:00,2016,6,Thursday,21,Part Three,FOLLEN ST,42.34508761,-71.07985732,"(42.34508761, -71.07985732)"
I152070943,521,Residential Burglary,BURGLARY - RESIDENTIAL - ATTEMPT,C11,235,,2015-08-26 22:35:00,2015,8,Wednesday,22,Part One,CARSON ST,42.3197573,-71.05428941,"(42.31975730, -71.05428941)"
I162103340,613,Larceny,LARCENY SHOPLIFTING,B3,427,,2016-12-19 18:08:00,2016,12,Monday,18,Part One,BLUE HILL AVE,42.27653731,-71.0933951,"(42.27653731, -71.09339510)"
I182056962,361,Robbery,ROBBERY - OTHER,E13,906,,2018-07-19 20:21:00,2018,7,Thursday,20,Part One,WALDEN ST,42.32561013,-71.10449956,"(42.32561013, -71.10449956)"
I182013825,2629,Harassment,HARASSMENT,B3,417,,2018-02-21 14:00:00,2018,2,Wednesday,14,Part Two,STOCKTON ST,42.28265604,-71.07374541,"(42.28265604, -71.07374541)"
I162080271,2403,Disorderly Conduct,DISTURBING THE PEACE,B3,457,,2016-10-01 01:45:00,2016,10,Saturday,1,Part Two,MCLELLAN ST,42.30006791,-71.08430796,"(42.30006791, -71.08430796)"
I172017662,613,Larceny,LARCENY SHOPLIFTING,A15,105,,2017-03-05 16:22:00,2017,3,Sunday,16,Part One,SUMMER ST,42.35521625,-71.06012863,"(42.35521625, -71.06012863)"
I162010573,802,Simple Assault,ASSAULT SIMPLE - BATTERY,B3, ,,2016-02-09 00:36:00,2016,2,Tuesday,0,Part Two,,,,"(0.00000000, 0.00000000)"
I152063090,3111,License Violation,LICENSE PREMISE VIOLATION,E13,608,,2015-07-30 23:50:00,2015,7,Thursday,23,Part Three,S HUNTINGTON AVE,42.33136931,-71.11185116,"(42.33136931, -71.11185116)"
I172102421,3115,Investigate Person,INVESTIGATE PERSON,A1,167,,2017-12-10 17:55:00,2017,12,Sunday,17,Part Three,HARRISON AVE,42.33954199,-71.06940877,"(42.33954199, -71.06940877)"
I172097041,3006,Medical Assistance,SICK/INJURED/MEDICAL - PERSON,C11,959,,2017-11-21 02:02:00,2017,11,Tuesday,2,Part Three,DORCHESTER AVE,42.28624029,-71.06416775,"(42.28624029, -71.06416775)"
I152068040,3831,Motor Vehicle Accident Response,M/V - LEAVING SCENE - PROPERTY DAMAGE,A1,120,,2015-08-09 19:00:00,2015,8,Sunday,19,Part Three,PARK PLZ,42.35162789,-71.0686641,"(42.35162789, -71.06866410)"
I172005051,311,Robbery,ROBBERY - COMMERCIAL,E13,606,,2017-01-19 18:43:00,2017,1,Thursday,18,Part One,S HUNTINGTON AVE,42.33136931,-71.11185116,"(42.33136931, -71.11185116)"
I152094464,3410,Towed,TOWED MOTOR VEHICLE,D14,773,,2015-11-13 23:55:00,2015,11,Friday,23,Part Three,EMBASSY RD,42.34194178,-71.15562557,"(42.34194178, -71.15562557)"
I152080938,3301,Verbal Disputes,VERBAL DISPUTE,B2,296,,2015-09-28 22:41:00,2015,9,Monday,22,Part Three,WARREN ST,42.32221645,-71.08206723,"(42.32221645, -71.08206723)"
I182016670,1402,Vandalism,VANDALISM,A1,73,,2018-03-01 20:00:00,2018,3,Thursday,20,Part Two,CENTER PLZ,42.35988372,-71.06016189,"(42.35988372, -71.06016189)"
I162066296,3831,Motor Vehicle Accident Response,M/V - LEAVING SCENE - PROPERTY DAMAGE,A1,81,,2016-08-10 10:00:00,2016,8,Wednesday,10,Part Three,SNOW HILL ST,42.36742263,-71.05645717,"(42.36742263, -71.05645717)"
I172074190,1849,Drug Violation,"DRUGS - POSS CLASS B - COCAINE, ETC.",C6,178,,2017-09-07 15:50:00,2017,9,Thursday,15,Part Two,MASSACHUSETTS AVE,42.33152148,-71.07085307,"(42.33152148, -71.07085307)"
I162068455,616,Larceny,LARCENY THEFT OF BICYCLE,A1,173,,2016-08-23 15:49:00,2016,8,Tuesday,15,Part One,SUMMER ST,42.35196671,-71.05415459,"(42.35196671, -71.05415459)"
I162042886,802,Simple Assault,ASSAULT SIMPLE - BATTERY,A1,105,,2016-05-31 21:30:00,2016,5,Tuesday,21,Part Two,FRUIT ST,42.36240281,-71.06954652,"(42.36240281, -71.06954652)"
I162078457,3115,Investigate Person,INVESTIGATE PERSON,D4,594,,2016-09-25 09:29:00,2016,9,Sunday,9,Part Three,MASSACHUSETTS AVE,42.34186952,-71.0837219,"(42.34186952, -71.08372190)"
I162031759,1107,Fraud,FRAUD - IMPERSONATION,A1,114,,2016-04-12 00:00:00,2016,4,Tuesday,0,Part Two,ATLANTIC AVE,42.35438252,-71.05213281,"(42.35438252, -71.05213281)"
I182009314,613,Larceny,LARCENY SHOPLIFTING,D4,168,,2018-02-04 21:24:00,2018,2,Sunday,21,Part One,WASHINGTON ST,42.33816387,-71.07461217,"(42.33816387, -71.07461217)"
I182045710,3114,Investigate Property,INVESTIGATE PROPERTY,A7,26,,2018-06-12 19:41:00,2018,6,Tuesday,19,Part Three,MAVERICK ST,42.37117208,-71.04127485,"(42.37117208, -71.04127485)"
I182003125,1102,Fraud,FRAUD - FALSE PRETENSE / SCHEME,D14,765,,2018-01-12 14:56:00,2018,1,Friday,14,Part Two,FANEUIL ST,42.35368829,-71.15878559,"(42.35368829, -71.15878559)"
I162090589,802,Simple Assault,ASSAULT SIMPLE - BATTERY,B2,585,,2016-11-04 23:09:00,2016,11,Friday,23,Part Two,PARKER HILL AVE,42.32947458,-71.10442024,"(42.32947458, -71.10442024)"
I172038753,423,Aggravated Assault,ASSAULT - AGGRAVATED,D4, ,,2017-05-17 10:00:00,2017,5,Wednesday,10,Part One,ALBANY ST,,,"(0.00000000, 0.00000000)"
I162046022,802,Simple Assault,ASSAULT SIMPLE - BATTERY,C6,913,,2016-06-11 01:04:00,2016,6,Saturday,1,Part Two,MOUNT VERNON ST,42.31931497,-71.04631265,"(42.31931497, -71.04631265)"
I172025397,3130,Search Warrants,SEARCH WARRANT,B2,324,,2017-04-01 22:25:00,2017,4,Saturday,22,Part Three,DEVON ST,42.30812619,-71.07692974,"(42.30812619, -71.07692974)"
I152060921,3115,Investigate Person,INVESTIGATE PERSON,A1,113,,2015-07-23 16:21:00,2015,7,Thursday,16,Part Three,BEDFORD ST,42.35335427,-71.05986564,"(42.35335427, -71.05986564)"
I172045282,3006,Medical Assistance,SICK/INJURED/MEDICAL - PERSON,B2,328,,2017-06-07 18:25:00,2017,6,Wednesday,18,Part Three,LAWRENCE AVE,42.31077758,-71.07480891,"(42.31077758, -71.07480891)"
I182000558,2900,Other,VAL - VIOLATION OF AUTO LAW - OTHER,E13,572,,2018-01-03 07:53:00,2018,1,Wednesday,7,Part Two,IFFLEY RD,42.31236627,-71.0993374,"(42.31236627, -71.09933740)"
I172057998,3831,Motor Vehicle Accident Response,M/V - LEAVING SCENE - PROPERTY DAMAGE,D4, ,,2017-07-16 21:30:00,2017,7,Sunday,21,Part Three,HUNTINGTON AVE,,,"(0.00000000, 0.00000000)"
I172085974,3801,Motor Vehicle Accident Response,M/V ACCIDENT - OTHER,B3,434,,2017-10-15 01:08:00,2017,10,Sunday,1,Part Three,NORFOLK ST,42.28634708,-71.07954782,"(42.28634708, -71.07954782)"
I172017238,2610,Other,TRESPASSING,A1,88,,2017-03-03 19:06:00,2017,3,Friday,19,Part Two,NORTH SQ,42.36386575,-71.05351919,"(42.36386575, -71.05351919)"
I172055090,3502,Missing Person Located,MISSING PERSON - LOCATED,B2,309,,2017-07-08 11:08:00,2017,7,Saturday,11,Part Three,WARREN ST,42.31993295,-71.08157395,"(42.31993295, -71.08157395)"
I172096740,1402,Vandalism,VANDALISM,B2,326,,2017-11-19 23:30:00,2017,11,Sunday,23,Part Two,BRUNSWICK ST,42.31089986,-71.08007661,"(42.31089986, -71.08007661)"
I172080220,3207,Property Found,PROPERTY - FOUND,C11,403,,2017-09-26 09:49:00,2017,9,Tuesday,9,Part Three,MERCIER AVE,42.28279696,-71.06605881,"(42.28279696, -71.06605881)"
I162039270,2610,Other,TRESPASSING,B3,426,,2016-05-19 22:00:00,2016,5,Thursday,22,Part Two,HARRISON AVE,42.33555954,-71.07436364,"(42.33555954, -71.07436364)"
I172061654,615,Larceny From Motor Vehicle,LARCENY THEFT OF MV PARTS & ACCESSORIES,C11,342,,2017-07-29 13:54:00,2017,7,Saturday,13,Part One,HOMES AVE,42.30288397,-71.06918798,"(42.30288397, -71.06918798)"
I152056895,617,Larceny,LARCENY THEFT FROM BUILDING,A7,29,,2015-07-10 10:18:00,2015,7,Friday,10,Part One,ORLEANS ST,42.37004744,-71.03610951,"(42.37004744, -71.03610951)"
I182016771,3115,Investigate Person,INVESTIGATE PERSON,C11,389,,2018-03-04 19:14:00,2018,3,Sunday,19,Part Three,GRANITE AVE,42.28221207,-71.05556154,"(42.28221207, -71.05556154)"
I172032938,3115,Investigate Person,INVESTIGATE PERSON,E13,572,,2017-04-27 21:09:00,2017,4,Thursday,21,Part Three,WASHINGTON ST,42.31538436,-71.09870021,"(42.31538436, -71.09870021)"
I182030889,3802,Motor Vehicle Accident Response,M/V ACCIDENT - PROPERTY  DAMAGE,E18,492,,2018-04-25 09:49:00,2018,4,Wednesday,9,Part Three,SAFFORD ST,42.26649016,-71.11462926,"(42.26649016, -71.11462926)"
I162006484,413,Aggravated Assault,ASSAULT - AGGRAVATED - BATTERY,B2,265,,2016-01-24 20:30:00,2016,1,Sunday,20,Part One,COPELAND PARK,42.32287054,-71.07941336,"(42.32287054, -71.07941336)"
I152089826,3301,Verbal Disputes,VERBAL DISPUTE,C11,336,,2015-10-29 20:26:00,2015,10,Thursday,20,Part Three,HAMILTON ST,42.30816879,-71.06964861,"(42.30816879, -71.06964861)"
I182040478,3115,Investigate Person,INVESTIGATE PERSON,B2,325,,2018-05-26 19:41:00,2018,5,Saturday,19,Part Three,HOWARD AVE,42.31531528,-71.07544326,"(42.31531528, -71.07544326)"
I182014242,3305,Assembly or Gathering Violations,DEMONSTRATIONS/RIOT,A1,114,,2018-02-23 08:20:00,2018,2,Friday,8,Part Three,CONGRESS ST,42.3530074,-71.05289344,"(42.35300740, -71.05289344)"
I152067429,3805,Motor Vehicle Accident Response,M/V ACCIDENT - POLICE VEHICLE,C6,199,,2015-08-15 00:26:00,2015,8,Saturday,0,Part Three,DORCHESTER AVE,42.33976143,-71.0570922,"(42.33976143, -71.05709220)"
I172078689,3130,Search Warrants,SEARCH WARRANT,B2,587,,2017-09-21 18:40:00,2017,9,Thursday,18,Part Three,TERRACE ST,42.33119618,-71.09632079,"(42.33119618, -71.09632079)"
I172032263,3805,Motor Vehicle Accident Response,M/V ACCIDENT - POLICE VEHICLE,C11,367,,2017-04-25 17:11:00,2017,4,Tuesday,17,Part Three,GIBSON ST,42.29755533,-71.0597091,"(42.29755533, -71.05970910)"
I162032387,3201,Property Lost,PROPERTY - LOST,A1,122,,2016-04-24 20:00:00,2016,4,Sunday,20,Part Three,TREMONT ST,42.35079907,-71.06500775,"(42.35079907, -71.06500775)"
I162079841,2007,Restraining Order Violations,VIOL. OF RESTRAINING ORDER W NO ARREST,C11,352,,2016-09-29 18:50:00,2016,9,Thursday,18,Part Two,ARCADIA ST,42.30183841,-71.06127819,"(42.30183841, -71.06127819)"
I162037733,413,Aggravated Assault,ASSAULT - AGGRAVATED - BATTERY,C11,333,,2016-05-14 20:21:00,2016,5,Saturday,20,Part One,MOUNT EVERETT ST,42.31013569,-71.0702931,"(42.31013569, -71.07029310)"
I182012392,2646,Liquor Violation,LIQUOR - DRINKING IN PUBLIC,B2,288,,2018-02-16 12:12:00,2018,2,Friday,12,Part Two,WASHINGTON ST,42.32925905,-71.08482402,"(42.32925905, -71.08482402)"
I152093985,3831,Motor Vehicle Accident Response,M/V - LEAVING SCENE - PROPERTY DAMAGE,D4,624,,2015-11-12 14:39:00,2015,11,Thursday,14,Part Three,BROOKLINE AVE,42.34717072,-71.09855075,"(42.34717072, -71.09855075)"
I172073688,1849,Drug Violation,"DRUGS - POSS CLASS B - COCAINE, ETC.",C11,389,,2017-09-05 21:05:00,2017,9,Tuesday,21,Part Two,RANGELEY ST,42.28065953,-71.0604167,"(42.28065953, -71.06041670)"
I152086243,2900,Other,VAL - VIOLATION OF AUTO LAW - OTHER,B3,442,,2015-10-17 03:05:00,2015,10,Saturday,3,Part Two,BERNARD ST,42.29243585,-71.07950617,"(42.29243585, -71.07950617)"
I152085574,802,Simple Assault,ASSAULT SIMPLE - BATTERY,D4,903,,2015-10-14 21:22:00,2015,10,Wednesday,21,Part Two,SHAWMUT AVE,42.33543394,-71.08076738,"(42.33543394, -71.08076738)"
I162090308,3006,Medical Assistance,SICK/INJURED/MEDICAL - PERSON,E13,111,,2016-11-04 05:15:00,2016,11,Friday,5,Part Three,COVENTRY ST,42.33695098,-71.08574813,"(42.33695098, -71.08574813)"
I162010819,3501,Missing Person Reported,MISSING PERSON,E13,582,,2016-02-09 14:50:00,2016,2,Tuesday,14,Part Three,WARREN ST,42.34946444,-71.14270449,"(42.34946444, -71.14270449)"
I172078298,2662,Ballistics,BALLISTICS EVIDENCE/FOUND,B3,429,,2017-09-20 15:35:00,2017,9,Wednesday,15,Part Two,WILDWOOD ST,42.28329468,-71.08824065,"(42.28329468, -71.08824065)"
I172028482,3001,Medical Assistance,DEATH INVESTIGATION,D14,814,,2017-04-12 14:17:00,2017,4,Wednesday,14,Part Three,HOPEDALE ST,42.35970705,-71.12673506,"(42.35970705, -71.12673506)"
I172072892,3301,Verbal Disputes,VERBAL DISPUTE,B3,463,,2017-09-02 21:32:00,2017,9,Saturday,21,Part Three,WILBERT RD,42.29406247,-71.09004553,"(42.29406247, -71.09004553)"
I152063444,3301,Verbal Disputes,VERBAL DISPUTE,B3,432,,2015-08-01 04:38:00,2015,8,Saturday,4,Part Three,WOODROW AVE,42.28756451,-71.08223781,"(42.28756451, -71.08223781)"
I162102041,3125,Warrant Arrests,WARRANT ARREST,E13,639,,2016-12-15 06:05:00,2016,12,Thursday,6,Part Three,CENTRE ST,42.3162358,-71.11387466,"(42.31623580, -71.11387466)"
I162070997,423,Aggravated Assault,ASSAULT - AGGRAVATED,B2,329,,2016-08-27 18:00:00,2016,8,Saturday,18,Part One,WASHINGTON ST,42.30576686,-71.08097517,"(42.30576686, -71.08097517)"
I182028480,3501,Missing Person Reported,MISSING PERSON,A7,23,,2018-04-15 18:00:00,2018,4,Sunday,18,Part Three,LEXINGTON ST,42.37773566,-71.03743771,"(42.37773566, -71.03743771)"
I172071640,2629,Harassment,HARASSMENT,C6,936,,2017-08-29 22:13:00,2017,8,Tuesday,22,Part Two,CROWLEY-ROGERS WAY,42.33985505,-71.05439202,"(42.33985505, -71.05439202)"
I152055529,2610,Other,TRESPASSING,A15,38,,2015-07-05 16:25:00,2015,7,Sunday,16,Part Two,NINTH ST,42.37558378,-71.05182911,"(42.37558378, -71.05182911)"
I152096996,1874,Drug Violation,DRUGS - OTHER,A1,117,,2015-11-22 17:45:00,2015,11,Sunday,17,Part Two,BOYLSTON ST,42.3523414,-71.06296987,"(42.35234140, -71.06296987)"
I182053049,2647,Other,THREATS TO DO BODILY HARM,D4,168,,2018-07-05 16:00:00,2018,7,Thursday,16,Part Two,WASHINGTON ST,42.33816387,-71.07461217,"(42.33816387, -71.07461217)"
I182030456,3006,Medical Assistance,SICK/INJURED/MEDICAL - PERSON,E13,916,,2018-04-23 18:52:49,2018,4,Monday,18,Part Three,BICKFORD ST,42.32483301,-71.10164757,"(42.32483301, -71.10164757)"
I162078220,522,Residential Burglary,BURGLARY - RESIDENTIAL - NO FORCE,D14,758,,2016-09-21 09:00:00,2016,9,Wednesday,9,Part One,BRACKETT ST,42.35110337,-71.16524536,"(42.35110337, -71.16524536)"
I152105102,3006,Medical Assistance,SICK/INJURED/MEDICAL - PERSON,E13,573,,2015-12-21 09:21:00,2015,12,Monday,9,Part Three,GREEN ST,42.30999052,-71.10588122,"(42.30999052, -71.10588122)"
I152100119,3502,Missing Person Located,MISSING PERSON - LOCATED,C11,337,,2015-11-23 21:00:00,2015,11,Monday,21,Part Three,COLUMBIA RD,42.30723714,-71.07623393,"(42.30723714, -71.07623393)"
I182015834,3115,Investigate Person,INVESTIGATE PERSON,D4,134,,2018-03-01 07:52:00,2018,3,Thursday,7,Part Three,BOYLSTON ST,42.3503787,-71.07626098,"(42.35037870, -71.07626098)"
I172014642,3502,Missing Person Located,MISSING PERSON - LOCATED,B2,304,,2017-02-21 18:00:00,2017,2,Tuesday,18,Part Three,WASHINGTON ST,42.31851534,-71.09560596,"(42.31851534, -71.09560596)"
I172075484,3006,Medical Assistance,SICK/INJURED/MEDICAL - PERSON,B3,416,,2017-09-11 16:28:00,2017,9,Monday,16,Part Three,WILMINGTON AVE,42.2799304,-71.0741148,"(42.27993040, -71.07411480)"
I182042528,3119,Firearm Discovery,FIREARM/WEAPON - FOUND OR CONFISCATED,C6,913,,2018-06-02 12:40:00,2018,6,Saturday,12,Part Three,OCEAN VIEW DR,42.31957856,-71.04032766,"(42.31957856, -71.04032766)"
I162027287,3501,Missing Person Reported,MISSING PERSON,E13,572,,2016-04-07 00:00:00,2016,4,Thursday,0,Part Three,WALNUT AVE,42.3128606,-71.0957278,"(42.31286060, -71.09572780)"
I162010625,3114,Investigate Property,INVESTIGATE PROPERTY,C6,228,,2016-01-11 10:00:00,2016,1,Monday,10,Part Three,E BROADWAY,42.3357882,-71.02612007,"(42.33578820, -71.02612007)"
I172079859,3410,Towed,TOWED MOTOR VEHICLE,A15,44,,2017-09-25 11:28:00,2017,9,Monday,11,Part Three,MEDFORD ST,42.38048207,-71.06087725,"(42.38048207, -71.06087725)"
I152060297,2905,Violations,VAL - OPERATING WITHOUT LICENSE,A7,33,,2015-07-21 00:00:00,2015,7,Tuesday,0,Part Two,EVERETT ST,42.36517023,-71.02934347,"(42.36517023, -71.02934347)"
I162059133,2610,Other,TRESPASSING,B3,431,,2016-07-24 20:31:00,2016,7,Sunday,20,Part Two,CALLENDER ST,42.28855818,-71.0883947,"(42.28855818, -71.08839470)"
I152095263,423,Aggravated Assault,ASSAULT - AGGRAVATED,E5,680,,2015-11-16 17:45:00,2015,11,Monday,17,Part One,CORINTH ST,42.28593201,-71.12933705,"(42.28593201, -71.12933705)"
I162035158,301,Robbery,ROBBERY - STREET,B2,320,,2016-05-06 10:57:00,2016,5,Friday,10,Part One,BLUE HILL AVE,42.3088984,-71.0830519,"(42.30889840, -71.08305190)"
I182046140,3410,Towed,TOWED MOTOR VEHICLE,B2,326,,2018-06-14 08:42:00,2018,6,Thursday,8,Part Three,DUNKELD ST,42.31277782,-71.07562922,"(42.31277782, -71.07562922)"
I152055557,3803,Motor Vehicle Accident Response,M/V ACCIDENT - PERSONAL INJURY,E13,648,,2015-07-05 20:47:00,2015,7,Sunday,20,Part Three,SAINT JOSEPH ST,42.30685329,-71.11528757,"(42.30685329, -71.11528757)"
I162091856,2005,Offenses Against Child / Family,CHILD ENDANGERMENT,B2,323,,2016-11-05 19:00:00,2016,11,Saturday,19,Part Two,QUINCY ST,42.31528744,-71.08015967,"(42.31528744, -71.08015967)"
I152073689,2647,Other,THREATS TO DO BODILY HARM,E5,680,,2015-09-04 17:00:00,2015,9,Friday,17,Part Two,COHASSET ST,42.2850392,-71.13093078,"(42.28503920, -71.13093078)"
I162027335,1102,Fraud,FRAUD - FALSE PRETENSE / SCHEME,C11,393,,2016-04-08 21:26:00,2016,4,Friday,21,Part Two,MONSIGNOR PATRICK J. LYDO,42.28866198,-71.06130524,"(42.28866198, -71.06130524)"
I152090288,617,Larceny,LARCENY THEFT FROM BUILDING,A7,23,,2015-10-31 11:15:00,2015,10,Saturday,11,Part One,LEXINGTON ST,42.37773566,-71.03743771,"(42.37773566, -71.03743771)"
I162080257,2647,Other,THREATS TO DO BODILY HARM,C11,339,,2016-10-01 01:28:00,2016,10,Saturday,1,Part Two,CHURCH ST,42.30811624,-71.05961129,"(42.30811624, -71.05961129)"
I152074922,1849,Drug Violation,"DRUGS - POSS CLASS B - COCAINE, ETC.",B3,426,,2015-09-09 14:20:00,2015,9,Wednesday,14,Part Two,RIVER ST,42.26956689,-71.09075049,"(42.26956689, -71.09075049)"
I162092441,3831,Motor Vehicle Accident Response,M/V - LEAVING SCENE - PROPERTY DAMAGE,B2,293,,2016-11-10 12:50:00,2016,11,Thursday,12,Part Three,CEDAR ST,42.32541109,-71.09141411,"(42.32541109, -71.09141411)"
I172099509,3830,Motor Vehicle Accident Response,M/V - LEAVING SCENE - PERSONAL INJURY,D4,627,,2017-11-30 15:35:00,2017,11,Thursday,15,Part Three,BOYLSTON ST,42.34396866,-71.100013,"(42.34396866, -71.10001300)"
I152068560,2610,Other,TRESPASSING,B3,456,,2015-08-19 00:17:00,2015,8,Wednesday,0,Part Two,GLENWAY ST,42.30018979,-71.08244261,"(42.30018979, -71.08244261)"
I182045671,3301,Verbal Disputes,VERBAL DISPUTE,B3,420,,2018-06-12 17:32:00,2018,6,Tuesday,17,Part Three,MORTON ST,42.28028398,-71.08235497,"(42.28028398, -71.08235497)"
I172035609,3830,Motor Vehicle Accident Response,M/V - LEAVING SCENE - PERSONAL INJURY,E5,736,,2017-05-06 12:32:00,2017,5,Saturday,12,Part Three,CENTRE ST,42.285946,-71.1553982,"(42.28594600, -71.15539820)"
I182044626,1841,Drug Violation,DRUGS - POSS CLASS A - INTENT TO MFR DIST DISP,C11,362,,2018-06-09 09:57:00,2018,6,Saturday,9,Part Two,LYNDHURST ST,42.29290563,-71.06955795,"(42.29290563, -71.06955795)"
I182060536,619,Larceny,LARCENY ALL OTHERS,C6,215,,2018-07-31 16:37:00,2018,7,Tuesday,16,Part One,E ST,42.33539376,-71.05212586,"(42.33539376, -71.05212586)"
I162066782,3410,Towed,TOWED MOTOR VEHICLE,D14,788,,2016-08-18 08:21:00,2016,8,Thursday,8,Part Three,CHISWICK RD,42.33996911,-71.15048615,"(42.33996911, -71.15048615)"
I162098602,801,Simple Assault,ASSAULT - SIMPLE,C6,223,,2016-11-20 10:58:00,2016,11,Sunday,10,Part Two,E THIRD ST,42.33658292,-71.03027628,"(42.33658292, -71.03027628)"
I152104892,2900,Other,VAL - VIOLATION OF AUTO LAW - OTHER,C11,360,,2015-12-20 12:32:00,2015,12,Sunday,12,Part Two,DORCHESTER AVE,42.29861807,-71.06064186,"(42.29861807, -71.06064186)"
I162089909,1300,Recovered Stolen Property,STOLEN PROPERTY - BUYING / RECEIVING / POSSESSING,B2,258,,2016-11-02 19:15:00,2016,11,Wednesday,19,Part Two,MONADNOCK ST,42.31633855,-71.06879992,"(42.31633855, -71.06879992)"
I172029907,3803,Motor Vehicle Accident Response,M/V ACCIDENT - PERSONAL INJURY,E5,724,,2017-04-17 12:10:00,2017,4,Monday,12,Part Three,VFW PKWY,42.2711311,-71.17267965,"(42.27113110, -71.17267965)"
I172022042,3831,Motor Vehicle Accident Response,M/V - LEAVING SCENE - PROPERTY DAMAGE,B2,266,,2017-03-20 20:30:00,2017,3,Monday,20,Part Three,MOUNT PLEASANT AVE,42.32588656,-71.07818807,"(42.32588656, -71.07818807)"
I172053247,423,Aggravated Assault,ASSAULT - AGGRAVATED,C6,186,,2017-07-02 12:33:00,2017,7,Sunday,12,Part One,ALLSTATE RD,,,"(0.00000000, 0.00000000)"
I172034099,3201,Property Lost,PROPERTY - LOST,D4,620,,2017-04-28 02:00:00,2017,4,Friday,2,Part Three,HEMENWAY ST,42.34669151,-71.08915488,"(42.34669151, -71.08915488)"
I152073060,1402,Vandalism,VANDALISM,A7,10,,2015-09-02 19:52:00,2015,9,Wednesday,19,Part Two,BOARDMAN ST,42.38817033,-71.00939544,"(42.38817033, -71.00939544)"
I182061851,3115,Investigate Person,INVESTIGATE PERSON,D4,159,,2018-08-04 19:03:00,2018,8,Saturday,19,Part Three,SHAWMUT AVE,42.34168606,-71.07140028,"(42.34168606, -71.07140028)"
I182028910,3802,Motor Vehicle Accident Response,M/V ACCIDENT - PROPERTY  DAMAGE,D14,783,,2018-04-18 09:45:00,2018,4,Wednesday,9,Part Three,WARREN ST,42.34894483,-71.14087199,"(42.34894483, -71.14087199)"
I182061852,3115,Investigate Person,INVESTIGATE PERSON,A7,14,,2018-08-04 18:40:00,2018,8,Saturday,18,Part Three,BENNINGTON ST,42.38359791,-71.01565007,"(42.38359791, -71.01565007)"
I172067582,617,Larceny,LARCENY THEFT FROM BUILDING,D4,133,,2017-08-16 19:38:00,2017,8,Wednesday,19,Part One,NEWBURY ST,42.35118005,-71.07666607,"(42.35118005, -71.07666607)"
I172098133,614,Larceny From Motor Vehicle,LARCENY THEFT FROM MV - NON-ACCESSORY,A1,94,,2017-11-25 18:53:00,2017,11,Saturday,18,Part One,CLINTON ST,42.36067984,-71.05482325,"(42.36067984, -71.05482325)"
I182042249,3831,Motor Vehicle Accident Response,M/V - LEAVING SCENE - PROPERTY DAMAGE,B2,332,,2018-06-01 14:11:00,2018,6,Friday,14,Part Three,COLUMBIA RD,42.31514179,-71.06704709,"(42.31514179, -71.06704709)"
I152068002,614,Larceny From Motor Vehicle,LARCENY THEFT FROM MV - NON-ACCESSORY,E5,822,,2015-07-18 20:00:00,2015,7,Saturday,20,Part One,WASHINGTON ST,42.26634159,-71.15147265,"(42.26634159, -71.15147265)"
I172030954,619,Larceny,LARCENY ALL OTHERS,D4,624,,2017-04-20 21:00:00,2017,4,Thursday,21,Part One,HUNTINGTON AVE,42.34044966,-71.08845935,"(42.34044966, -71.08845935)"
I152100107,3201,Property Lost,PROPERTY - LOST,B3,469,,2015-12-04 11:49:00,2015,12,Friday,11,Part Three,MULVEY ST,42.27924052,-71.09667382,"(42.27924052, -71.09667382)"
I172035826,2629,Harassment,HARASSMENT,E18,525,,2017-05-05 17:30:00,2017,5,Friday,17,Part Two,SIERRA RD,42.23727444,-71.12624263,"(42.23727444, -71.12624263)"
I152053834,619,Larceny,LARCENY ALL OTHERS,D4,134,,2015-06-29 17:59:00,2015,6,Monday,17,Part One,BOYLSTON ST,42.3503787,-71.07626098,"(42.35037870, -71.07626098)"
I172041407,1402,Vandalism,VANDALISM,C11,399,,2017-05-16 17:00:00,2017,5,Tuesday,17,Part Two,WALTON ST,42.28724944,-71.07076867,"(42.28724944, -71.07076867)"
I182022203,3207,Property Found,PROPERTY - FOUND,A1,167,,2018-03-25 12:01:00,2018,3,Sunday,12,Part Three,HARRISON AVE,42.33954199,-71.06940877,"(42.33954199, -71.06940877)"
I172028413,1805,Drug Violation,DRUGS - CLASS A TRAFFICKING OVER 18 GRAMS,B2,329,,2017-04-12 10:45:00,2017,4,Wednesday,10,Part Two,GENEVA AVE,42.30849045,-71.08210359,"(42.30849045, -71.08210359)"
I152093971,3501,Missing Person Reported,MISSING PERSON,E18,533,,2015-11-12 11:23:00,2015,11,Thursday,11,Part Three,RIVER ST,42.24973808,-71.13094002,"(42.24973808, -71.13094002)"
I152104813,413,Aggravated Assault,ASSAULT - AGGRAVATED - BATTERY,A1,94,,2015-12-20 01:55:00,2015,12,Sunday,1,Part One,CLINTON ST,42.360795,-71.053757,"(42.36079500, -71.05375700)"
I152077217,3830,Motor Vehicle Accident Response,M/V - LEAVING SCENE - PERSONAL INJURY,B3,426,,2015-09-17 01:25:00,2015,9,Thursday,1,Part Three,BLUE HILL AVE,42.267716,-71.093708,"(42.26771600, -71.09370800)"
I152083390,617,Larceny,LARCENY THEFT FROM BUILDING,C6,192,,2015-10-07 13:51:00,2015,10,Wednesday,13,Part One,OLD COLONY AVE,42.32890929,-71.05260009,"(42.32890929, -71.05260009)"
I172054084,3831,Motor Vehicle Accident Response,M/V - LEAVING SCENE - PROPERTY DAMAGE,E13, ,,2017-07-05 09:36:00,2017,7,Wednesday,9,Part Three,,42.31490192,-71.09720122,"(42.31490192, -71.09720122)"
I152056738,1842,Drug Violation,"DRUGS - POSS CLASS A - HEROIN, ETC. ",B3,444,,2015-07-09 18:17:00,2015,7,Thursday,18,Part Two,AMERICAN LEGION HWY,42.29817919,-71.08692159,"(42.29817919, -71.08692159)"
I162028502,3006,Medical Assistance,SICK/INJURED/MEDICAL - PERSON,D14,282,,2016-04-12 22:33:00,2016,4,Tuesday,22,Part Three,WASHINGTON ST,42.32866284,-71.08563401,"(42.32866284, -71.08563401)"
I162090005,735,Auto Theft Recovery,RECOVERED - MV RECOVERED IN BOSTON (STOLEN OUTSIDE BOSTON),D4,171,,2016-11-03 07:10:00,2016,11,Thursday,7,Other,E CONCORD ST,42.33572403,-71.07232651,"(42.33572403, -71.07232651)"
I162090352,614,Larceny From Motor Vehicle,LARCENY THEFT FROM MV - NON-ACCESSORY,C6,201,,2016-11-03 23:55:00,2016,11,Thursday,23,Part One,W THIRD ST,42.34007996,-71.05069754,"(42.34007996, -71.05069754)"
I152070061,2906,Violations,VAL - OPERATING UNREG/UNINS  CAR,B2,330,,2015-08-24 09:03:00,2015,8,Monday,9,Part Two,BLUE HILL AVE,42.30638316,-71.08435635,"(42.30638316, -71.08435635)"
I172034503,3831,Motor Vehicle Accident Response,M/V - LEAVING SCENE - PROPERTY DAMAGE,E5,675,,2017-05-02 20:53:00,2017,5,Tuesday,20,Part Three,WALWORTH ST,42.287567,-71.13669522,"(42.28756700, -71.13669522)"
I152062469,1402,Vandalism,VANDALISM,E5,662,,2015-07-28 12:00:00,2015,7,Tuesday,12,Part Two,ASHFIELD ST,42.29034473,-71.13090214,"(42.29034473, -71.13090214)"
